student_id,Attendance_Pct,Attendance_Level,Overall_GPA,Academic_Result,Dropout_Risk,Att_Bucket
S10000,33.33,Low (<50%),2.25,Pass,High Risk,25-50%
S10002,25.0,Low (<50%),2.0,Pass,High Risk,0-25%
S10003,0.0,Low (<50%),2.6666666666666665,Pass,High Risk,
S10004,100.0,High (>75%),3.0,Distinction,Low Risk,75-100%
S10005,100.0,High (>75%),3.0,Distinction,Low Risk,75-100%
S10006,50.0,Medium (50-75%),1.0,Fail,High Risk,25-50%
S10007,75.0,High (>75%),2.0,Pass,Low Risk,50-75%
S10008,50.0,Medium (50-75%),2.0,Pass,Low Risk,25-50%
S10009,75.0,High (>75%),1.0,Fail,High Risk,50-75%
S10010,0.0,Low (<50%),2.0,Pass,High Risk,
S10011,50.0,Medium (50-75%),2.0,Pass,Low Risk,25-50%
S10012,50.0,Medium (50-75%),3.0,Distinction,Low Risk,25-50%
S10013,60.0,Medium (50-75%),2.0,Pass,Low Risk,50-75%
S10014,0.0,Low (<50%),1.5,Fail,High Risk,
S10015,66.67,Medium (50-75%),3.0,Distinction,Low Risk,50-75%
S10016,66.67,Medium (50-75%),3.25,Distinction,Low Risk,50-75%
S10017,80.0,High (>75%),2.0,Pass,Low Risk,75-100%
S10018,25.0,Low (<50%),2.0,Pass,High Risk,0-25%
S10019,100.0,High (>75%),0.6666666666666666,Fail,High Risk,75-100%
S10020,66.67,Medium (50-75%),1.1666666666666667,Fail,High Risk,50-75%
S10021,100.0,High (>75%),2.3333333333333335,Pass,Low Risk,75-100%
S10022,71.43,Medium (50-75%),2.0,Pass,Low Risk,50-75%
S10023,0.0,Low (<50%),3.3333333333333335,Distinction,High Risk,
S10024,100.0,High (>75%),1.3333333333333333,Fail,High Risk,75-100%
S10025,100.0,High (>75%),2.0,Pass,Low Risk,75-100%
S10026,100.0,High (>75%),0.0,Fail,High Risk,75-100%
S10027,66.67,Medium (50-75%),2.3333333333333335,Pass,Low Risk,50-75%
S10028,33.33,Low (<50%),2.0833333333333335,Pass,High Risk,25-50%
S10030,50.0,Medium (50-75%),1.3333333333333333,Fail,High Risk,25-50%
S10031,50.0,Medium (50-75%),4.0,Distinction,Low Risk,25-50%
S10032,60.0,Medium (50-75%),0.6666666666666666,Fail,High Risk,50-75%
S10033,50.0,Medium (50-75%),3.25,Distinction,Low Risk,25-50%
S10034,50.0,Medium (50-75%),3.0,Distinction,Low Risk,25-50%
S10035,0.0,Low (<50%),4.0,Distinction,High Risk,
S10036,66.67,Medium (50-75%),1.3333333333333333,Fail,High Risk,50-75%
S10037,100.0,High (>75%),1.0,Fail,High Risk,75-100%
S10038,100.0,High (>75%),3.5,Distinction,Low Risk,75-100%
S10039,50.0,Medium (50-75%),0.75,Fail,High Risk,25-50%
S10040,33.33,Low (<50%),2.0,Pass,High Risk,25-50%
S10041,50.0,Medium (50-75%),2.0,Pass,Low Risk,25-50%
S10042,66.67,Medium (50-75%),3.0,Distinction,Low Risk,50-75%
S10043,100.0,High (>75%),1.3333333333333333,Fail,High Risk,75-100%
S10044,100.0,High (>75%),2.25,Pass,Low Risk,75-100%
S10045,66.67,Medium (50-75%),1.5714285714285714,Fail,Low Risk,50-75%
S10046,40.0,Low (<50%),3.0,Distinction,High Risk,25-50%
S10047,75.0,High (>75%),2.25,Pass,Low Risk,50-75%
S10048,66.67,Medium (50-75%),2.0,Pass,Low Risk,50-75%
S10049,0.0,Low (<50%),2.0,Pass,High Risk,
S10050,75.0,High (>75%),2.0,Pass,Low Risk,50-75%
S10051,50.0,Medium (50-75%),3.0,Distinction,Low Risk,25-50%
S10052,100.0,High (>75%),2.0,Pass,Low Risk,75-100%
S10053,50.0,Medium (50-75%),2.2,Pass,Low Risk,25-50%
S10054,66.67,Medium (50-75%),1.25,Fail,High Risk,50-75%
S10055,66.67,Medium (50-75%),2.0,Pass,Low Risk,50-75%
S10056,100.0,High (>75%),1.7142857142857142,Pass,Low Risk,75-100%
S10057,33.33,Low (<50%),2.6666666666666665,Pass,High Risk,25-50%
S10058,75.0,High (>75%),1.6666666666666667,Pass,Low Risk,50-75%
S10059,85.71,High (>75%),0.0,Fail,High Risk,75-100%
S10060,75.0,High (>75%),0.0,Fail,High Risk,50-75%
S10062,60.0,Medium (50-75%),3.2,Distinction,Low Risk,50-75%
S10063,75.0,High (>75%),4.0,Distinction,Low Risk,50-75%
S10064,75.0,High (>75%),2.3333333333333335,Pass,Low Risk,50-75%
S10065,75.0,High (>75%),2.0,Pass,Low Risk,50-75%
S10066,40.0,Low (<50%),2.5,Pass,High Risk,25-50%
S10067,66.67,Medium (50-75%),2.0,Pass,Low Risk,50-75%
S10068,75.0,High (>75%),2.25,Pass,Low Risk,50-75%
S10069,83.33,High (>75%),1.0,Fail,High Risk,75-100%
S10070,83.33,High (>75%),2.5,Pass,Low Risk,75-100%
S10071,100.0,High (>75%),2.7142857142857144,Pass,Low Risk,75-100%
S10072,0.0,Low (<50%),0.0,Fail,High Risk,
S10073,100.0,High (>75%),2.6,Pass,Low Risk,75-100%
S10074,50.0,Medium (50-75%),2.0,Pass,Low Risk,25-50%
S10075,100.0,High (>75%),3.0,Distinction,Low Risk,75-100%
S10076,50.0,Medium (50-75%),3.0,Distinction,Low Risk,25-50%
S10077,75.0,High (>75%),0.0,Fail,High Risk,50-75%
S10078,66.67,Medium (50-75%),2.75,Pass,Low Risk,50-75%
S10079,100.0,High (>75%),2.25,Pass,Low Risk,75-100%
S10080,100.0,High (>75%),1.25,Fail,High Risk,75-100%
S10081,100.0,High (>75%),2.5,Pass,Low Risk,75-100%
S10082,33.33,Low (<50%),4.0,Distinction,High Risk,25-50%
S10083,40.0,Low (<50%),2.5,Pass,High Risk,25-50%
S10084,50.0,Medium (50-75%),1.5,Fail,Low Risk,25-50%
S10085,100.0,High (>75%),2.0,Pass,Low Risk,75-100%
S10086,50.0,Medium (50-75%),3.0,Distinction,Low Risk,25-50%
S10087,33.33,Low (<50%),2.5714285714285716,Pass,High Risk,25-50%
S10088,100.0,High (>75%),2.5,Pass,Low Risk,75-100%
S10089,100.0,High (>75%),0.0,Fail,High Risk,75-100%
S10090,75.0,High (>75%),2.0,Pass,Low Risk,50-75%
S10091,100.0,High (>75%),1.75,Pass,Low Risk,75-100%
S10092,75.0,High (>75%),2.1666666666666665,Pass,Low Risk,50-75%
S10093,0.0,Low (<50%),1.6,Pass,High Risk,
S10094,80.0,High (>75%),2.3333333333333335,Pass,Low Risk,75-100%
S10095,66.67,Medium (50-75%),0.6666666666666666,Fail,High Risk,50-75%
S10096,33.33,Low (<50%),1.0,Fail,High Risk,25-50%
S10097,66.67,Medium (50-75%),2.0,Pass,Low Risk,50-75%
S10098,60.0,Medium (50-75%),1.7142857142857142,Pass,Low Risk,50-75%
S10099,75.0,High (>75%),2.4,Pass,Low Risk,50-75%
S10100,50.0,Medium (50-75%),0.6666666666666666,Fail,High Risk,25-50%
S10101,60.0,Medium (50-75%),2.142857142857143,Pass,Low Risk,50-75%
S10102,33.33,Low (<50%),0.6666666666666666,Fail,High Risk,25-50%
S10103,0.0,Low (<50%),3.2,Distinction,High Risk,
S10104,50.0,Medium (50-75%),2.2,Pass,Low Risk,25-50%
S10105,100.0,High (>75%),2.0,Pass,Low Risk,75-100%
S10106,0.0,Low (<50%),3.0,Distinction,High Risk,
S10107,66.67,Medium (50-75%),1.5,Fail,Low Risk,50-75%
S10108,0.0,Low (<50%),1.5,Fail,High Risk,
S10109,28.57,Low (<50%),1.0,Fail,High Risk,25-50%
S10110,66.67,Medium (50-75%),1.0,Fail,High Risk,50-75%
S10111,57.14,Medium (50-75%),2.3333333333333335,Pass,Low Risk,50-75%
S10112,0.0,Low (<50%),1.75,Pass,High Risk,
S10113,0.0,Low (<50%),1.6666666666666667,Pass,High Risk,
S10114,66.67,Medium (50-75%),1.6666666666666667,Pass,Low Risk,50-75%
S10115,100.0,High (>75%),1.0,Fail,High Risk,75-100%
S10116,50.0,Medium (50-75%),1.5,Fail,Low Risk,25-50%
S10117,100.0,High (>75%),4.0,Distinction,Low Risk,75-100%
S10118,100.0,High (>75%),1.25,Fail,High Risk,75-100%
S10119,0.0,Low (<50%),4.0,Distinction,High Risk,
S10120,50.0,Medium (50-75%),2.142857142857143,Pass,Low Risk,25-50%
S10121,100.0,High (>75%),2.0,Pass,Low Risk,75-100%
S10122,100.0,High (>75%),2.5,Pass,Low Risk,75-100%
S10123,100.0,High (>75%),2.75,Pass,Low Risk,75-100%
S10124,80.0,High (>75%),1.4,Fail,High Risk,75-100%
S10125,50.0,Medium (50-75%),1.0,Fail,High Risk,25-50%
S10126,66.67,Medium (50-75%),2.3333333333333335,Pass,Low Risk,50-75%
S10127,33.33,Low (<50%),3.2,Distinction,High Risk,25-50%
S10128,100.0,High (>75%),1.0,Fail,High Risk,75-100%
S10129,0.0,Low (<50%),2.0,Pass,High Risk,
S10130,100.0,High (>75%),2.5,Pass,Low Risk,75-100%
S10131,100.0,High (>75%),2.0,Pass,Low Risk,75-100%
S10132,60.0,Medium (50-75%),2.0,Pass,Low Risk,50-75%
S10133,50.0,Medium (50-75%),1.0,Fail,High Risk,25-50%
S10134,0.0,Low (<50%),2.4,Pass,High Risk,
S10135,50.0,Medium (50-75%),4.0,Distinction,Low Risk,25-50%
S10136,100.0,High (>75%),2.3333333333333335,Pass,Low Risk,75-100%
S10137,50.0,Medium (50-75%),1.6666666666666667,Pass,Low Risk,25-50%
S10138,75.0,High (>75%),3.0,Distinction,Low Risk,50-75%
S10139,50.0,Medium (50-75%),1.75,Pass,Low Risk,25-50%
S10140,66.67,Medium (50-75%),2.4,Pass,Low Risk,50-75%
S10141,66.67,Medium (50-75%),2.3333333333333335,Pass,Low Risk,50-75%
S10142,100.0,High (>75%),1.5,Fail,Low Risk,75-100%
S10144,33.33,Low (<50%),1.0,Fail,High Risk,25-50%
S10145,100.0,High (>75%),2.0,Pass,Low Risk,75-100%
S10146,50.0,Medium (50-75%),3.0,Distinction,Low Risk,25-50%
S10147,100.0,High (>75%),3.6666666666666665,Distinction,Low Risk,75-100%
S10148,100.0,High (>75%),0.3333333333333333,Fail,High Risk,75-100%
S10149,100.0,High (>75%),2.3333333333333335,Pass,Low Risk,75-100%
S10150,42.86,Low (<50%),3.0,Distinction,High Risk,25-50%
S10151,100.0,High (>75%),2.6666666666666665,Pass,Low Risk,75-100%
S10152,50.0,Medium (50-75%),2.3333333333333335,Pass,Low Risk,25-50%
S10153,100.0,High (>75%),2.0,Pass,Low Risk,75-100%
S10154,66.67,Medium (50-75%),2.75,Pass,Low Risk,50-75%
S10155,100.0,High (>75%),1.8,Pass,Low Risk,75-100%
S10156,100.0,High (>75%),2.0,Pass,Low Risk,75-100%
S10157,100.0,High (>75%),2.142857142857143,Pass,Low Risk,75-100%
S10158,60.0,Medium (50-75%),1.3333333333333333,Fail,High Risk,50-75%
S10160,100.0,High (>75%),2.0,Pass,Low Risk,75-100%
S10161,33.33,Low (<50%),1.8,Pass,High Risk,25-50%
S10162,100.0,High (>75%),1.2,Fail,High Risk,75-100%
S10163,50.0,Medium (50-75%),3.0,Distinction,Low Risk,25-50%
S10164,66.67,Medium (50-75%),1.75,Pass,Low Risk,50-75%
S10165,100.0,High (>75%),1.5,Fail,Low Risk,75-100%
S10166,66.67,Medium (50-75%),0.8333333333333334,Fail,High Risk,50-75%
S10167,75.0,High (>75%),4.0,Distinction,Low Risk,50-75%
S10168,66.67,Medium (50-75%),2.0,Pass,Low Risk,50-75%
S10169,66.67,Medium (50-75%),2.5,Pass,Low Risk,50-75%
S10170,100.0,High (>75%),4.0,Distinction,Low Risk,75-100%
S10171,80.0,High (>75%),1.6666666666666667,Pass,Low Risk,75-100%
S10173,100.0,High (>75%),0.0,Fail,High Risk,75-100%
S10174,66.67,Medium (50-75%),2.2,Pass,Low Risk,50-75%
S10175,100.0,High (>75%),1.75,Pass,Low Risk,75-100%
S10176,66.67,Medium (50-75%),2.5,Pass,Low Risk,50-75%
S10177,50.0,Medium (50-75%),2.0,Pass,Low Risk,25-50%
S10178,100.0,High (>75%),1.0,Fail,High Risk,75-100%
S10179,66.67,Medium (50-75%),3.3333333333333335,Distinction,Low Risk,50-75%
S10180,50.0,Medium (50-75%),1.0,Fail,High Risk,25-50%
S10181,100.0,High (>75%),2.25,Pass,Low Risk,75-100%
S10182,50.0,Medium (50-75%),2.0,Pass,Low Risk,25-50%
S10183,33.33,Low (<50%),1.5,Fail,High Risk,25-50%
S10184,60.0,Medium (50-75%),2.0,Pass,Low Risk,50-75%
S10185,0.0,Low (<50%),2.5,Pass,High Risk,
S10187,40.0,Low (<50%),1.6,Pass,High Risk,25-50%
S10188,0.0,Low (<50%),2.3333333333333335,Pass,High Risk,
S10189,50.0,Medium (50-75%),2.6666666666666665,Pass,Low Risk,25-50%
S10190,75.0,High (>75%),1.0,Fail,High Risk,50-75%
S10191,66.67,Medium (50-75%),3.0,Distinction,Low Risk,50-75%
S10192,50.0,Medium (50-75%),1.8,Pass,Low Risk,25-50%
S10193,37.5,Low (<50%),2.2,Pass,High Risk,25-50%
S10194,100.0,High (>75%),2.0,Pass,Low Risk,75-100%
S10195,100.0,High (>75%),1.3333333333333333,Fail,High Risk,75-100%
S10196,50.0,Medium (50-75%),2.5,Pass,Low Risk,25-50%
S10197,0.0,Low (<50%),1.0,Fail,High Risk,
S10198,50.0,Medium (50-75%),0.5,Fail,High Risk,25-50%
S10200,100.0,High (>75%),2.3333333333333335,Pass,Low Risk,75-100%
S10201,66.67,Medium (50-75%),2.0,Pass,Low Risk,50-75%
S10202,66.67,Medium (50-75%),2.0,Pass,Low Risk,50-75%
S10203,100.0,High (>75%),0.0,Fail,High Risk,75-100%
S10204,100.0,High (>75%),1.8571428571428572,Pass,Low Risk,75-100%
S10205,80.0,High (>75%),2.4,Pass,Low Risk,75-100%
S10206,60.0,Medium (50-75%),1.3333333333333333,Fail,High Risk,50-75%
S10207,100.0,High (>75%),1.0,Fail,High Risk,75-100%
S10208,50.0,Medium (50-75%),2.0,Pass,Low Risk,25-50%
S10209,50.0,Medium (50-75%),1.75,Pass,Low Risk,25-50%
S10210,100.0,High (>75%),2.0,Pass,Low Risk,75-100%
S10211,100.0,High (>75%),0.0,Fail,High Risk,75-100%
S10212,100.0,High (>75%),2.2,Pass,Low Risk,75-100%
S10213,83.33,High (>75%),2.0,Pass,Low Risk,75-100%
S10214,50.0,Medium (50-75%),2.6666666666666665,Pass,Low Risk,25-50%
S10215,80.0,High (>75%),1.75,Pass,Low Risk,75-100%
S10216,33.33,Low (<50%),1.6,Pass,High Risk,25-50%
S10217,100.0,High (>75%),0.0,Fail,High Risk,75-100%
S10218,50.0,Medium (50-75%),2.5,Pass,Low Risk,25-50%
S10219,60.0,Medium (50-75%),2.8,Pass,Low Risk,50-75%
S10220,25.0,Low (<50%),0.0,Fail,High Risk,0-25%
S10221,100.0,High (>75%),2.0,Pass,Low Risk,75-100%
S10222,100.0,High (>75%),3.0,Distinction,Low Risk,75-100%
S10223,50.0,Medium (50-75%),1.75,Pass,Low Risk,25-50%
S10224,75.0,High (>75%),0.0,Fail,High Risk,50-75%
S10225,50.0,Medium (50-75%),2.5,Pass,Low Risk,25-50%
S10226,100.0,High (>75%),1.0,Fail,High Risk,75-100%
S10227,0.0,Low (<50%),2.1666666666666665,Pass,High Risk,
S10228,100.0,High (>75%),2.0,Pass,Low Risk,75-100%
S10229,75.0,High (>75%),1.5,Fail,Low Risk,50-75%
S10230,60.0,Medium (50-75%),1.0,Fail,High Risk,50-75%
S10231,50.0,Medium (50-75%),0.0,Fail,High Risk,25-50%
S10232,100.0,High (>75%),2.8,Pass,Low Risk,75-100%
S10233,66.67,Medium (50-75%),1.4,Fail,High Risk,50-75%
S10234,60.0,Medium (50-75%),1.5,Fail,Low Risk,50-75%
S10235,50.0,Medium (50-75%),2.0,Pass,Low Risk,25-50%
S10236,100.0,High (>75%),2.2,Pass,Low Risk,75-100%
S10237,50.0,Medium (50-75%),2.3333333333333335,Pass,Low Risk,25-50%
S10238,75.0,High (>75%),2.0,Pass,Low Risk,50-75%
S10239,85.71,High (>75%),1.6666666666666667,Pass,Low Risk,75-100%
S10240,40.0,Low (<50%),3.0,Distinction,High Risk,25-50%
S10241,0.0,Low (<50%),2.8333333333333335,Pass,High Risk,
S10242,100.0,High (>75%),2.1666666666666665,Pass,Low Risk,75-100%
S10243,100.0,High (>75%),2.6666666666666665,Pass,Low Risk,75-100%
S10244,50.0,Medium (50-75%),0.6666666666666666,Fail,High Risk,25-50%
S10245,40.0,Low (<50%),1.8,Pass,High Risk,25-50%
S10246,66.67,Medium (50-75%),1.4,Fail,High Risk,50-75%
S10247,50.0,Medium (50-75%),2.0,Pass,Low Risk,25-50%
S10248,100.0,High (>75%),1.5,Fail,Low Risk,75-100%
S10249,100.0,High (>75%),3.5,Distinction,Low Risk,75-100%
S10250,50.0,Medium (50-75%),2.3333333333333335,Pass,Low Risk,25-50%
S10251,75.0,High (>75%),3.0,Distinction,Low Risk,50-75%
S10253,100.0,High (>75%),0.0,Fail,High Risk,75-100%
S10254,60.0,Medium (50-75%),1.8333333333333333,Pass,Low Risk,50-75%
S10255,50.0,Medium (50-75%),1.6666666666666667,Pass,Low Risk,25-50%
S10256,40.0,Low (<50%),3.2,Distinction,High Risk,25-50%
S10257,50.0,Medium (50-75%),1.6666666666666667,Pass,Low Risk,25-50%
S10258,75.0,High (>75%),2.0,Pass,Low Risk,50-75%
S10259,25.0,Low (<50%),2.0,Pass,High Risk,0-25%
S10260,100.0,High (>75%),2.0,Pass,Low Risk,75-100%
S10261,0.0,Low (<50%),2.5,Pass,High Risk,
S10262,100.0,High (>75%),2.0,Pass,Low Risk,75-100%
S10263,50.0,Medium (50-75%),2.6,Pass,Low Risk,25-50%
S10264,100.0,High (>75%),2.3333333333333335,Pass,Low Risk,75-100%
S10265,100.0,High (>75%),1.6666666666666667,Pass,Low Risk,75-100%
S10266,100.0,High (>75%),0.0,Fail,High Risk,75-100%
S10267,42.86,Low (<50%),2.25,Pass,High Risk,25-50%
S10268,71.43,Medium (50-75%),2.0,Pass,Low Risk,50-75%
S10269,66.67,Medium (50-75%),1.8,Pass,Low Risk,50-75%
S10271,50.0,Medium (50-75%),2.8,Pass,Low Risk,25-50%
S10272,0.0,Low (<50%),1.3333333333333333,Fail,High Risk,
S10274,75.0,High (>75%),1.0,Fail,High Risk,50-75%
S10275,50.0,Medium (50-75%),3.0,Distinction,Low Risk,25-50%
S10276,25.0,Low (<50%),2.6666666666666665,Pass,High Risk,0-25%
S10277,100.0,High (>75%),3.0,Distinction,Low Risk,75-100%
S10278,100.0,High (>75%),0.6666666666666666,Fail,High Risk,75-100%
S10279,50.0,Medium (50-75%),2.6666666666666665,Pass,Low Risk,25-50%
S10280,50.0,Medium (50-75%),1.3333333333333333,Fail,High Risk,25-50%
S10281,100.0,High (>75%),0.6666666666666666,Fail,High Risk,75-100%
S10282,80.0,High (>75%),0.0,Fail,High Risk,75-100%
S10283,100.0,High (>75%),2.3333333333333335,Pass,Low Risk,75-100%
S10284,50.0,Medium (50-75%),1.0,Fail,High Risk,25-50%
S10285,0.0,Low (<50%),1.3333333333333333,Fail,High Risk,
S10286,66.67,Medium (50-75%),2.6666666666666665,Pass,Low Risk,50-75%
S10287,100.0,High (>75%),2.0,Pass,Low Risk,75-100%
S10288,60.0,Medium (50-75%),2.125,Pass,Low Risk,50-75%
S10289,50.0,Medium (50-75%),0.3333333333333333,Fail,High Risk,25-50%
S10290,100.0,High (>75%),1.0,Fail,High Risk,75-100%
S10291,100.0,High (>75%),1.75,Pass,Low Risk,75-100%
S10292,100.0,High (>75%),1.6666666666666667,Pass,Low Risk,75-100%
S10293,80.0,High (>75%),0.5,Fail,High Risk,75-100%
S10295,66.67,Medium (50-75%),2.5,Pass,Low Risk,50-75%
S10296,60.0,Medium (50-75%),1.5,Fail,Low Risk,50-75%
S10297,16.67,Low (<50%),2.6666666666666665,Pass,High Risk,0-25%
S10298,60.0,Medium (50-75%),3.0,Distinction,Low Risk,50-75%
S10299,20.0,Low (<50%),2.3333333333333335,Pass,High Risk,0-25%
S10300,50.0,Medium (50-75%),2.0,Pass,Low Risk,25-50%
S10301,100.0,High (>75%),2.5,Pass,Low Risk,75-100%
S10302,66.67,Medium (50-75%),0.3333333333333333,Fail,High Risk,50-75%
S10303,100.0,High (>75%),1.6666666666666667,Pass,Low Risk,75-100%
S10304,80.0,High (>75%),1.6666666666666667,Pass,Low Risk,75-100%
S10305,66.67,Medium (50-75%),1.5,Fail,Low Risk,50-75%
S10306,100.0,High (>75%),2.8333333333333335,Pass,Low Risk,75-100%
S10307,60.0,Medium (50-75%),2.3,Pass,Low Risk,50-75%
S10308,50.0,Medium (50-75%),2.2,Pass,Low Risk,25-50%
S10309,60.0,Medium (50-75%),2.6666666666666665,Pass,Low Risk,50-75%
S10311,60.0,Medium (50-75%),3.3333333333333335,Distinction,Low Risk,50-75%
S10312,66.67,Medium (50-75%),1.8,Pass,Low Risk,50-75%
S10313,33.33,Low (<50%),1.6666666666666667,Pass,High Risk,25-50%
S10314,50.0,Medium (50-75%),1.6666666666666667,Pass,Low Risk,25-50%
S10315,100.0,High (>75%),2.3333333333333335,Pass,Low Risk,75-100%
S10316,100.0,High (>75%),2.0,Pass,Low Risk,75-100%
S10317,50.0,Medium (50-75%),3.0,Distinction,Low Risk,25-50%
S10318,50.0,Medium (50-75%),2.0,Pass,Low Risk,25-50%
S10319,75.0,High (>75%),1.25,Fail,High Risk,50-75%
S10320,50.0,Medium (50-75%),0.5,Fail,High Risk,25-50%
S10322,75.0,High (>75%),0.0,Fail,High Risk,50-75%
S10323,0.0,Low (<50%),2.3333333333333335,Pass,High Risk,
S10324,60.0,Medium (50-75%),0.0,Fail,High Risk,50-75%
S10325,60.0,Medium (50-75%),2.3333333333333335,Pass,Low Risk,50-75%
S10326,80.0,High (>75%),3.0,Distinction,Low Risk,75-100%
S10327,50.0,Medium (50-75%),2.0,Pass,Low Risk,25-50%
S10328,50.0,Medium (50-75%),2.6666666666666665,Pass,Low Risk,25-50%
S10329,50.0,Medium (50-75%),3.0,Distinction,Low Risk,25-50%
S10330,100.0,High (>75%),1.0,Fail,High Risk,75-100%
S10331,33.33,Low (<50%),2.3333333333333335,Pass,High Risk,25-50%
S10332,33.33,Low (<50%),2.2857142857142856,Pass,High Risk,25-50%
S10333,100.0,High (>75%),0.0,Fail,High Risk,75-100%
S10334,100.0,High (>75%),4.0,Distinction,Low Risk,75-100%
S10335,33.33,Low (<50%),2.0,Pass,High Risk,25-50%
S10336,33.33,Low (<50%),2.0,Pass,High Risk,25-50%
S10337,0.0,Low (<50%),2.0,Pass,High Risk,
S10338,100.0,High (>75%),4.0,Distinction,Low Risk,75-100%
S10339,0.0,Low (<50%),3.0,Distinction,High Risk,
S10340,75.0,High (>75%),1.0,Fail,High Risk,50-75%
S10341,66.67,Medium (50-75%),0.5,Fail,High Risk,50-75%
S10342,66.67,Medium (50-75%),1.75,Pass,Low Risk,50-75%
S10343,50.0,Medium (50-75%),2.0,Pass,Low Risk,25-50%
S10344,50.0,Medium (50-75%),2.1666666666666665,Pass,Low Risk,25-50%
S10345,100.0,High (>75%),2.5,Pass,Low Risk,75-100%
S10346,40.0,Low (<50%),1.8,Pass,High Risk,25-50%
S10347,100.0,High (>75%),3.0,Distinction,Low Risk,75-100%
S10348,50.0,Medium (50-75%),1.0,Fail,High Risk,25-50%
S10349,66.67,Medium (50-75%),1.0,Fail,High Risk,50-75%
S10350,75.0,High (>75%),1.8333333333333333,Pass,Low Risk,50-75%
S10351,66.67,Medium (50-75%),0.6666666666666666,Fail,High Risk,50-75%
S10352,100.0,High (>75%),3.0,Distinction,Low Risk,75-100%
S10353,100.0,High (>75%),0.3333333333333333,Fail,High Risk,75-100%
S10354,60.0,Medium (50-75%),2.25,Pass,Low Risk,50-75%
S10355,75.0,High (>75%),2.3333333333333335,Pass,Low Risk,50-75%
S10357,66.67,Medium (50-75%),2.2,Pass,Low Risk,50-75%
S10358,100.0,High (>75%),1.4,Fail,High Risk,75-100%
S10359,100.0,High (>75%),2.5,Pass,Low Risk,75-100%
S10361,83.33,High (>75%),3.0,Distinction,Low Risk,75-100%
S10362,25.0,Low (<50%),2.6666666666666665,Pass,High Risk,0-25%
S10363,66.67,Medium (50-75%),2.25,Pass,Low Risk,50-75%
S10364,60.0,Medium (50-75%),2.0,Pass,Low Risk,50-75%
S10365,66.67,Medium (50-75%),2.5,Pass,Low Risk,50-75%
S10366,100.0,High (>75%),3.0,Distinction,Low Risk,75-100%
S10367,50.0,Medium (50-75%),1.0,Fail,High Risk,25-50%
S10368,100.0,High (>75%),0.0,Fail,High Risk,75-100%
S10369,40.0,Low (<50%),2.5,Pass,High Risk,25-50%
S10370,100.0,High (>75%),3.0,Distinction,Low Risk,75-100%
S10371,100.0,High (>75%),1.6,Pass,Low Risk,75-100%
S10372,100.0,High (>75%),2.0,Pass,Low Risk,75-100%
S10373,100.0,High (>75%),3.0,Distinction,Low Risk,75-100%
S10374,50.0,Medium (50-75%),2.0,Pass,Low Risk,25-50%
S10375,75.0,High (>75%),1.8,Pass,Low Risk,50-75%
S10376,50.0,Medium (50-75%),2.0,Pass,Low Risk,25-50%
S10377,75.0,High (>75%),2.6666666666666665,Pass,Low Risk,50-75%
S10378,100.0,High (>75%),2.0,Pass,Low Risk,75-100%
S10379,33.33,Low (<50%),2.25,Pass,High Risk,25-50%
S10380,50.0,Medium (50-75%),1.0,Fail,High Risk,25-50%
S10381,80.0,High (>75%),3.5,Distinction,Low Risk,75-100%
S10382,60.0,Medium (50-75%),1.75,Pass,Low Risk,50-75%
S10384,50.0,Medium (50-75%),0.0,Fail,High Risk,25-50%
S10385,66.67,Medium (50-75%),1.3333333333333333,Fail,High Risk,50-75%
S10386,71.43,Medium (50-75%),2.0,Pass,Low Risk,50-75%
S10387,80.0,High (>75%),2.5,Pass,Low Risk,75-100%
S10388,0.0,Low (<50%),3.3333333333333335,Distinction,High Risk,
S10389,50.0,Medium (50-75%),2.0,Pass,Low Risk,25-50%
S10390,100.0,High (>75%),2.0,Pass,Low Risk,75-100%
S10391,40.0,Low (<50%),1.75,Pass,High Risk,25-50%
S10392,100.0,High (>75%),2.25,Pass,Low Risk,75-100%
S10393,50.0,Medium (50-75%),2.0,Pass,Low Risk,25-50%
S10394,50.0,Medium (50-75%),2.0,Pass,Low Risk,25-50%
S10395,50.0,Medium (50-75%),3.3333333333333335,Distinction,Low Risk,25-50%
S10396,100.0,High (>75%),3.0,Distinction,Low Risk,75-100%
S10397,50.0,Medium (50-75%),0.5,Fail,High Risk,25-50%
S10398,100.0,High (>75%),1.75,Pass,Low Risk,75-100%
S10400,50.0,Medium (50-75%),2.5,Pass,Low Risk,25-50%
S10401,100.0,High (>75%),1.0,Fail,High Risk,75-100%
S10402,100.0,High (>75%),1.8,Pass,Low Risk,75-100%
S10403,100.0,High (>75%),2.5555555555555554,Pass,Low Risk,75-100%
S10404,0.0,Low (<50%),2.0,Pass,High Risk,
S10405,100.0,High (>75%),1.8,Pass,Low Risk,75-100%
S10406,100.0,High (>75%),2.3333333333333335,Pass,Low Risk,75-100%
S10407,60.0,Medium (50-75%),1.0,Fail,High Risk,50-75%
S10408,50.0,Medium (50-75%),3.0,Distinction,Low Risk,25-50%
S10409,50.0,Medium (50-75%),3.0,Distinction,Low Risk,25-50%
S10410,100.0,High (>75%),2.3333333333333335,Pass,Low Risk,75-100%
S10411,66.67,Medium (50-75%),1.8333333333333333,Pass,Low Risk,50-75%
S10412,100.0,High (>75%),1.0,Fail,High Risk,75-100%
S10413,0.0,Low (<50%),1.2857142857142858,Fail,High Risk,
S10414,0.0,Low (<50%),2.1666666666666665,Pass,High Risk,
S10415,100.0,High (>75%),1.5,Fail,Low Risk,75-100%
S10416,75.0,High (>75%),0.8,Fail,High Risk,50-75%
S10417,50.0,Medium (50-75%),3.0,Distinction,Low Risk,25-50%
S10418,66.67,Medium (50-75%),0.0,Fail,High Risk,50-75%
S10419,100.0,High (>75%),1.75,Pass,Low Risk,75-100%
S10420,66.67,Medium (50-75%),1.0,Fail,High Risk,50-75%
S10421,100.0,High (>75%),2.0,Pass,Low Risk,75-100%
S10422,50.0,Medium (50-75%),2.0,Pass,Low Risk,25-50%
S10424,66.67,Medium (50-75%),2.0,Pass,Low Risk,50-75%
S10425,66.67,Medium (50-75%),2.3333333333333335,Pass,Low Risk,50-75%
S10426,50.0,Medium (50-75%),1.8,Pass,Low Risk,25-50%
S10427,80.0,High (>75%),1.5,Fail,Low Risk,75-100%
S10428,75.0,High (>75%),2.6666666666666665,Pass,Low Risk,50-75%
S10429,50.0,Medium (50-75%),2.5,Pass,Low Risk,25-50%
S10431,40.0,Low (<50%),2.8,Pass,High Risk,25-50%
S10432,83.33,High (>75%),1.3333333333333333,Fail,High Risk,75-100%
S10433,66.67,Medium (50-75%),2.0,Pass,Low Risk,50-75%
S10434,50.0,Medium (50-75%),2.25,Pass,Low Risk,25-50%
S10435,100.0,High (>75%),1.8571428571428572,Pass,Low Risk,75-100%
S10436,66.67,Medium (50-75%),0.5,Fail,High Risk,50-75%
S10437,100.0,High (>75%),3.0,Distinction,Low Risk,75-100%
S10438,50.0,Medium (50-75%),2.0,Pass,Low Risk,25-50%
S10439,100.0,High (>75%),2.5,Pass,Low Risk,75-100%
S10440,50.0,Medium (50-75%),0.0,Fail,High Risk,25-50%
S10441,100.0,High (>75%),4.0,Distinction,Low Risk,75-100%
S10442,100.0,High (>75%),2.6666666666666665,Pass,Low Risk,75-100%
S10443,66.67,Medium (50-75%),1.25,Fail,High Risk,50-75%
S10444,100.0,High (>75%),2.25,Pass,Low Risk,75-100%
S10445,50.0,Medium (50-75%),4.0,Distinction,Low Risk,25-50%
S10446,100.0,High (>75%),2.0,Pass,Low Risk,75-100%
S10447,66.67,Medium (50-75%),1.6666666666666667,Pass,Low Risk,50-75%
S10449,60.0,Medium (50-75%),2.0,Pass,Low Risk,50-75%
S10450,100.0,High (>75%),1.0,Fail,High Risk,75-100%
S10451,66.67,Medium (50-75%),1.8,Pass,Low Risk,50-75%
S10452,80.0,High (>75%),2.3333333333333335,Pass,Low Risk,75-100%
S10453,66.67,Medium (50-75%),2.5,Pass,Low Risk,50-75%
S10454,66.67,Medium (50-75%),2.0,Pass,Low Risk,50-75%
S10455,0.0,Low (<50%),2.3333333333333335,Pass,High Risk,
S10456,66.67,Medium (50-75%),1.6666666666666667,Pass,Low Risk,50-75%
S10457,100.0,High (>75%),2.0,Pass,Low Risk,75-100%
S10458,0.0,Low (<50%),3.3333333333333335,Distinction,High Risk,
S10459,100.0,High (>75%),3.0,Distinction,Low Risk,75-100%
S10460,100.0,High (>75%),2.2857142857142856,Pass,Low Risk,75-100%
S10461,100.0,High (>75%),3.0,Distinction,Low Risk,75-100%
S10463,80.0,High (>75%),2.0,Pass,Low Risk,75-100%
S10464,66.67,Medium (50-75%),0.0,Fail,High Risk,50-75%
S10465,80.0,High (>75%),1.3333333333333333,Fail,High Risk,75-100%
S10466,0.0,Low (<50%),2.0,Pass,High Risk,
S10467,0.0,Low (<50%),1.0,Fail,High Risk,
S10468,100.0,High (>75%),2.0,Pass,Low Risk,75-100%
S10469,66.67,Medium (50-75%),2.0,Pass,Low Risk,50-75%
S10470,57.14,Medium (50-75%),1.0,Fail,High Risk,50-75%
S10471,0.0,Low (<50%),4.0,Distinction,High Risk,
S10472,75.0,High (>75%),1.0,Fail,High Risk,50-75%
S10473,50.0,Medium (50-75%),1.3333333333333333,Fail,High Risk,25-50%
S10474,100.0,High (>75%),1.75,Pass,Low Risk,75-100%
S10475,100.0,High (>75%),1.0,Fail,High Risk,75-100%
S10476,50.0,Medium (50-75%),2.3333333333333335,Pass,Low Risk,25-50%
S10477,100.0,High (>75%),3.0,Distinction,Low Risk,75-100%
S10478,50.0,Medium (50-75%),2.0,Pass,Low Risk,25-50%
S10479,100.0,High (>75%),2.6666666666666665,Pass,Low Risk,75-100%
S10480,100.0,High (>75%),1.6,Pass,Low Risk,75-100%
S10481,33.33,Low (<50%),1.5,Fail,High Risk,25-50%
S10482,71.43,Medium (50-75%),4.0,Distinction,Low Risk,50-75%
S10483,33.33,Low (<50%),2.0,Pass,High Risk,25-50%
S10484,66.67,Medium (50-75%),4.0,Distinction,Low Risk,50-75%
S10485,25.0,Low (<50%),1.5,Fail,High Risk,0-25%
S10486,60.0,Medium (50-75%),1.5,Fail,Low Risk,50-75%
S10487,50.0,Medium (50-75%),1.75,Pass,Low Risk,25-50%
S10488,50.0,Medium (50-75%),3.0,Distinction,Low Risk,25-50%
S10489,66.67,Medium (50-75%),2.125,Pass,Low Risk,50-75%
S10490,100.0,High (>75%),0.75,Fail,High Risk,75-100%
S10491,66.67,Medium (50-75%),2.5,Pass,Low Risk,50-75%
S10492,100.0,High (>75%),2.6666666666666665,Pass,Low Risk,75-100%
S10493,50.0,Medium (50-75%),2.2,Pass,Low Risk,25-50%
S10494,33.33,Low (<50%),0.6666666666666666,Fail,High Risk,25-50%
S10495,100.0,High (>75%),1.6666666666666667,Pass,Low Risk,75-100%
S10496,50.0,Medium (50-75%),2.0,Pass,Low Risk,25-50%
S10497,100.0,High (>75%),0.5,Fail,High Risk,75-100%
S10498,66.67,Medium (50-75%),2.0,Pass,Low Risk,50-75%
S10499,33.33,Low (<50%),2.4,Pass,High Risk,25-50%
S10500,50.0,Medium (50-75%),3.0,Distinction,Low Risk,25-50%
S10501,100.0,High (>75%),2.1666666666666665,Pass,Low Risk,75-100%
S10502,66.67,Medium (50-75%),1.6666666666666667,Pass,Low Risk,50-75%
S10503,0.0,Low (<50%),3.3333333333333335,Distinction,High Risk,
S10504,66.67,Medium (50-75%),2.6666666666666665,Pass,Low Risk,50-75%
S10505,83.33,High (>75%),1.875,Pass,Low Risk,75-100%
S10506,50.0,Medium (50-75%),1.6666666666666667,Pass,Low Risk,25-50%
S10507,80.0,High (>75%),3.3333333333333335,Distinction,Low Risk,75-100%
S10508,100.0,High (>75%),2.25,Pass,Low Risk,75-100%
S10509,75.0,High (>75%),2.0,Pass,Low Risk,50-75%
S10510,83.33,High (>75%),2.0,Pass,Low Risk,75-100%
S10511,50.0,Medium (50-75%),2.0,Pass,Low Risk,25-50%
S10512,100.0,High (>75%),2.0,Pass,Low Risk,75-100%
S10513,66.67,Medium (50-75%),2.25,Pass,Low Risk,50-75%
S10514,50.0,Medium (50-75%),3.6666666666666665,Distinction,Low Risk,25-50%
S10515,0.0,Low (<50%),2.25,Pass,High Risk,
S10516,75.0,High (>75%),4.0,Distinction,Low Risk,50-75%
S10517,60.0,Medium (50-75%),2.2,Pass,Low Risk,50-75%
S10518,100.0,High (>75%),1.75,Pass,Low Risk,75-100%
S10519,33.33,Low (<50%),2.0,Pass,High Risk,25-50%
S10520,50.0,Medium (50-75%),2.0,Pass,Low Risk,25-50%
S10521,100.0,High (>75%),3.0,Distinction,Low Risk,75-100%
S10522,50.0,Medium (50-75%),2.2,Pass,Low Risk,25-50%
S10523,100.0,High (>75%),2.0,Pass,Low Risk,75-100%
S10524,50.0,Medium (50-75%),2.6666666666666665,Pass,Low Risk,25-50%
S10525,0.0,Low (<50%),2.5,Pass,High Risk,
S10526,100.0,High (>75%),1.4,Fail,High Risk,75-100%
S10527,50.0,Medium (50-75%),2.0,Pass,Low Risk,25-50%
S10528,50.0,Medium (50-75%),0.0,Fail,High Risk,25-50%
S10529,100.0,High (>75%),1.4,Fail,High Risk,75-100%
S10530,100.0,High (>75%),3.0,Distinction,Low Risk,75-100%
S10531,60.0,Medium (50-75%),1.6666666666666667,Pass,Low Risk,50-75%
S10532,100.0,High (>75%),1.3333333333333333,Fail,High Risk,75-100%
S10533,0.0,Low (<50%),2.25,Pass,High Risk,
S10534,85.71,High (>75%),2.0,Pass,Low Risk,75-100%
S10535,60.0,Medium (50-75%),0.0,Fail,High Risk,50-75%
S10536,66.67,Medium (50-75%),3.0,Distinction,Low Risk,50-75%
S10537,0.0,Low (<50%),1.0,Fail,High Risk,
S10538,80.0,High (>75%),1.75,Pass,Low Risk,75-100%
S10539,66.67,Medium (50-75%),1.8571428571428572,Pass,Low Risk,50-75%
S10540,66.67,Medium (50-75%),3.2,Distinction,Low Risk,50-75%
S10541,60.0,Medium (50-75%),2.3333333333333335,Pass,Low Risk,50-75%
S10542,75.0,High (>75%),2.0,Pass,Low Risk,50-75%
S10543,80.0,High (>75%),2.5,Pass,Low Risk,75-100%
S10544,57.14,Medium (50-75%),0.5,Fail,High Risk,50-75%
S10545,66.67,Medium (50-75%),2.3333333333333335,Pass,Low Risk,50-75%
S10546,66.67,Medium (50-75%),0.0,Fail,High Risk,50-75%
S10547,66.67,Medium (50-75%),2.6666666666666665,Pass,Low Risk,50-75%
S10548,0.0,Low (<50%),1.2,Fail,High Risk,
S10549,80.0,High (>75%),1.5,Fail,Low Risk,75-100%
S10550,71.43,Medium (50-75%),1.5,Fail,Low Risk,50-75%
S10551,66.67,Medium (50-75%),2.0,Pass,Low Risk,50-75%
S10552,66.67,Medium (50-75%),1.8,Pass,Low Risk,50-75%
S10553,50.0,Medium (50-75%),4.0,Distinction,Low Risk,25-50%
S10554,33.33,Low (<50%),2.25,Pass,High Risk,25-50%
S10555,80.0,High (>75%),1.5,Fail,Low Risk,75-100%
S10556,100.0,High (>75%),0.0,Fail,High Risk,75-100%
S10557,71.43,Medium (50-75%),3.3333333333333335,Distinction,Low Risk,50-75%
S10558,75.0,High (>75%),1.6,Pass,Low Risk,50-75%
S10559,66.67,Medium (50-75%),2.4,Pass,Low Risk,50-75%
S10560,60.0,Medium (50-75%),2.111111111111111,Pass,Low Risk,50-75%
S10561,100.0,High (>75%),1.8571428571428572,Pass,Low Risk,75-100%
S10562,33.33,Low (<50%),3.4,Distinction,High Risk,25-50%
S10563,50.0,Medium (50-75%),3.6666666666666665,Distinction,Low Risk,25-50%
S10565,60.0,Medium (50-75%),1.8,Pass,Low Risk,50-75%
S10566,50.0,Medium (50-75%),2.0,Pass,Low Risk,25-50%
S10567,25.0,Low (<50%),2.2,Pass,High Risk,0-25%
S10568,100.0,High (>75%),1.0,Fail,High Risk,75-100%
S10569,80.0,High (>75%),3.0,Distinction,Low Risk,75-100%
S10570,50.0,Medium (50-75%),2.0,Pass,Low Risk,25-50%
S10571,100.0,High (>75%),1.0,Fail,High Risk,75-100%
S10572,33.33,Low (<50%),3.0,Distinction,High Risk,25-50%
S10573,66.67,Medium (50-75%),2.6666666666666665,Pass,Low Risk,50-75%
S10574,85.71,High (>75%),1.5,Fail,Low Risk,75-100%
S10575,20.0,Low (<50%),2.2,Pass,High Risk,0-25%
S10576,66.67,Medium (50-75%),1.0,Fail,High Risk,50-75%
S10577,66.67,Medium (50-75%),1.8333333333333333,Pass,Low Risk,50-75%
S10578,62.5,Medium (50-75%),1.6,Pass,Low Risk,50-75%
S10579,66.67,Medium (50-75%),1.0,Fail,High Risk,50-75%
S10581,100.0,High (>75%),3.0,Distinction,Low Risk,75-100%
S10582,50.0,Medium (50-75%),1.5,Fail,Low Risk,25-50%
S10583,66.67,Medium (50-75%),2.0,Pass,Low Risk,50-75%
S10584,66.67,Medium (50-75%),2.5,Pass,Low Risk,50-75%
S10585,66.67,Medium (50-75%),2.25,Pass,Low Risk,50-75%
S10586,50.0,Medium (50-75%),1.6666666666666667,Pass,Low Risk,25-50%
S10587,60.0,Medium (50-75%),2.6666666666666665,Pass,Low Risk,50-75%
S10588,100.0,High (>75%),2.0,Pass,Low Risk,75-100%
S10589,100.0,High (>75%),0.0,Fail,High Risk,75-100%
S10590,100.0,High (>75%),1.2,Fail,High Risk,75-100%
S10591,0.0,Low (<50%),2.6666666666666665,Pass,High Risk,
S10592,50.0,Medium (50-75%),0.6666666666666666,Fail,High Risk,25-50%
S10593,75.0,High (>75%),1.5,Fail,Low Risk,50-75%
S10594,0.0,Low (<50%),0.0,Fail,High Risk,
S10595,66.67,Medium (50-75%),0.0,Fail,High Risk,50-75%
S10596,40.0,Low (<50%),3.0,Distinction,High Risk,25-50%
S10597,50.0,Medium (50-75%),0.0,Fail,High Risk,25-50%
S10598,100.0,High (>75%),1.6666666666666667,Pass,Low Risk,75-100%
S10599,50.0,Medium (50-75%),1.4,Fail,High Risk,25-50%
S10600,0.0,Low (<50%),2.0,Pass,High Risk,
S10601,50.0,Medium (50-75%),2.3333333333333335,Pass,Low Risk,25-50%
S10602,100.0,High (>75%),1.0,Fail,High Risk,75-100%
S10603,50.0,Medium (50-75%),2.5,Pass,Low Risk,25-50%
S10604,25.0,Low (<50%),4.0,Distinction,High Risk,0-25%
S10605,100.0,High (>75%),3.0,Distinction,Low Risk,75-100%
S10606,66.67,Medium (50-75%),2.0,Pass,Low Risk,50-75%
S10607,100.0,High (>75%),2.0,Pass,Low Risk,75-100%
S10608,66.67,Medium (50-75%),1.3333333333333333,Fail,High Risk,50-75%
S10609,100.0,High (>75%),3.0,Distinction,Low Risk,75-100%
S10610,100.0,High (>75%),3.0,Distinction,Low Risk,75-100%
S10611,75.0,High (>75%),3.6666666666666665,Distinction,Low Risk,50-75%
S10612,100.0,High (>75%),1.4,Fail,High Risk,75-100%
S10613,0.0,Low (<50%),2.0,Pass,High Risk,
S10614,100.0,High (>75%),1.75,Pass,Low Risk,75-100%
S10615,60.0,Medium (50-75%),1.8333333333333333,Pass,Low Risk,50-75%
S10616,0.0,Low (<50%),2.3333333333333335,Pass,High Risk,
S10618,100.0,High (>75%),0.0,Fail,High Risk,75-100%
S10619,100.0,High (>75%),2.0,Pass,Low Risk,75-100%
S10620,100.0,High (>75%),1.6666666666666667,Pass,Low Risk,75-100%
S10621,50.0,Medium (50-75%),1.5,Fail,Low Risk,25-50%
S10622,50.0,Medium (50-75%),1.75,Pass,Low Risk,25-50%
S10623,100.0,High (>75%),3.0,Distinction,Low Risk,75-100%
S10624,33.33,Low (<50%),2.0,Pass,High Risk,25-50%
S10625,66.67,Medium (50-75%),2.5,Pass,Low Risk,50-75%
S10626,66.67,Medium (50-75%),1.0,Fail,High Risk,50-75%
S10627,50.0,Medium (50-75%),2.0,Pass,Low Risk,25-50%
S10628,100.0,High (>75%),2.5,Pass,Low Risk,75-100%
S10629,100.0,High (>75%),1.5,Fail,Low Risk,75-100%
S10630,25.0,Low (<50%),2.3333333333333335,Pass,High Risk,0-25%
S10631,75.0,High (>75%),1.5,Fail,Low Risk,50-75%
S10632,100.0,High (>75%),1.4,Fail,High Risk,75-100%
S10633,66.67,Medium (50-75%),1.8571428571428572,Pass,Low Risk,50-75%
S10634,100.0,High (>75%),2.6666666666666665,Pass,Low Risk,75-100%
S10635,100.0,High (>75%),3.25,Distinction,Low Risk,75-100%
S10636,66.67,Medium (50-75%),1.2,Fail,High Risk,50-75%
S10637,66.67,Medium (50-75%),3.0,Distinction,Low Risk,50-75%
S10638,75.0,High (>75%),2.75,Pass,Low Risk,50-75%
S10639,66.67,Medium (50-75%),0.5,Fail,High Risk,50-75%
S10640,50.0,Medium (50-75%),1.6,Pass,Low Risk,25-50%
S10641,100.0,High (>75%),1.5,Fail,Low Risk,75-100%
S10642,100.0,High (>75%),1.6666666666666667,Pass,Low Risk,75-100%
S10643,66.67,Medium (50-75%),2.0,Pass,Low Risk,50-75%
S10644,66.67,Medium (50-75%),2.3333333333333335,Pass,Low Risk,50-75%
S10645,0.0,Low (<50%),1.6666666666666667,Pass,High Risk,
S10646,0.0,Low (<50%),4.0,Distinction,High Risk,
S10647,100.0,High (>75%),1.8,Pass,Low Risk,75-100%
S10648,100.0,High (>75%),3.1666666666666665,Distinction,Low Risk,75-100%
S10649,100.0,High (>75%),2.1666666666666665,Pass,Low Risk,75-100%
S10650,33.33,Low (<50%),0.0,Fail,High Risk,25-50%
S10651,33.33,Low (<50%),2.6,Pass,High Risk,25-50%
S10652,0.0,Low (<50%),2.3333333333333335,Pass,High Risk,
S10653,75.0,High (>75%),2.2,Pass,Low Risk,50-75%
S10654,100.0,High (>75%),3.142857142857143,Distinction,Low Risk,75-100%
S10655,100.0,High (>75%),2.25,Pass,Low Risk,75-100%
S10656,100.0,High (>75%),3.3333333333333335,Distinction,Low Risk,75-100%
S10657,33.33,Low (<50%),2.0,Pass,High Risk,25-50%
S10658,100.0,High (>75%),4.0,Distinction,Low Risk,75-100%
S10659,100.0,High (>75%),1.0,Fail,High Risk,75-100%
S10660,33.33,Low (<50%),1.3333333333333333,Fail,High Risk,25-50%
S10661,50.0,Medium (50-75%),1.5,Fail,Low Risk,25-50%
S10662,50.0,Medium (50-75%),1.0,Fail,High Risk,25-50%
S10663,100.0,High (>75%),3.3333333333333335,Distinction,Low Risk,75-100%
S10665,50.0,Medium (50-75%),1.75,Pass,Low Risk,25-50%
S10666,100.0,High (>75%),4.0,Distinction,Low Risk,75-100%
S10667,16.67,Low (<50%),2.5,Pass,High Risk,0-25%
S10668,100.0,High (>75%),2.0,Pass,Low Risk,75-100%
S10669,100.0,High (>75%),2.0,Pass,Low Risk,75-100%
S10670,100.0,High (>75%),3.5,Distinction,Low Risk,75-100%
S10671,66.67,Medium (50-75%),2.3333333333333335,Pass,Low Risk,50-75%
S10672,75.0,High (>75%),1.3333333333333333,Fail,High Risk,50-75%
S10674,100.0,High (>75%),2.0,Pass,Low Risk,75-100%
S10675,100.0,High (>75%),2.0,Pass,Low Risk,75-100%
S10676,42.86,Low (<50%),1.0,Fail,High Risk,25-50%
S10677,0.0,Low (<50%),1.5,Fail,High Risk,
S10678,60.0,Medium (50-75%),1.8,Pass,Low Risk,50-75%
S10679,66.67,Medium (50-75%),0.5,Fail,High Risk,50-75%
S10680,100.0,High (>75%),1.4,Fail,High Risk,75-100%
S10681,100.0,High (>75%),3.3333333333333335,Distinction,Low Risk,75-100%
S10682,100.0,High (>75%),0.0,Fail,High Risk,75-100%
S10683,33.33,Low (<50%),2.6666666666666665,Pass,High Risk,25-50%
S10684,50.0,Medium (50-75%),2.0,Pass,Low Risk,25-50%
S10685,100.0,High (>75%),2.4,Pass,Low Risk,75-100%
S10686,50.0,Medium (50-75%),1.5,Fail,Low Risk,25-50%
S10687,100.0,High (>75%),3.0,Distinction,Low Risk,75-100%
S10688,40.0,Low (<50%),2.5,Pass,High Risk,25-50%
S10689,60.0,Medium (50-75%),0.0,Fail,High Risk,50-75%
S10690,33.33,Low (<50%),1.0,Fail,High Risk,25-50%
S10691,50.0,Medium (50-75%),1.0,Fail,High Risk,25-50%
S10692,100.0,High (>75%),2.5,Pass,Low Risk,75-100%
S10693,0.0,Low (<50%),1.6666666666666667,Pass,High Risk,
S10694,60.0,Medium (50-75%),3.5,Distinction,Low Risk,50-75%
S10695,100.0,High (>75%),1.0,Fail,High Risk,75-100%
S10696,50.0,Medium (50-75%),1.6666666666666667,Pass,Low Risk,25-50%
S10697,100.0,High (>75%),2.3333333333333335,Pass,Low Risk,75-100%
S10698,60.0,Medium (50-75%),2.6666666666666665,Pass,Low Risk,50-75%
S10699,100.0,High (>75%),0.5,Fail,High Risk,75-100%
S10700,66.67,Medium (50-75%),1.5,Fail,Low Risk,50-75%
S10701,33.33,Low (<50%),2.0,Pass,High Risk,25-50%
S10702,100.0,High (>75%),2.0,Pass,Low Risk,75-100%
S10703,42.86,Low (<50%),0.6666666666666666,Fail,High Risk,25-50%
S10704,25.0,Low (<50%),0.0,Fail,High Risk,0-25%
S10705,50.0,Medium (50-75%),2.25,Pass,Low Risk,25-50%
S10706,71.43,Medium (50-75%),3.5,Distinction,Low Risk,50-75%
S10707,50.0,Medium (50-75%),3.3333333333333335,Distinction,Low Risk,25-50%
S10708,0.0,Low (<50%),2.3333333333333335,Pass,High Risk,
S10709,33.33,Low (<50%),4.0,Distinction,High Risk,25-50%
S10710,54.55,Medium (50-75%),2.4444444444444446,Pass,Low Risk,50-75%
S10712,33.33,Low (<50%),2.0,Pass,High Risk,25-50%
S10713,100.0,High (>75%),1.5,Fail,Low Risk,75-100%
S10715,50.0,Medium (50-75%),1.6666666666666667,Pass,Low Risk,25-50%
S10716,60.0,Medium (50-75%),1.4545454545454546,Fail,Medium Risk,50-75%
S10717,80.0,High (>75%),1.75,Pass,Low Risk,75-100%
S10718,50.0,Medium (50-75%),2.25,Pass,Low Risk,25-50%
S10719,50.0,Medium (50-75%),1.4,Fail,High Risk,25-50%
S10720,100.0,High (>75%),2.3333333333333335,Pass,Low Risk,75-100%
S10721,66.67,Medium (50-75%),2.0,Pass,Low Risk,50-75%
S10722,100.0,High (>75%),1.0,Fail,High Risk,75-100%
S10723,50.0,Medium (50-75%),2.0,Pass,Low Risk,25-50%
S10724,100.0,High (>75%),1.0,Fail,High Risk,75-100%
S10725,66.67,Medium (50-75%),1.0,Fail,High Risk,50-75%
S10726,100.0,High (>75%),2.0,Pass,Low Risk,75-100%
S10727,100.0,High (>75%),2.0,Pass,Low Risk,75-100%
S10728,50.0,Medium (50-75%),2.8333333333333335,Pass,Low Risk,25-50%
S10729,100.0,High (>75%),2.5,Pass,Low Risk,75-100%
S10730,100.0,High (>75%),1.5,Fail,Low Risk,75-100%
S10731,100.0,High (>75%),1.75,Pass,Low Risk,75-100%
S10732,66.67,Medium (50-75%),2.0,Pass,Low Risk,50-75%
S10733,100.0,High (>75%),2.0,Pass,Low Risk,75-100%
S10735,50.0,Medium (50-75%),4.0,Distinction,Low Risk,25-50%
S10736,100.0,High (>75%),1.75,Pass,Low Risk,75-100%
S10737,100.0,High (>75%),1.3333333333333333,Fail,High Risk,75-100%
S10738,66.67,Medium (50-75%),1.5,Fail,Low Risk,50-75%
S10739,100.0,High (>75%),1.4,Fail,High Risk,75-100%
S10740,50.0,Medium (50-75%),1.4285714285714286,Fail,High Risk,25-50%
S10741,100.0,High (>75%),2.0,Pass,Low Risk,75-100%
S10742,0.0,Low (<50%),2.0,Pass,High Risk,
S10743,100.0,High (>75%),1.0,Fail,High Risk,75-100%
S10744,50.0,Medium (50-75%),1.6666666666666667,Pass,Low Risk,25-50%
S10745,60.0,Medium (50-75%),2.6,Pass,Low Risk,50-75%
S10747,100.0,High (>75%),1.4,Fail,High Risk,75-100%
S10748,66.67,Medium (50-75%),2.4,Pass,Low Risk,50-75%
S10749,50.0,Medium (50-75%),1.6,Pass,Low Risk,25-50%
S10750,66.67,Medium (50-75%),0.5,Fail,High Risk,50-75%
S10751,100.0,High (>75%),1.0,Fail,High Risk,75-100%
S10752,100.0,High (>75%),1.5,Fail,Low Risk,75-100%
S10753,100.0,High (>75%),2.25,Pass,Low Risk,75-100%
S10754,50.0,Medium (50-75%),2.1666666666666665,Pass,Low Risk,25-50%
S10755,100.0,High (>75%),2.25,Pass,Low Risk,75-100%
S10756,66.67,Medium (50-75%),1.2,Fail,High Risk,50-75%
S10757,100.0,High (>75%),2.0,Pass,Low Risk,75-100%
S10758,100.0,High (>75%),2.0,Pass,Low Risk,75-100%
S10760,50.0,Medium (50-75%),2.0,Pass,Low Risk,25-50%
S10761,50.0,Medium (50-75%),2.25,Pass,Low Risk,25-50%
S10762,100.0,High (>75%),3.0,Distinction,Low Risk,75-100%
S10763,66.67,Medium (50-75%),2.75,Pass,Low Risk,50-75%
S10764,50.0,Medium (50-75%),1.0,Fail,High Risk,25-50%
S10765,50.0,Medium (50-75%),2.0,Pass,Low Risk,25-50%
S10766,100.0,High (>75%),2.6666666666666665,Pass,Low Risk,75-100%
S10767,50.0,Medium (50-75%),3.6666666666666665,Distinction,Low Risk,25-50%
S10768,100.0,High (>75%),2.0,Pass,Low Risk,75-100%
S10769,0.0,Low (<50%),1.75,Pass,High Risk,
S10770,66.67,Medium (50-75%),1.6666666666666667,Pass,Low Risk,50-75%
S10771,71.43,Medium (50-75%),2.0,Pass,Low Risk,50-75%
S10772,50.0,Medium (50-75%),1.3333333333333333,Fail,High Risk,25-50%
S10773,100.0,High (>75%),3.25,Distinction,Low Risk,75-100%
S10774,50.0,Medium (50-75%),2.0,Pass,Low Risk,25-50%
S10775,100.0,High (>75%),2.6,Pass,Low Risk,75-100%
S10776,25.0,Low (<50%),1.8,Pass,High Risk,0-25%
S10777,60.0,Medium (50-75%),2.0,Pass,Low Risk,50-75%
S10778,100.0,High (>75%),2.6666666666666665,Pass,Low Risk,75-100%
S10780,50.0,Medium (50-75%),1.5,Fail,Low Risk,25-50%
S10781,0.0,Low (<50%),2.3333333333333335,Pass,High Risk,
S10782,50.0,Medium (50-75%),1.0,Fail,High Risk,25-50%
S10783,66.67,Medium (50-75%),2.2857142857142856,Pass,Low Risk,50-75%
S10784,60.0,Medium (50-75%),2.25,Pass,Low Risk,50-75%
S10785,50.0,Medium (50-75%),2.0,Pass,Low Risk,25-50%
S10786,0.0,Low (<50%),3.0,Distinction,High Risk,
S10787,75.0,High (>75%),1.8333333333333333,Pass,Low Risk,50-75%
S10788,100.0,High (>75%),1.7142857142857142,Pass,Low Risk,75-100%
S10789,50.0,Medium (50-75%),1.6,Pass,Low Risk,25-50%
S10790,66.67,Medium (50-75%),0.0,Fail,High Risk,50-75%
S10791,100.0,High (>75%),2.0,Pass,Low Risk,75-100%
S10792,50.0,Medium (50-75%),3.6666666666666665,Distinction,Low Risk,25-50%
S10793,33.33,Low (<50%),2.3333333333333335,Pass,High Risk,25-50%
S10794,100.0,High (>75%),2.3333333333333335,Pass,Low Risk,75-100%
S10795,75.0,High (>75%),1.25,Fail,High Risk,50-75%
S10796,100.0,High (>75%),2.6,Pass,Low Risk,75-100%
S10797,100.0,High (>75%),2.75,Pass,Low Risk,75-100%
S10798,75.0,High (>75%),3.0,Distinction,Low Risk,50-75%
S10799,71.43,Medium (50-75%),1.8,Pass,Low Risk,50-75%
S10800,100.0,High (>75%),1.6666666666666667,Pass,Low Risk,75-100%
S10801,75.0,High (>75%),1.6666666666666667,Pass,Low Risk,50-75%
S10802,0.0,Low (<50%),1.0,Fail,High Risk,
S10803,100.0,High (>75%),3.25,Distinction,Low Risk,75-100%
S10804,66.67,Medium (50-75%),2.5555555555555554,Pass,Low Risk,50-75%
S10805,33.33,Low (<50%),1.0,Fail,High Risk,25-50%
S10807,66.67,Medium (50-75%),2.0,Pass,Low Risk,50-75%
S10808,50.0,Medium (50-75%),2.875,Pass,Low Risk,25-50%
S10809,66.67,Medium (50-75%),2.0,Pass,Low Risk,50-75%
S10810,100.0,High (>75%),1.8,Pass,Low Risk,75-100%
S10811,66.67,Medium (50-75%),2.5,Pass,Low Risk,50-75%
S10812,60.0,Medium (50-75%),1.75,Pass,Low Risk,50-75%
S10813,50.0,Medium (50-75%),2.6666666666666665,Pass,Low Risk,25-50%
S10814,100.0,High (>75%),2.25,Pass,Low Risk,75-100%
S10815,100.0,High (>75%),0.6666666666666666,Fail,High Risk,75-100%
S10816,25.0,Low (<50%),1.25,Fail,High Risk,0-25%
S10817,100.0,High (>75%),4.0,Distinction,Low Risk,75-100%
S10818,66.67,Medium (50-75%),1.5,Fail,Low Risk,50-75%
S10819,66.67,Medium (50-75%),2.2857142857142856,Pass,Low Risk,50-75%
S10820,100.0,High (>75%),2.0,Pass,Low Risk,75-100%
S10821,50.0,Medium (50-75%),2.75,Pass,Low Risk,25-50%
S10823,100.0,High (>75%),3.25,Distinction,Low Risk,75-100%
S10824,20.0,Low (<50%),1.25,Fail,High Risk,0-25%
S10825,28.57,Low (<50%),0.0,Fail,High Risk,25-50%
S10826,100.0,High (>75%),1.0,Fail,High Risk,75-100%
S10827,33.33,Low (<50%),2.0,Pass,High Risk,25-50%
S10828,100.0,High (>75%),2.6666666666666665,Pass,Low Risk,75-100%
S10829,0.0,Low (<50%),1.0,Fail,High Risk,
S10830,50.0,Medium (50-75%),1.5,Fail,Low Risk,25-50%
S10831,50.0,Medium (50-75%),4.0,Distinction,Low Risk,25-50%
S10832,25.0,Low (<50%),2.0,Pass,High Risk,0-25%
S10833,50.0,Medium (50-75%),0.6,Fail,High Risk,25-50%
S10834,71.43,Medium (50-75%),2.6666666666666665,Pass,Low Risk,50-75%
S10835,16.67,Low (<50%),3.0,Distinction,High Risk,0-25%
S10836,33.33,Low (<50%),2.5,Pass,High Risk,25-50%
S10837,100.0,High (>75%),1.0,Fail,High Risk,75-100%
S10838,100.0,High (>75%),0.5,Fail,High Risk,75-100%
S10839,25.0,Low (<50%),2.0,Pass,High Risk,0-25%
S10840,100.0,High (>75%),2.0,Pass,Low Risk,75-100%
S10841,66.67,Medium (50-75%),1.6666666666666667,Pass,Low Risk,50-75%
S10842,50.0,Medium (50-75%),1.6666666666666667,Pass,Low Risk,25-50%
S10843,100.0,High (>75%),3.3333333333333335,Distinction,Low Risk,75-100%
S10844,50.0,Medium (50-75%),2.6666666666666665,Pass,Low Risk,25-50%
S10845,100.0,High (>75%),2.6666666666666665,Pass,Low Risk,75-100%
S10846,100.0,High (>75%),2.6666666666666665,Pass,Low Risk,75-100%
S10847,100.0,High (>75%),2.0,Pass,Low Risk,75-100%
S10848,100.0,High (>75%),2.0,Pass,Low Risk,75-100%
S10849,50.0,Medium (50-75%),1.4,Fail,High Risk,25-50%
S10850,83.33,High (>75%),2.6666666666666665,Pass,Low Risk,75-100%
S10851,0.0,Low (<50%),2.0,Pass,High Risk,
S10852,100.0,High (>75%),4.0,Distinction,Low Risk,75-100%
S10853,33.33,Low (<50%),3.5,Distinction,High Risk,25-50%
S10854,71.43,Medium (50-75%),2.0,Pass,Low Risk,50-75%
S10855,66.67,Medium (50-75%),2.125,Pass,Low Risk,50-75%
S10856,0.0,Low (<50%),1.3333333333333333,Fail,High Risk,
S10857,0.0,Low (<50%),2.25,Pass,High Risk,
S10858,100.0,High (>75%),2.0,Pass,Low Risk,75-100%
S10859,100.0,High (>75%),2.0,Pass,Low Risk,75-100%
S10860,42.86,Low (<50%),1.4,Fail,High Risk,25-50%
S10861,100.0,High (>75%),2.3333333333333335,Pass,Low Risk,75-100%
S10862,75.0,High (>75%),2.0,Pass,Low Risk,50-75%
S10863,100.0,High (>75%),3.0,Distinction,Low Risk,75-100%
S10864,75.0,High (>75%),1.6666666666666667,Pass,Low Risk,50-75%
S10865,100.0,High (>75%),1.6666666666666667,Pass,Low Risk,75-100%
S10866,83.33,High (>75%),2.3333333333333335,Pass,Low Risk,75-100%
S10867,16.67,Low (<50%),2.75,Pass,High Risk,0-25%
S10868,66.67,Medium (50-75%),2.0,Pass,Low Risk,50-75%
S10869,100.0,High (>75%),2.0,Pass,Low Risk,75-100%
S10870,100.0,High (>75%),4.0,Distinction,Low Risk,75-100%
S10871,71.43,Medium (50-75%),1.8888888888888888,Pass,Low Risk,50-75%
S10872,50.0,Medium (50-75%),1.0,Fail,High Risk,25-50%
S10873,0.0,Low (<50%),0.7142857142857143,Fail,High Risk,
S10874,75.0,High (>75%),2.6666666666666665,Pass,Low Risk,50-75%
S10875,66.67,Medium (50-75%),1.25,Fail,High Risk,50-75%
S10876,100.0,High (>75%),1.2,Fail,High Risk,75-100%
S10877,100.0,High (>75%),2.0,Pass,Low Risk,75-100%
S10878,100.0,High (>75%),2.6666666666666665,Pass,Low Risk,75-100%
S10879,40.0,Low (<50%),1.2857142857142858,Fail,High Risk,25-50%
S10880,50.0,Medium (50-75%),0.0,Fail,High Risk,25-50%
S10881,75.0,High (>75%),1.75,Pass,Low Risk,50-75%
S10882,100.0,High (>75%),1.3333333333333333,Fail,High Risk,75-100%
S10883,0.0,Low (<50%),1.8,Pass,High Risk,
S10884,100.0,High (>75%),1.8571428571428572,Pass,Low Risk,75-100%
S10886,83.33,High (>75%),1.3333333333333333,Fail,High Risk,75-100%
S10887,33.33,Low (<50%),1.25,Fail,High Risk,25-50%
S10888,50.0,Medium (50-75%),2.142857142857143,Pass,Low Risk,25-50%
S10889,33.33,Low (<50%),2.5,Pass,High Risk,25-50%
S10890,40.0,Low (<50%),2.6666666666666665,Pass,High Risk,25-50%
S10891,50.0,Medium (50-75%),2.0,Pass,Low Risk,25-50%
S10892,0.0,Low (<50%),0.3333333333333333,Fail,High Risk,
S10894,0.0,Low (<50%),3.5,Distinction,High Risk,
S10895,80.0,High (>75%),1.3333333333333333,Fail,High Risk,75-100%
S10896,75.0,High (>75%),1.3333333333333333,Fail,High Risk,50-75%
S10897,50.0,Medium (50-75%),1.0,Fail,High Risk,25-50%
S10898,66.67,Medium (50-75%),2.2,Pass,Low Risk,50-75%
S10899,100.0,High (>75%),1.3333333333333333,Fail,High Risk,75-100%
S10900,50.0,Medium (50-75%),1.75,Pass,Low Risk,25-50%
S10901,100.0,High (>75%),1.75,Pass,Low Risk,75-100%
S10902,50.0,Medium (50-75%),2.0,Pass,Low Risk,25-50%
S10903,77.78,High (>75%),4.0,Distinction,Low Risk,75-100%
S10904,100.0,High (>75%),2.0,Pass,Low Risk,75-100%
S10905,75.0,High (>75%),1.4285714285714286,Fail,High Risk,50-75%
S10906,66.67,Medium (50-75%),1.3333333333333333,Fail,High Risk,50-75%
S10907,100.0,High (>75%),3.0,Distinction,Low Risk,75-100%
S10908,100.0,High (>75%),1.6,Pass,Low Risk,75-100%
S10909,100.0,High (>75%),2.6666666666666665,Pass,Low Risk,75-100%
S10910,0.0,Low (<50%),0.6666666666666666,Fail,High Risk,
S10911,0.0,Low (<50%),4.0,Distinction,High Risk,
S10912,100.0,High (>75%),1.3333333333333333,Fail,High Risk,75-100%
S10913,50.0,Medium (50-75%),0.3333333333333333,Fail,High Risk,25-50%
S10914,50.0,Medium (50-75%),2.0,Pass,Low Risk,25-50%
S10915,50.0,Medium (50-75%),2.75,Pass,Low Risk,25-50%
S10916,50.0,Medium (50-75%),2.8333333333333335,Pass,Low Risk,25-50%
S10917,66.67,Medium (50-75%),2.0,Pass,Low Risk,50-75%
S10918,83.33,High (>75%),1.6,Pass,Low Risk,75-100%
S10920,83.33,High (>75%),1.6666666666666667,Pass,Low Risk,75-100%
S10921,0.0,Low (<50%),2.8,Pass,High Risk,
S10922,50.0,Medium (50-75%),4.0,Distinction,Low Risk,25-50%
S10923,100.0,High (>75%),0.0,Fail,High Risk,75-100%
S10924,50.0,Medium (50-75%),1.4,Fail,High Risk,25-50%
S10925,0.0,Low (<50%),2.5,Pass,High Risk,
S10927,0.0,Low (<50%),2.4,Pass,High Risk,
S10928,50.0,Medium (50-75%),2.0,Pass,Low Risk,25-50%
S10929,33.33,Low (<50%),1.5,Fail,High Risk,25-50%
S10930,50.0,Medium (50-75%),2.75,Pass,Low Risk,25-50%
S10931,100.0,High (>75%),1.0,Fail,High Risk,75-100%
S10932,100.0,High (>75%),3.0,Distinction,Low Risk,75-100%
S10933,100.0,High (>75%),2.4,Pass,Low Risk,75-100%
S10934,66.67,Medium (50-75%),3.0,Distinction,Low Risk,50-75%
S10935,50.0,Medium (50-75%),2.125,Pass,Low Risk,25-50%
S10936,0.0,Low (<50%),0.0,Fail,High Risk,
S10937,100.0,High (>75%),1.75,Pass,Low Risk,75-100%
S10938,100.0,High (>75%),1.6666666666666667,Pass,Low Risk,75-100%
S10939,66.67,Medium (50-75%),1.6666666666666667,Pass,Low Risk,50-75%
S10940,50.0,Medium (50-75%),2.5,Pass,Low Risk,25-50%
S10941,50.0,Medium (50-75%),2.4,Pass,Low Risk,25-50%
S10942,100.0,High (>75%),3.6666666666666665,Distinction,Low Risk,75-100%
S10943,100.0,High (>75%),0.6666666666666666,Fail,High Risk,75-100%
S10944,100.0,High (>75%),2.6666666666666665,Pass,Low Risk,75-100%
S10945,66.67,Medium (50-75%),2.125,Pass,Low Risk,50-75%
S10946,100.0,High (>75%),2.0,Pass,Low Risk,75-100%
S10947,100.0,High (>75%),1.75,Pass,Low Risk,75-100%
S10949,66.67,Medium (50-75%),2.0,Pass,Low Risk,50-75%
S10950,100.0,High (>75%),1.2,Fail,High Risk,75-100%
S10951,0.0,Low (<50%),1.5,Fail,High Risk,
S10952,0.0,Low (<50%),1.0,Fail,High Risk,
S10953,50.0,Medium (50-75%),0.5,Fail,High Risk,25-50%
S10954,33.33,Low (<50%),3.0,Distinction,High Risk,25-50%
S10955,100.0,High (>75%),1.25,Fail,High Risk,75-100%
S10956,100.0,High (>75%),2.2,Pass,Low Risk,75-100%
S10957,50.0,Medium (50-75%),2.5,Pass,Low Risk,25-50%
S10958,66.67,Medium (50-75%),1.0,Fail,High Risk,50-75%
S10959,80.0,High (>75%),1.75,Pass,Low Risk,75-100%
S10960,25.0,Low (<50%),3.0,Distinction,High Risk,0-25%
S10961,60.0,Medium (50-75%),1.6666666666666667,Pass,Low Risk,50-75%
S10962,100.0,High (>75%),1.0,Fail,High Risk,75-100%
S10963,100.0,High (>75%),4.0,Distinction,Low Risk,75-100%
S10964,100.0,High (>75%),1.0,Fail,High Risk,75-100%
S10965,75.0,High (>75%),3.0,Distinction,Low Risk,50-75%
S10966,100.0,High (>75%),1.0,Fail,High Risk,75-100%
S10967,50.0,Medium (50-75%),3.0,Distinction,Low Risk,25-50%
S10969,25.0,Low (<50%),2.5,Pass,High Risk,0-25%
S10970,100.0,High (>75%),0.6666666666666666,Fail,High Risk,75-100%
S10971,0.0,Low (<50%),1.6666666666666667,Pass,High Risk,
S10972,50.0,Medium (50-75%),2.75,Pass,Low Risk,25-50%
S10973,50.0,Medium (50-75%),3.0,Distinction,Low Risk,25-50%
S10974,66.67,Medium (50-75%),0.0,Fail,High Risk,50-75%
S10976,50.0,Medium (50-75%),1.6666666666666667,Pass,Low Risk,25-50%
S10977,66.67,Medium (50-75%),0.25,Fail,High Risk,50-75%
S10978,50.0,Medium (50-75%),1.0,Fail,High Risk,25-50%
S10979,66.67,Medium (50-75%),2.75,Pass,Low Risk,50-75%
S10980,75.0,High (>75%),2.6,Pass,Low Risk,50-75%
S10981,66.67,Medium (50-75%),2.5,Pass,Low Risk,50-75%
S10982,55.56,Medium (50-75%),1.9090909090909092,Pass,Low Risk,50-75%
S10983,100.0,High (>75%),2.0,Pass,Low Risk,75-100%
S10984,100.0,High (>75%),2.142857142857143,Pass,Low Risk,75-100%
S10985,66.67,Medium (50-75%),3.0,Distinction,Low Risk,50-75%
S10986,50.0,Medium (50-75%),1.5,Fail,Low Risk,25-50%
S10987,25.0,Low (<50%),2.4,Pass,High Risk,0-25%
S10988,66.67,Medium (50-75%),2.5,Pass,Low Risk,50-75%
S10989,50.0,Medium (50-75%),3.5,Distinction,Low Risk,25-50%
S10990,60.0,Medium (50-75%),2.0,Pass,Low Risk,50-75%
S10992,50.0,Medium (50-75%),2.6,Pass,Low Risk,25-50%
S10993,66.67,Medium (50-75%),3.0,Distinction,Low Risk,50-75%
S10994,100.0,High (>75%),2.6666666666666665,Pass,Low Risk,75-100%
S10995,70.0,Medium (50-75%),1.6666666666666667,Pass,Low Risk,50-75%
S10996,100.0,High (>75%),1.5,Fail,Low Risk,75-100%
S10997,40.0,Low (<50%),1.6666666666666667,Pass,High Risk,25-50%
S10998,100.0,High (>75%),1.6,Pass,Low Risk,75-100%
S10999,100.0,High (>75%),3.0,Distinction,Low Risk,75-100%
S11000,66.67,Medium (50-75%),1.3333333333333333,Fail,High Risk,50-75%
S11001,100.0,High (>75%),1.5,Fail,Low Risk,75-100%
S11002,100.0,High (>75%),3.0,Distinction,Low Risk,75-100%
S11003,50.0,Medium (50-75%),2.0,Pass,Low Risk,25-50%
S11004,100.0,High (>75%),2.5,Pass,Low Risk,75-100%
S11005,50.0,Medium (50-75%),2.75,Pass,Low Risk,25-50%
S11006,100.0,High (>75%),1.75,Pass,Low Risk,75-100%
S11007,20.0,Low (<50%),1.5,Fail,High Risk,0-25%
S11008,100.0,High (>75%),2.0,Pass,Low Risk,75-100%
S11009,50.0,Medium (50-75%),0.6,Fail,High Risk,25-50%
S11010,66.67,Medium (50-75%),1.3333333333333333,Fail,High Risk,50-75%
S11011,50.0,Medium (50-75%),3.1666666666666665,Distinction,Low Risk,25-50%
S11012,100.0,High (>75%),2.25,Pass,Low Risk,75-100%
S11013,66.67,Medium (50-75%),0.0,Fail,High Risk,50-75%
S11014,71.43,Medium (50-75%),2.3333333333333335,Pass,Low Risk,50-75%
S11015,66.67,Medium (50-75%),1.8333333333333333,Pass,Low Risk,50-75%
S11016,100.0,High (>75%),1.5,Fail,Low Risk,75-100%
S11017,66.67,Medium (50-75%),2.0,Pass,Low Risk,50-75%
S11019,100.0,High (>75%),2.375,Pass,Low Risk,75-100%
S11020,0.0,Low (<50%),1.6666666666666667,Pass,High Risk,
S11021,50.0,Medium (50-75%),1.4,Fail,High Risk,25-50%
S11022,100.0,High (>75%),2.25,Pass,Low Risk,75-100%
S11023,0.0,Low (<50%),2.75,Pass,High Risk,
S11024,50.0,Medium (50-75%),3.0,Distinction,Low Risk,25-50%
S11025,0.0,Low (<50%),2.0,Pass,High Risk,
S11026,100.0,High (>75%),1.0,Fail,High Risk,75-100%
S11027,100.0,High (>75%),4.0,Distinction,Low Risk,75-100%
S11028,50.0,Medium (50-75%),1.0,Fail,High Risk,25-50%
S11029,50.0,Medium (50-75%),2.0,Pass,Low Risk,25-50%
S11031,100.0,High (>75%),2.8,Pass,Low Risk,75-100%
S11032,50.0,Medium (50-75%),0.5,Fail,High Risk,25-50%
S11033,100.0,High (>75%),2.3333333333333335,Pass,Low Risk,75-100%
S11034,50.0,Medium (50-75%),1.25,Fail,High Risk,25-50%
S11035,80.0,High (>75%),2.0,Pass,Low Risk,75-100%
S11036,50.0,Medium (50-75%),3.6666666666666665,Distinction,Low Risk,25-50%
S11037,50.0,Medium (50-75%),2.0,Pass,Low Risk,25-50%
S11038,50.0,Medium (50-75%),2.4,Pass,Low Risk,25-50%
S11039,0.0,Low (<50%),2.3333333333333335,Pass,High Risk,
S11040,75.0,High (>75%),1.4,Fail,High Risk,50-75%
S11041,100.0,High (>75%),4.0,Distinction,Low Risk,75-100%
S11042,100.0,High (>75%),2.5,Pass,Low Risk,75-100%
S11043,100.0,High (>75%),1.75,Pass,Low Risk,75-100%
S11044,25.0,Low (<50%),3.0,Distinction,High Risk,0-25%
S11046,50.0,Medium (50-75%),1.0,Fail,High Risk,25-50%
S11047,66.67,Medium (50-75%),0.6666666666666666,Fail,High Risk,50-75%
S11048,50.0,Medium (50-75%),2.5,Pass,Low Risk,25-50%
S11049,100.0,High (>75%),2.5,Pass,Low Risk,75-100%
S11050,100.0,High (>75%),0.8,Fail,High Risk,75-100%
S11051,25.0,Low (<50%),2.6666666666666665,Pass,High Risk,0-25%
S11052,50.0,Medium (50-75%),2.142857142857143,Pass,Low Risk,25-50%
S11053,0.0,Low (<50%),1.6666666666666667,Pass,High Risk,
S11054,50.0,Medium (50-75%),2.0,Pass,Low Risk,25-50%
S11055,0.0,Low (<50%),0.5,Fail,High Risk,
S11056,100.0,High (>75%),2.3333333333333335,Pass,Low Risk,75-100%
S11057,66.67,Medium (50-75%),4.0,Distinction,Low Risk,50-75%
S11058,50.0,Medium (50-75%),1.0,Fail,High Risk,25-50%
S11059,60.0,Medium (50-75%),3.0,Distinction,Low Risk,50-75%
S11060,83.33,High (>75%),3.0,Distinction,Low Risk,75-100%
S11061,66.67,Medium (50-75%),3.0,Distinction,Low Risk,50-75%
S11062,50.0,Medium (50-75%),3.0,Distinction,Low Risk,25-50%
S11063,50.0,Medium (50-75%),1.0,Fail,High Risk,25-50%
S11065,33.33,Low (<50%),2.6666666666666665,Pass,High Risk,25-50%
S11066,33.33,Low (<50%),1.75,Pass,High Risk,25-50%
S11067,100.0,High (>75%),2.6666666666666665,Pass,Low Risk,75-100%
S11068,33.33,Low (<50%),3.6666666666666665,Distinction,High Risk,25-50%
S11069,80.0,High (>75%),1.5,Fail,Low Risk,75-100%
S11070,0.0,Low (<50%),2.4,Pass,High Risk,
S11071,50.0,Medium (50-75%),1.2,Fail,High Risk,25-50%
S11072,25.0,Low (<50%),1.3333333333333333,Fail,High Risk,0-25%
S11073,50.0,Medium (50-75%),2.5,Pass,Low Risk,25-50%
S11074,66.67,Medium (50-75%),3.0,Distinction,Low Risk,50-75%
S11075,50.0,Medium (50-75%),3.1666666666666665,Distinction,Low Risk,25-50%
S11076,33.33,Low (<50%),1.5,Fail,High Risk,25-50%
S11077,100.0,High (>75%),1.0,Fail,High Risk,75-100%
S11078,80.0,High (>75%),2.0,Pass,Low Risk,75-100%
S11079,100.0,High (>75%),2.0,Pass,Low Risk,75-100%
S11080,60.0,Medium (50-75%),2.0,Pass,Low Risk,50-75%
S11081,80.0,High (>75%),1.7142857142857142,Pass,Low Risk,75-100%
S11082,50.0,Medium (50-75%),2.0,Pass,Low Risk,25-50%
S11083,100.0,High (>75%),2.5,Pass,Low Risk,75-100%
S11084,50.0,Medium (50-75%),2.0,Pass,Low Risk,25-50%
S11085,100.0,High (>75%),2.4285714285714284,Pass,Low Risk,75-100%
S11086,0.0,Low (<50%),2.0,Pass,High Risk,
S11087,75.0,High (>75%),1.6,Pass,Low Risk,50-75%
S11088,0.0,Low (<50%),3.5,Distinction,High Risk,
S11089,0.0,Low (<50%),1.0,Fail,High Risk,
S11090,100.0,High (>75%),0.0,Fail,High Risk,75-100%
S11091,42.86,Low (<50%),2.2,Pass,High Risk,25-50%
S11092,66.67,Medium (50-75%),3.25,Distinction,Low Risk,50-75%
S11093,20.0,Low (<50%),3.0,Distinction,High Risk,0-25%
S11094,25.0,Low (<50%),2.0,Pass,High Risk,0-25%
S11095,66.67,Medium (50-75%),2.6,Pass,Low Risk,50-75%
S11096,100.0,High (>75%),3.3333333333333335,Distinction,Low Risk,75-100%
S11097,100.0,High (>75%),1.6,Pass,Low Risk,75-100%
S11098,100.0,High (>75%),0.0,Fail,High Risk,75-100%
S11099,0.0,Low (<50%),2.0,Pass,High Risk,
S11100,33.33,Low (<50%),1.2,Fail,High Risk,25-50%
S11101,50.0,Medium (50-75%),3.0,Distinction,Low Risk,25-50%
S11102,25.0,Low (<50%),2.3333333333333335,Pass,High Risk,0-25%
S11103,60.0,Medium (50-75%),2.3333333333333335,Pass,Low Risk,50-75%
S11104,80.0,High (>75%),3.5,Distinction,Low Risk,75-100%
S11105,100.0,High (>75%),1.5,Fail,Low Risk,75-100%
S11106,100.0,High (>75%),4.0,Distinction,Low Risk,75-100%
S11107,60.0,Medium (50-75%),2.3333333333333335,Pass,Low Risk,50-75%
S11108,0.0,Low (<50%),1.25,Fail,High Risk,
S11109,100.0,High (>75%),2.75,Pass,Low Risk,75-100%
S11110,50.0,Medium (50-75%),1.6,Pass,Low Risk,25-50%
S11111,100.0,High (>75%),3.0,Distinction,Low Risk,75-100%
S11112,100.0,High (>75%),1.0,Fail,High Risk,75-100%
S11113,100.0,High (>75%),3.3333333333333335,Distinction,Low Risk,75-100%
S11114,50.0,Medium (50-75%),1.6666666666666667,Pass,Low Risk,25-50%
S11115,0.0,Low (<50%),3.2,Distinction,High Risk,
S11116,25.0,Low (<50%),1.0,Fail,High Risk,0-25%
S11117,50.0,Medium (50-75%),2.0,Pass,Low Risk,25-50%
S11118,100.0,High (>75%),1.8571428571428572,Pass,Low Risk,75-100%
S11119,100.0,High (>75%),2.0,Pass,Low Risk,75-100%
S11120,83.33,High (>75%),0.0,Fail,High Risk,75-100%
S11121,40.0,Low (<50%),3.0,Distinction,High Risk,25-50%
S11122,33.33,Low (<50%),1.5,Fail,High Risk,25-50%
S11124,100.0,High (>75%),3.0,Distinction,Low Risk,75-100%
S11125,100.0,High (>75%),2.5,Pass,Low Risk,75-100%
S11126,100.0,High (>75%),2.0,Pass,Low Risk,75-100%
S11127,66.67,Medium (50-75%),2.5,Pass,Low Risk,50-75%
S11128,50.0,Medium (50-75%),1.1428571428571428,Fail,High Risk,25-50%
S11129,25.0,Low (<50%),0.5,Fail,High Risk,0-25%
S11130,0.0,Low (<50%),2.5,Pass,High Risk,
S11131,0.0,Low (<50%),1.0,Fail,High Risk,
S11132,100.0,High (>75%),1.0,Fail,High Risk,75-100%
S11133,50.0,Medium (50-75%),0.0,Fail,High Risk,25-50%
S11134,66.67,Medium (50-75%),3.0,Distinction,Low Risk,50-75%
S11135,50.0,Medium (50-75%),3.0,Distinction,Low Risk,25-50%
S11136,50.0,Medium (50-75%),3.5,Distinction,Low Risk,25-50%
S11137,50.0,Medium (50-75%),2.5,Pass,Low Risk,25-50%
S11138,100.0,High (>75%),2.0,Pass,Low Risk,75-100%
S11139,100.0,High (>75%),2.6,Pass,Low Risk,75-100%
S11140,100.0,High (>75%),1.0,Fail,High Risk,75-100%
S11141,50.0,Medium (50-75%),1.25,Fail,High Risk,25-50%
S11142,85.71,High (>75%),2.5,Pass,Low Risk,75-100%
S11143,75.0,High (>75%),1.6666666666666667,Pass,Low Risk,50-75%
S11144,66.67,Medium (50-75%),3.0,Distinction,Low Risk,50-75%
S11145,75.0,High (>75%),1.1666666666666667,Fail,High Risk,50-75%
S11146,75.0,High (>75%),2.0,Pass,Low Risk,50-75%
S11147,80.0,High (>75%),2.25,Pass,Low Risk,75-100%
S11148,25.0,Low (<50%),3.0,Distinction,High Risk,0-25%
S11149,75.0,High (>75%),1.25,Fail,High Risk,50-75%
S11150,42.86,Low (<50%),1.4,Fail,High Risk,25-50%
S11151,100.0,High (>75%),1.3333333333333333,Fail,High Risk,75-100%
S11152,50.0,Medium (50-75%),2.5,Pass,Low Risk,25-50%
S11153,100.0,High (>75%),2.2,Pass,Low Risk,75-100%
S11154,100.0,High (>75%),2.6666666666666665,Pass,Low Risk,75-100%
S11155,50.0,Medium (50-75%),2.5833333333333335,Pass,Low Risk,25-50%
S11156,100.0,High (>75%),3.3333333333333335,Distinction,Low Risk,75-100%
S11157,50.0,Medium (50-75%),2.5,Pass,Low Risk,25-50%
S11158,100.0,High (>75%),2.2857142857142856,Pass,Low Risk,75-100%
S11159,0.0,Low (<50%),0.6666666666666666,Fail,High Risk,
S11160,100.0,High (>75%),1.2,Fail,High Risk,75-100%
S11161,100.0,High (>75%),2.2857142857142856,Pass,Low Risk,75-100%
S11162,40.0,Low (<50%),2.6,Pass,High Risk,25-50%
S11163,50.0,Medium (50-75%),1.5,Fail,Low Risk,25-50%
S11164,50.0,Medium (50-75%),2.0,Pass,Low Risk,25-50%
S11165,75.0,High (>75%),1.75,Pass,Low Risk,50-75%
S11166,71.43,Medium (50-75%),4.0,Distinction,Low Risk,50-75%
S11167,50.0,Medium (50-75%),2.0,Pass,Low Risk,25-50%
S11168,100.0,High (>75%),1.8,Pass,Low Risk,75-100%
S11169,66.67,Medium (50-75%),3.0,Distinction,Low Risk,50-75%
S11170,100.0,High (>75%),2.0,Pass,Low Risk,75-100%
S11171,33.33,Low (<50%),3.0,Distinction,High Risk,25-50%
S11172,0.0,Low (<50%),0.5,Fail,High Risk,
S11173,100.0,High (>75%),2.3333333333333335,Pass,Low Risk,75-100%
S11174,100.0,High (>75%),2.6,Pass,Low Risk,75-100%
S11175,50.0,Medium (50-75%),2.2,Pass,Low Risk,25-50%
S11176,100.0,High (>75%),1.75,Pass,Low Risk,75-100%
S11177,66.67,Medium (50-75%),2.5,Pass,Low Risk,50-75%
S11178,75.0,High (>75%),2.0,Pass,Low Risk,50-75%
S11179,25.0,Low (<50%),1.2857142857142858,Fail,High Risk,0-25%
S11180,100.0,High (>75%),0.0,Fail,High Risk,75-100%
S11181,100.0,High (>75%),2.5,Pass,Low Risk,75-100%
S11182,100.0,High (>75%),1.5,Fail,Low Risk,75-100%
S11183,100.0,High (>75%),0.6666666666666666,Fail,High Risk,75-100%
S11184,60.0,Medium (50-75%),1.5,Fail,Low Risk,50-75%
S11185,100.0,High (>75%),2.0,Pass,Low Risk,75-100%
S11186,50.0,Medium (50-75%),1.6,Pass,Low Risk,25-50%
S11187,100.0,High (>75%),3.5,Distinction,Low Risk,75-100%
S11188,0.0,Low (<50%),2.0,Pass,High Risk,
S11189,50.0,Medium (50-75%),2.0,Pass,Low Risk,25-50%
S11190,50.0,Medium (50-75%),2.6,Pass,Low Risk,25-50%
S11191,50.0,Medium (50-75%),2.5,Pass,Low Risk,25-50%
S11192,100.0,High (>75%),2.5,Pass,Low Risk,75-100%
S11193,66.67,Medium (50-75%),1.7142857142857142,Pass,Low Risk,50-75%
S11194,66.67,Medium (50-75%),3.0,Distinction,Low Risk,50-75%
S11195,50.0,Medium (50-75%),0.0,Fail,High Risk,25-50%
S11196,75.0,High (>75%),1.625,Pass,Low Risk,50-75%
S11197,80.0,High (>75%),0.0,Fail,High Risk,75-100%
S11198,50.0,Medium (50-75%),4.0,Distinction,Low Risk,25-50%
S11199,100.0,High (>75%),1.6666666666666667,Pass,Low Risk,75-100%
S11200,100.0,High (>75%),0.5,Fail,High Risk,75-100%
S11201,57.14,Medium (50-75%),1.8,Pass,Low Risk,50-75%
S11202,33.33,Low (<50%),2.3333333333333335,Pass,High Risk,25-50%
S11203,100.0,High (>75%),1.1666666666666667,Fail,High Risk,75-100%
S11204,100.0,High (>75%),2.5,Pass,Low Risk,75-100%
S11205,50.0,Medium (50-75%),2.0,Pass,Low Risk,25-50%
S11206,50.0,Medium (50-75%),0.5,Fail,High Risk,25-50%
S11207,75.0,High (>75%),1.2,Fail,High Risk,50-75%
S11208,100.0,High (>75%),1.5,Fail,Low Risk,75-100%
S11209,50.0,Medium (50-75%),1.8333333333333333,Pass,Low Risk,25-50%
S11210,100.0,High (>75%),2.0,Pass,Low Risk,75-100%
S11211,60.0,Medium (50-75%),1.2,Fail,High Risk,50-75%
S11212,66.67,Medium (50-75%),2.0,Pass,Low Risk,50-75%
S11213,50.0,Medium (50-75%),3.0,Distinction,Low Risk,25-50%
S11214,50.0,Medium (50-75%),2.0,Pass,Low Risk,25-50%
S11215,66.67,Medium (50-75%),2.0,Pass,Low Risk,50-75%
S11216,40.0,Low (<50%),2.3333333333333335,Pass,High Risk,25-50%
S11217,0.0,Low (<50%),1.6,Pass,High Risk,
S11219,75.0,High (>75%),1.5,Fail,Low Risk,50-75%
S11220,66.67,Medium (50-75%),1.0,Fail,High Risk,50-75%
S11221,40.0,Low (<50%),1.6666666666666667,Pass,High Risk,25-50%
S11222,100.0,High (>75%),1.2857142857142858,Fail,High Risk,75-100%
S11223,100.0,High (>75%),2.0,Pass,Low Risk,75-100%
S11224,60.0,Medium (50-75%),3.0,Distinction,Low Risk,50-75%
S11225,100.0,High (>75%),2.0,Pass,Low Risk,75-100%
S11226,60.0,Medium (50-75%),2.0,Pass,Low Risk,50-75%
S11227,75.0,High (>75%),2.0,Pass,Low Risk,50-75%
S11229,80.0,High (>75%),2.2,Pass,Low Risk,75-100%
S11230,0.0,Low (<50%),2.6666666666666665,Pass,High Risk,
S11231,100.0,High (>75%),2.8,Pass,Low Risk,75-100%
S11232,100.0,High (>75%),2.0,Pass,Low Risk,75-100%
S11233,40.0,Low (<50%),1.75,Pass,High Risk,25-50%
S11235,100.0,High (>75%),2.142857142857143,Pass,Low Risk,75-100%
S11236,100.0,High (>75%),2.25,Pass,Low Risk,75-100%
S11237,100.0,High (>75%),1.75,Pass,Low Risk,75-100%
S11238,50.0,Medium (50-75%),1.6666666666666667,Pass,Low Risk,25-50%
S11239,0.0,Low (<50%),2.25,Pass,High Risk,
S11240,33.33,Low (<50%),3.5,Distinction,High Risk,25-50%
S11241,66.67,Medium (50-75%),2.7142857142857144,Pass,Low Risk,50-75%
S11242,50.0,Medium (50-75%),2.6666666666666665,Pass,Low Risk,25-50%
S11243,100.0,High (>75%),2.25,Pass,Low Risk,75-100%
S11244,75.0,High (>75%),2.3333333333333335,Pass,Low Risk,50-75%
S11245,50.0,Medium (50-75%),2.75,Pass,Low Risk,25-50%
S11246,83.33,High (>75%),2.0,Pass,Low Risk,75-100%
S11247,100.0,High (>75%),2.0,Pass,Low Risk,75-100%
S11248,50.0,Medium (50-75%),1.75,Pass,Low Risk,25-50%
S11249,100.0,High (>75%),2.4,Pass,Low Risk,75-100%
S11250,33.33,Low (<50%),2.0,Pass,High Risk,25-50%
S11251,66.67,Medium (50-75%),3.0,Distinction,Low Risk,50-75%
S11252,33.33,Low (<50%),2.0,Pass,High Risk,25-50%
S11253,100.0,High (>75%),1.0,Fail,High Risk,75-100%
S11254,66.67,Medium (50-75%),2.5,Pass,Low Risk,50-75%
S11256,100.0,High (>75%),3.0,Distinction,Low Risk,75-100%
S11257,100.0,High (>75%),1.5,Fail,Low Risk,75-100%
S11258,33.33,Low (<50%),1.4285714285714286,Fail,High Risk,25-50%
S11259,100.0,High (>75%),2.0,Pass,Low Risk,75-100%
S11260,100.0,High (>75%),1.5,Fail,Low Risk,75-100%
S11261,100.0,High (>75%),2.0,Pass,Low Risk,75-100%
S11262,50.0,Medium (50-75%),0.6,Fail,High Risk,25-50%
S11263,75.0,High (>75%),1.5,Fail,Low Risk,50-75%
S11264,0.0,Low (<50%),2.5,Pass,High Risk,
S11265,75.0,High (>75%),1.0,Fail,High Risk,50-75%
S11266,100.0,High (>75%),3.0,Distinction,Low Risk,75-100%
S11267,0.0,Low (<50%),3.0,Distinction,High Risk,
S11268,50.0,Medium (50-75%),1.75,Pass,Low Risk,25-50%
S11269,100.0,High (>75%),2.25,Pass,Low Risk,75-100%
S11270,80.0,High (>75%),0.0,Fail,High Risk,75-100%
S11271,50.0,Medium (50-75%),4.0,Distinction,Low Risk,25-50%
S11272,50.0,Medium (50-75%),1.8,Pass,Low Risk,25-50%
S11273,100.0,High (>75%),1.0,Fail,High Risk,75-100%
S11274,100.0,High (>75%),3.1666666666666665,Distinction,Low Risk,75-100%
S11275,66.67,Medium (50-75%),2.0,Pass,Low Risk,50-75%
S11276,50.0,Medium (50-75%),3.0,Distinction,Low Risk,25-50%
S11277,75.0,High (>75%),1.2857142857142858,Fail,High Risk,50-75%
S11278,60.0,Medium (50-75%),2.0,Pass,Low Risk,50-75%
S11279,50.0,Medium (50-75%),2.1666666666666665,Pass,Low Risk,25-50%
S11280,75.0,High (>75%),2.0,Pass,Low Risk,50-75%
S11281,100.0,High (>75%),2.0,Pass,Low Risk,75-100%
S11282,100.0,High (>75%),1.5,Fail,Low Risk,75-100%
S11283,80.0,High (>75%),2.0,Pass,Low Risk,75-100%
S11284,100.0,High (>75%),2.5,Pass,Low Risk,75-100%
S11285,85.71,High (>75%),2.5,Pass,Low Risk,75-100%
S11286,66.67,Medium (50-75%),3.0,Distinction,Low Risk,50-75%
S11287,66.67,Medium (50-75%),1.3333333333333333,Fail,High Risk,50-75%
S11288,60.0,Medium (50-75%),2.0,Pass,Low Risk,50-75%
S11289,100.0,High (>75%),3.2857142857142856,Distinction,Low Risk,75-100%
S11290,50.0,Medium (50-75%),3.0,Distinction,Low Risk,25-50%
S11291,60.0,Medium (50-75%),0.5,Fail,High Risk,50-75%
S11292,33.33,Low (<50%),2.0,Pass,High Risk,25-50%
S11293,33.33,Low (<50%),2.0,Pass,High Risk,25-50%
S11294,60.0,Medium (50-75%),1.3333333333333333,Fail,High Risk,50-75%
S11295,100.0,High (>75%),1.0,Fail,High Risk,75-100%
S11296,100.0,High (>75%),1.6666666666666667,Pass,Low Risk,75-100%
S11297,66.67,Medium (50-75%),1.5,Fail,Low Risk,50-75%
S11298,80.0,High (>75%),3.1666666666666665,Distinction,Low Risk,75-100%
S11299,100.0,High (>75%),3.5,Distinction,Low Risk,75-100%
S11300,66.67,Medium (50-75%),3.5,Distinction,Low Risk,50-75%
S11301,0.0,Low (<50%),1.0,Fail,High Risk,
S11302,100.0,High (>75%),3.3333333333333335,Distinction,Low Risk,75-100%
S11303,0.0,Low (<50%),2.0,Pass,High Risk,
S11305,66.67,Medium (50-75%),2.0,Pass,Low Risk,50-75%
S11306,100.0,High (>75%),2.6666666666666665,Pass,Low Risk,75-100%
S11307,0.0,Low (<50%),0.3333333333333333,Fail,High Risk,
S11308,50.0,Medium (50-75%),2.0,Pass,Low Risk,25-50%
S11309,100.0,High (>75%),2.4,Pass,Low Risk,75-100%
S11310,50.0,Medium (50-75%),2.25,Pass,Low Risk,25-50%
S11311,80.0,High (>75%),2.0,Pass,Low Risk,75-100%
S11312,100.0,High (>75%),2.4,Pass,Low Risk,75-100%
S11313,75.0,High (>75%),2.0,Pass,Low Risk,50-75%
S11314,66.67,Medium (50-75%),2.5,Pass,Low Risk,50-75%
S11315,50.0,Medium (50-75%),1.6666666666666667,Pass,Low Risk,25-50%
S11316,0.0,Low (<50%),2.0,Pass,High Risk,
S11317,50.0,Medium (50-75%),2.0,Pass,Low Risk,25-50%
S11318,100.0,High (>75%),1.5,Fail,Low Risk,75-100%
S11319,0.0,Low (<50%),1.25,Fail,High Risk,
S11320,50.0,Medium (50-75%),1.75,Pass,Low Risk,25-50%
S11321,50.0,Medium (50-75%),2.3333333333333335,Pass,Low Risk,25-50%
S11322,50.0,Medium (50-75%),1.0,Fail,High Risk,25-50%
S11323,50.0,Medium (50-75%),1.2857142857142858,Fail,High Risk,25-50%
S11324,100.0,High (>75%),1.8333333333333333,Pass,Low Risk,75-100%
S11325,80.0,High (>75%),0.0,Fail,High Risk,75-100%
S11326,100.0,High (>75%),1.8,Pass,Low Risk,75-100%
S11327,75.0,High (>75%),0.0,Fail,High Risk,50-75%
S11328,100.0,High (>75%),2.0,Pass,Low Risk,75-100%
S11329,100.0,High (>75%),1.6666666666666667,Pass,Low Risk,75-100%
S11330,100.0,High (>75%),2.3333333333333335,Pass,Low Risk,75-100%
S11331,100.0,High (>75%),2.0,Pass,Low Risk,75-100%
S11332,60.0,Medium (50-75%),2.5,Pass,Low Risk,50-75%
S11333,40.0,Low (<50%),2.6666666666666665,Pass,High Risk,25-50%
S11334,100.0,High (>75%),3.3333333333333335,Distinction,Low Risk,75-100%
S11335,100.0,High (>75%),1.6666666666666667,Pass,Low Risk,75-100%
S11336,75.0,High (>75%),0.0,Fail,High Risk,50-75%
S11337,100.0,High (>75%),3.0,Distinction,Low Risk,75-100%
S11338,25.0,Low (<50%),0.25,Fail,High Risk,0-25%
S11340,66.67,Medium (50-75%),1.0,Fail,High Risk,50-75%
S11341,100.0,High (>75%),2.2,Pass,Low Risk,75-100%
S11343,83.33,High (>75%),3.0,Distinction,Low Risk,75-100%
S11344,66.67,Medium (50-75%),0.75,Fail,High Risk,50-75%
S11345,50.0,Medium (50-75%),0.5,Fail,High Risk,25-50%
S11347,33.33,Low (<50%),2.0,Pass,High Risk,25-50%
S11348,40.0,Low (<50%),1.3333333333333333,Fail,High Risk,25-50%
S11349,100.0,High (>75%),3.3333333333333335,Distinction,Low Risk,75-100%
S11350,66.67,Medium (50-75%),3.0,Distinction,Low Risk,50-75%
S11351,100.0,High (>75%),2.4,Pass,Low Risk,75-100%
S11352,100.0,High (>75%),2.25,Pass,Low Risk,75-100%
S11353,80.0,High (>75%),1.3333333333333333,Fail,High Risk,75-100%
S11354,100.0,High (>75%),2.6666666666666665,Pass,Low Risk,75-100%
S11355,100.0,High (>75%),1.3333333333333333,Fail,High Risk,75-100%
S11356,75.0,High (>75%),1.5,Fail,Low Risk,50-75%
S11357,42.86,Low (<50%),1.0,Fail,High Risk,25-50%
S11358,0.0,Low (<50%),2.2857142857142856,Pass,High Risk,
S11359,100.0,High (>75%),2.5,Pass,Low Risk,75-100%
S11360,50.0,Medium (50-75%),1.0,Fail,High Risk,25-50%
S11361,100.0,High (>75%),2.0,Pass,Low Risk,75-100%
S11362,40.0,Low (<50%),2.4285714285714284,Pass,High Risk,25-50%
S11363,66.67,Medium (50-75%),2.25,Pass,Low Risk,50-75%
S11364,66.67,Medium (50-75%),2.0,Pass,Low Risk,50-75%
S11365,50.0,Medium (50-75%),3.0,Distinction,Low Risk,25-50%
S11366,66.67,Medium (50-75%),1.0,Fail,High Risk,50-75%
S11367,66.67,Medium (50-75%),0.6666666666666666,Fail,High Risk,50-75%
S11368,100.0,High (>75%),3.0,Distinction,Low Risk,75-100%
S11369,87.5,High (>75%),2.0,Pass,Low Risk,75-100%
S11370,25.0,Low (<50%),3.0,Distinction,High Risk,0-25%
S11371,50.0,Medium (50-75%),2.7142857142857144,Pass,Low Risk,25-50%
S11372,0.0,Low (<50%),1.5,Fail,High Risk,
S11373,80.0,High (>75%),0.8333333333333334,Fail,High Risk,75-100%
S11374,83.33,High (>75%),1.7142857142857142,Pass,Low Risk,75-100%
S11375,0.0,Low (<50%),0.5,Fail,High Risk,
S11376,50.0,Medium (50-75%),2.5,Pass,Low Risk,25-50%
S11377,0.0,Low (<50%),2.0,Pass,High Risk,
S11380,50.0,Medium (50-75%),1.3333333333333333,Fail,High Risk,25-50%
S11381,50.0,Medium (50-75%),3.0,Distinction,Low Risk,25-50%
S11382,100.0,High (>75%),2.3333333333333335,Pass,Low Risk,75-100%
S11383,100.0,High (>75%),1.4,Fail,High Risk,75-100%
S11384,33.33,Low (<50%),2.0,Pass,High Risk,25-50%
S11385,100.0,High (>75%),2.4,Pass,Low Risk,75-100%
S11386,33.33,Low (<50%),2.0,Pass,High Risk,25-50%
S11387,85.71,High (>75%),2.0,Pass,Low Risk,75-100%
S11388,100.0,High (>75%),3.0,Distinction,Low Risk,75-100%
S11389,60.0,Medium (50-75%),2.5,Pass,Low Risk,50-75%
S11390,100.0,High (>75%),4.0,Distinction,Low Risk,75-100%
S11391,50.0,Medium (50-75%),3.0,Distinction,Low Risk,25-50%
S11392,50.0,Medium (50-75%),1.75,Pass,Low Risk,25-50%
S11393,100.0,High (>75%),3.0,Distinction,Low Risk,75-100%
S11394,100.0,High (>75%),0.0,Fail,High Risk,75-100%
S11395,100.0,High (>75%),2.0,Pass,Low Risk,75-100%
S11396,66.67,Medium (50-75%),4.0,Distinction,Low Risk,50-75%
S11397,50.0,Medium (50-75%),2.5,Pass,Low Risk,25-50%
S11399,85.71,High (>75%),2.0,Pass,Low Risk,75-100%
S11401,100.0,High (>75%),1.5,Fail,Low Risk,75-100%
S11402,66.67,Medium (50-75%),3.0,Distinction,Low Risk,50-75%
S11403,100.0,High (>75%),2.0,Pass,Low Risk,75-100%
S11404,66.67,Medium (50-75%),2.6666666666666665,Pass,Low Risk,50-75%
S11405,100.0,High (>75%),1.5,Fail,Low Risk,75-100%
S11406,0.0,Low (<50%),2.5,Pass,High Risk,
S11407,100.0,High (>75%),1.1666666666666667,Fail,High Risk,75-100%
S11408,0.0,Low (<50%),1.0,Fail,High Risk,
S11409,100.0,High (>75%),2.0,Pass,Low Risk,75-100%
S11410,100.0,High (>75%),2.8,Pass,Low Risk,75-100%
S11411,100.0,High (>75%),1.875,Pass,Low Risk,75-100%
S11412,83.33,High (>75%),0.0,Fail,High Risk,75-100%
S11413,100.0,High (>75%),3.0,Distinction,Low Risk,75-100%
S11414,100.0,High (>75%),2.375,Pass,Low Risk,75-100%
S11415,100.0,High (>75%),2.0,Pass,Low Risk,75-100%
S11416,100.0,High (>75%),1.75,Pass,Low Risk,75-100%
S11417,100.0,High (>75%),0.3333333333333333,Fail,High Risk,75-100%
S11418,66.67,Medium (50-75%),3.0,Distinction,Low Risk,50-75%
S11419,75.0,High (>75%),1.75,Pass,Low Risk,50-75%
S11420,66.67,Medium (50-75%),2.0,Pass,Low Risk,50-75%
S11421,100.0,High (>75%),3.0,Distinction,Low Risk,75-100%
S11422,100.0,High (>75%),1.4,Fail,High Risk,75-100%
S11423,100.0,High (>75%),3.0,Distinction,Low Risk,75-100%
S11424,75.0,High (>75%),1.0,Fail,High Risk,50-75%
S11425,50.0,Medium (50-75%),2.0,Pass,Low Risk,25-50%
S11426,100.0,High (>75%),3.5,Distinction,Low Risk,75-100%
S11427,100.0,High (>75%),1.0,Fail,High Risk,75-100%
S11428,100.0,High (>75%),0.42857142857142855,Fail,High Risk,75-100%
S11429,100.0,High (>75%),1.375,Fail,High Risk,75-100%
S11431,75.0,High (>75%),1.0,Fail,High Risk,50-75%
S11432,50.0,Medium (50-75%),2.5,Pass,Low Risk,25-50%
S11433,60.0,Medium (50-75%),2.5,Pass,Low Risk,50-75%
S11434,75.0,High (>75%),4.0,Distinction,Low Risk,50-75%
S11435,57.14,Medium (50-75%),1.7142857142857142,Pass,Low Risk,50-75%
S11436,83.33,High (>75%),2.6666666666666665,Pass,Low Risk,75-100%
S11437,25.0,Low (<50%),0.8571428571428571,Fail,High Risk,0-25%
S11438,83.33,High (>75%),2.3333333333333335,Pass,Low Risk,75-100%
S11439,100.0,High (>75%),2.5714285714285716,Pass,Low Risk,75-100%
S11440,0.0,Low (<50%),0.6666666666666666,Fail,High Risk,
S11441,0.0,Low (<50%),3.0,Distinction,High Risk,
S11442,50.0,Medium (50-75%),0.0,Fail,High Risk,25-50%
S11443,50.0,Medium (50-75%),0.0,Fail,High Risk,25-50%
S11444,40.0,Low (<50%),1.75,Pass,High Risk,25-50%
S11445,75.0,High (>75%),0.0,Fail,High Risk,50-75%
S11446,100.0,High (>75%),2.0,Pass,Low Risk,75-100%
S11447,100.0,High (>75%),2.0,Pass,Low Risk,75-100%
S11448,50.0,Medium (50-75%),0.0,Fail,High Risk,25-50%
S11449,50.0,Medium (50-75%),0.8,Fail,High Risk,25-50%
S11450,0.0,Low (<50%),2.0,Pass,High Risk,
S11451,100.0,High (>75%),2.0,Pass,Low Risk,75-100%
S11452,75.0,High (>75%),1.3333333333333333,Fail,High Risk,50-75%
S11454,100.0,High (>75%),2.5,Pass,Low Risk,75-100%
S11455,100.0,High (>75%),2.6666666666666665,Pass,Low Risk,75-100%
S11456,80.0,High (>75%),1.5,Fail,Low Risk,75-100%
S11457,66.67,Medium (50-75%),2.5,Pass,Low Risk,50-75%
S11458,0.0,Low (<50%),1.5,Fail,High Risk,
S11459,50.0,Medium (50-75%),3.0,Distinction,Low Risk,25-50%
S11460,60.0,Medium (50-75%),1.6666666666666667,Pass,Low Risk,50-75%
S11461,50.0,Medium (50-75%),1.0,Fail,High Risk,25-50%
S11462,100.0,High (>75%),3.0,Distinction,Low Risk,75-100%
S11463,100.0,High (>75%),2.5,Pass,Low Risk,75-100%
S11464,100.0,High (>75%),2.0,Pass,Low Risk,75-100%
S11465,100.0,High (>75%),1.8,Pass,Low Risk,75-100%
S11466,0.0,Low (<50%),2.0,Pass,High Risk,
S11467,66.67,Medium (50-75%),2.5,Pass,Low Risk,50-75%
S11468,75.0,High (>75%),2.5,Pass,Low Risk,50-75%
S11469,25.0,Low (<50%),2.0,Pass,High Risk,0-25%
S11470,100.0,High (>75%),2.2,Pass,Low Risk,75-100%
S11471,50.0,Medium (50-75%),2.3333333333333335,Pass,Low Risk,25-50%
S11472,50.0,Medium (50-75%),2.6666666666666665,Pass,Low Risk,25-50%
S11473,100.0,High (>75%),2.0,Pass,Low Risk,75-100%
S11474,40.0,Low (<50%),0.0,Fail,High Risk,25-50%
S11475,50.0,Medium (50-75%),2.5,Pass,Low Risk,25-50%
S11476,80.0,High (>75%),1.0,Fail,High Risk,75-100%
S11477,80.0,High (>75%),3.0,Distinction,Low Risk,75-100%
S11478,100.0,High (>75%),2.0,Pass,Low Risk,75-100%
S11479,0.0,Low (<50%),1.5,Fail,High Risk,
S11480,100.0,High (>75%),2.0,Pass,Low Risk,75-100%
S11481,66.67,Medium (50-75%),2.2,Pass,Low Risk,50-75%
S11482,100.0,High (>75%),1.0,Fail,High Risk,75-100%
S11483,66.67,Medium (50-75%),1.3333333333333333,Fail,High Risk,50-75%
S11484,100.0,High (>75%),3.5,Distinction,Low Risk,75-100%
S11485,33.33,Low (<50%),2.4,Pass,High Risk,25-50%
S11486,100.0,High (>75%),2.5,Pass,Low Risk,75-100%
S11487,33.33,Low (<50%),1.75,Pass,High Risk,25-50%
S11488,25.0,Low (<50%),1.5,Fail,High Risk,0-25%
S11489,100.0,High (>75%),0.0,Fail,High Risk,75-100%
S11490,100.0,High (>75%),1.75,Pass,Low Risk,75-100%
S11491,50.0,Medium (50-75%),1.6666666666666667,Pass,Low Risk,25-50%
S11492,66.67,Medium (50-75%),1.0,Fail,High Risk,50-75%
S11493,40.0,Low (<50%),1.2857142857142858,Fail,High Risk,25-50%
S11494,33.33,Low (<50%),1.25,Fail,High Risk,25-50%
S11496,50.0,Medium (50-75%),2.8,Pass,Low Risk,25-50%
S11497,50.0,Medium (50-75%),2.0,Pass,Low Risk,25-50%
S11498,100.0,High (>75%),2.5,Pass,Low Risk,75-100%
S11499,50.0,Medium (50-75%),1.5,Fail,Low Risk,25-50%
S11500,50.0,Medium (50-75%),1.6666666666666667,Pass,Low Risk,25-50%
S11501,100.0,High (>75%),2.5,Pass,Low Risk,75-100%
S11502,100.0,High (>75%),1.75,Pass,Low Risk,75-100%
S11503,100.0,High (>75%),3.0,Distinction,Low Risk,75-100%
S11504,50.0,Medium (50-75%),2.6,Pass,Low Risk,25-50%
S11505,100.0,High (>75%),1.8571428571428572,Pass,Low Risk,75-100%
S11506,50.0,Medium (50-75%),3.0,Distinction,Low Risk,25-50%
S11508,100.0,High (>75%),2.0,Pass,Low Risk,75-100%
S11509,100.0,High (>75%),2.5,Pass,Low Risk,75-100%
S11510,100.0,High (>75%),2.25,Pass,Low Risk,75-100%
S11511,100.0,High (>75%),3.0,Distinction,Low Risk,75-100%
S11512,0.0,Low (<50%),0.4,Fail,High Risk,
S11513,100.0,High (>75%),1.25,Fail,High Risk,75-100%
S11514,80.0,High (>75%),2.0,Pass,Low Risk,75-100%
S11515,75.0,High (>75%),4.0,Distinction,Low Risk,50-75%
S11516,100.0,High (>75%),2.0,Pass,Low Risk,75-100%
S11517,100.0,High (>75%),2.0,Pass,Low Risk,75-100%
S11518,100.0,High (>75%),1.8,Pass,Low Risk,75-100%
S11519,100.0,High (>75%),3.5,Distinction,Low Risk,75-100%
S11520,66.67,Medium (50-75%),0.0,Fail,High Risk,50-75%
S11521,66.67,Medium (50-75%),2.5714285714285716,Pass,Low Risk,50-75%
S11522,100.0,High (>75%),3.0,Distinction,Low Risk,75-100%
S11523,50.0,Medium (50-75%),1.0,Fail,High Risk,25-50%
S11524,100.0,High (>75%),2.0,Pass,Low Risk,75-100%
S11525,75.0,High (>75%),2.142857142857143,Pass,Low Risk,50-75%
S11526,66.67,Medium (50-75%),2.3333333333333335,Pass,Low Risk,50-75%
S11527,66.67,Medium (50-75%),3.1666666666666665,Distinction,Low Risk,50-75%
S11528,83.33,High (>75%),1.2857142857142858,Fail,High Risk,75-100%
S11529,66.67,Medium (50-75%),1.5,Fail,Low Risk,50-75%
S11530,0.0,Low (<50%),1.125,Fail,High Risk,
S11531,50.0,Medium (50-75%),1.25,Fail,High Risk,25-50%
S11532,50.0,Medium (50-75%),1.5,Fail,Low Risk,25-50%
S11533,50.0,Medium (50-75%),2.3333333333333335,Pass,Low Risk,25-50%
S11534,75.0,High (>75%),1.5,Fail,Low Risk,50-75%
S11535,100.0,High (>75%),2.5,Pass,Low Risk,75-100%
S11536,66.67,Medium (50-75%),0.6666666666666666,Fail,High Risk,50-75%
S11537,33.33,Low (<50%),0.0,Fail,High Risk,25-50%
S11538,80.0,High (>75%),1.2,Fail,High Risk,75-100%
S11539,33.33,Low (<50%),2.0,Pass,High Risk,25-50%
S11540,66.67,Medium (50-75%),2.6666666666666665,Pass,Low Risk,50-75%
S11541,25.0,Low (<50%),2.0,Pass,High Risk,0-25%
S11542,66.67,Medium (50-75%),1.5,Fail,Low Risk,50-75%
S11543,40.0,Low (<50%),2.5,Pass,High Risk,25-50%
S11544,80.0,High (>75%),1.0,Fail,High Risk,75-100%
S11545,50.0,Medium (50-75%),1.0,Fail,High Risk,25-50%
S11546,50.0,Medium (50-75%),1.8333333333333333,Pass,Low Risk,25-50%
S11547,66.67,Medium (50-75%),3.5,Distinction,Low Risk,50-75%
S11548,33.33,Low (<50%),2.3333333333333335,Pass,High Risk,25-50%
S11549,0.0,Low (<50%),2.0,Pass,High Risk,
S11550,66.67,Medium (50-75%),3.0,Distinction,Low Risk,50-75%
S11551,60.0,Medium (50-75%),1.8333333333333333,Pass,Low Risk,50-75%
S11552,100.0,High (>75%),2.8,Pass,Low Risk,75-100%
S11553,0.0,Low (<50%),2.0,Pass,High Risk,
S11554,0.0,Low (<50%),0.25,Fail,High Risk,
S11555,40.0,Low (<50%),1.4,Fail,High Risk,25-50%
S11556,100.0,High (>75%),3.3333333333333335,Distinction,Low Risk,75-100%
S11557,100.0,High (>75%),2.0,Pass,Low Risk,75-100%
S11558,50.0,Medium (50-75%),1.5,Fail,Low Risk,25-50%
S11559,100.0,High (>75%),1.0,Fail,High Risk,75-100%
S11560,66.67,Medium (50-75%),2.2,Pass,Low Risk,50-75%
S11561,66.67,Medium (50-75%),2.0,Pass,Low Risk,50-75%
S11562,50.0,Medium (50-75%),2.4,Pass,Low Risk,25-50%
S11563,100.0,High (>75%),0.75,Fail,High Risk,75-100%
S11565,100.0,High (>75%),2.75,Pass,Low Risk,75-100%
S11566,0.0,Low (<50%),2.4,Pass,High Risk,
S11567,50.0,Medium (50-75%),1.25,Fail,High Risk,25-50%
S11568,100.0,High (>75%),1.0,Fail,High Risk,75-100%
S11569,66.67,Medium (50-75%),2.3333333333333335,Pass,Low Risk,50-75%
S11570,50.0,Medium (50-75%),1.0,Fail,High Risk,25-50%
S11571,100.0,High (>75%),2.0,Pass,Low Risk,75-100%
S11572,83.33,High (>75%),1.0,Fail,High Risk,75-100%
S11573,50.0,Medium (50-75%),1.0,Fail,High Risk,25-50%
S11574,100.0,High (>75%),2.4,Pass,Low Risk,75-100%
S11575,100.0,High (>75%),0.5,Fail,High Risk,75-100%
S11576,0.0,Low (<50%),2.3333333333333335,Pass,High Risk,
S11577,100.0,High (>75%),1.0,Fail,High Risk,75-100%
S11578,0.0,Low (<50%),2.2,Pass,High Risk,
S11579,75.0,High (>75%),2.0,Pass,Low Risk,50-75%
S11580,100.0,High (>75%),1.6,Pass,Low Risk,75-100%
S11581,100.0,High (>75%),1.3333333333333333,Fail,High Risk,75-100%
S11582,66.67,Medium (50-75%),1.6666666666666667,Pass,Low Risk,50-75%
S11583,100.0,High (>75%),4.0,Distinction,Low Risk,75-100%
S11584,33.33,Low (<50%),3.3333333333333335,Distinction,High Risk,25-50%
S11585,33.33,Low (<50%),1.6666666666666667,Pass,High Risk,25-50%
S11586,66.67,Medium (50-75%),2.0,Pass,Low Risk,50-75%
S11587,50.0,Medium (50-75%),1.5,Fail,Low Risk,25-50%
S11588,100.0,High (>75%),3.0,Distinction,Low Risk,75-100%
S11589,62.5,Medium (50-75%),2.0,Pass,Low Risk,50-75%
S11590,100.0,High (>75%),1.3333333333333333,Fail,High Risk,75-100%
S11591,50.0,Medium (50-75%),2.0,Pass,Low Risk,25-50%
S11592,66.67,Medium (50-75%),2.25,Pass,Low Risk,50-75%
S11593,50.0,Medium (50-75%),1.7142857142857142,Pass,Low Risk,25-50%
S11595,50.0,Medium (50-75%),2.75,Pass,Low Risk,25-50%
S11596,80.0,High (>75%),3.0,Distinction,Low Risk,75-100%
S11597,50.0,Medium (50-75%),1.0,Fail,High Risk,25-50%
S11598,20.0,Low (<50%),2.6666666666666665,Pass,High Risk,0-25%
S11599,50.0,Medium (50-75%),0.6666666666666666,Fail,High Risk,25-50%
S11600,0.0,Low (<50%),1.0,Fail,High Risk,
S11601,100.0,High (>75%),3.5,Distinction,Low Risk,75-100%
S11602,75.0,High (>75%),3.0,Distinction,Low Risk,50-75%
S11604,100.0,High (>75%),1.0,Fail,High Risk,75-100%
S11605,80.0,High (>75%),1.0,Fail,High Risk,75-100%
S11606,50.0,Medium (50-75%),2.0,Pass,Low Risk,25-50%
S11607,50.0,Medium (50-75%),1.5,Fail,Low Risk,25-50%
S11608,50.0,Medium (50-75%),1.3333333333333333,Fail,High Risk,25-50%
S11609,71.43,Medium (50-75%),2.25,Pass,Low Risk,50-75%
S11610,100.0,High (>75%),0.6666666666666666,Fail,High Risk,75-100%
S11611,75.0,High (>75%),2.2,Pass,Low Risk,50-75%
S11612,66.67,Medium (50-75%),1.4,Fail,High Risk,50-75%
S11613,75.0,High (>75%),2.3333333333333335,Pass,Low Risk,50-75%
S11614,100.0,High (>75%),2.3333333333333335,Pass,Low Risk,75-100%
S11615,80.0,High (>75%),0.2,Fail,High Risk,75-100%
S11616,100.0,High (>75%),2.0,Pass,Low Risk,75-100%
S11617,50.0,Medium (50-75%),2.0,Pass,Low Risk,25-50%
S11618,80.0,High (>75%),2.4,Pass,Low Risk,75-100%
S11619,100.0,High (>75%),0.8,Fail,High Risk,75-100%
S11620,100.0,High (>75%),1.2,Fail,High Risk,75-100%
S11621,0.0,Low (<50%),1.0,Fail,High Risk,
S11622,100.0,High (>75%),4.0,Distinction,Low Risk,75-100%
S11623,75.0,High (>75%),1.0,Fail,High Risk,50-75%
S11624,100.0,High (>75%),2.0,Pass,Low Risk,75-100%
S11626,60.0,Medium (50-75%),2.0,Pass,Low Risk,50-75%
S11627,100.0,High (>75%),2.1666666666666665,Pass,Low Risk,75-100%
S11628,66.67,Medium (50-75%),3.4,Distinction,Low Risk,50-75%
S11629,50.0,Medium (50-75%),1.2,Fail,High Risk,25-50%
S11630,100.0,High (>75%),0.75,Fail,High Risk,75-100%
S11631,100.0,High (>75%),0.6666666666666666,Fail,High Risk,75-100%
S11632,100.0,High (>75%),2.0,Pass,Low Risk,75-100%
S11633,100.0,High (>75%),2.0,Pass,Low Risk,75-100%
S11634,75.0,High (>75%),2.0,Pass,Low Risk,50-75%
S11635,100.0,High (>75%),4.0,Distinction,Low Risk,75-100%
S11636,66.67,Medium (50-75%),1.75,Pass,Low Risk,50-75%
S11637,0.0,Low (<50%),2.8,Pass,High Risk,
S11638,50.0,Medium (50-75%),2.25,Pass,Low Risk,25-50%
S11639,33.33,Low (<50%),1.4,Fail,High Risk,25-50%
S11640,0.0,Low (<50%),0.0,Fail,High Risk,
S11641,33.33,Low (<50%),1.5,Fail,High Risk,25-50%
S11642,100.0,High (>75%),2.6666666666666665,Pass,Low Risk,75-100%
S11643,50.0,Medium (50-75%),2.625,Pass,Low Risk,25-50%
S11644,50.0,Medium (50-75%),2.75,Pass,Low Risk,25-50%
S11645,40.0,Low (<50%),2.0,Pass,High Risk,25-50%
S11646,85.71,High (>75%),2.5,Pass,Low Risk,75-100%
S11647,33.33,Low (<50%),1.25,Fail,High Risk,25-50%
S11648,33.33,Low (<50%),2.0,Pass,High Risk,25-50%
S11649,50.0,Medium (50-75%),1.75,Pass,Low Risk,25-50%
S11650,0.0,Low (<50%),2.0,Pass,High Risk,
S11651,100.0,High (>75%),1.0,Fail,High Risk,75-100%
S11652,66.67,Medium (50-75%),2.0,Pass,Low Risk,50-75%
S11653,60.0,Medium (50-75%),1.4,Fail,High Risk,50-75%
S11654,57.14,Medium (50-75%),2.6,Pass,Low Risk,50-75%
S11655,40.0,Low (<50%),2.142857142857143,Pass,High Risk,25-50%
S11656,0.0,Low (<50%),1.5,Fail,High Risk,
S11657,100.0,High (>75%),1.5,Fail,Low Risk,75-100%
S11658,75.0,High (>75%),1.8,Pass,Low Risk,50-75%
S11659,75.0,High (>75%),1.6666666666666667,Pass,Low Risk,50-75%
S11660,57.14,Medium (50-75%),4.0,Distinction,Low Risk,50-75%
S11661,75.0,High (>75%),1.6666666666666667,Pass,Low Risk,50-75%
S11662,66.67,Medium (50-75%),1.8,Pass,Low Risk,50-75%
S11663,66.67,Medium (50-75%),1.875,Pass,Low Risk,50-75%
S11664,0.0,Low (<50%),3.0,Distinction,High Risk,
S11665,75.0,High (>75%),2.0,Pass,Low Risk,50-75%
S11666,0.0,Low (<50%),3.0,Distinction,High Risk,
S11667,42.86,Low (<50%),2.4,Pass,High Risk,25-50%
S11669,75.0,High (>75%),1.6666666666666667,Pass,Low Risk,50-75%
S11670,100.0,High (>75%),1.3333333333333333,Fail,High Risk,75-100%
S11671,25.0,Low (<50%),2.142857142857143,Pass,High Risk,0-25%
S11672,100.0,High (>75%),2.4,Pass,Low Risk,75-100%
S11673,55.56,Medium (50-75%),3.0,Distinction,Low Risk,50-75%
S11674,100.0,High (>75%),2.0,Pass,Low Risk,75-100%
S11675,50.0,Medium (50-75%),1.6,Pass,Low Risk,25-50%
S11676,50.0,Medium (50-75%),2.0,Pass,Low Risk,25-50%
S11677,100.0,High (>75%),0.0,Fail,High Risk,75-100%
S11678,60.0,Medium (50-75%),2.3333333333333335,Pass,Low Risk,50-75%
S11679,66.67,Medium (50-75%),4.0,Distinction,Low Risk,50-75%
S11680,42.86,Low (<50%),1.3333333333333333,Fail,High Risk,25-50%
S11681,100.0,High (>75%),0.0,Fail,High Risk,75-100%
S11682,100.0,High (>75%),4.0,Distinction,Low Risk,75-100%
S11683,33.33,Low (<50%),2.6,Pass,High Risk,25-50%
S11684,75.0,High (>75%),1.3333333333333333,Fail,High Risk,50-75%
S11685,50.0,Medium (50-75%),2.3333333333333335,Pass,Low Risk,25-50%
S11686,100.0,High (>75%),2.7777777777777777,Pass,Low Risk,75-100%
S11688,100.0,High (>75%),1.75,Pass,Low Risk,75-100%
S11689,100.0,High (>75%),1.25,Fail,High Risk,75-100%
S11690,100.0,High (>75%),1.4,Fail,High Risk,75-100%
S11691,60.0,Medium (50-75%),1.6666666666666667,Pass,Low Risk,50-75%
S11692,60.0,Medium (50-75%),2.0,Pass,Low Risk,50-75%
S11693,66.67,Medium (50-75%),2.5,Pass,Low Risk,50-75%
S11694,66.67,Medium (50-75%),2.0,Pass,Low Risk,50-75%
S11695,75.0,High (>75%),0.25,Fail,High Risk,50-75%
S11696,0.0,Low (<50%),1.1428571428571428,Fail,High Risk,
S11697,83.33,High (>75%),3.3333333333333335,Distinction,Low Risk,75-100%
S11698,50.0,Medium (50-75%),3.3333333333333335,Distinction,Low Risk,25-50%
S11699,0.0,Low (<50%),2.25,Pass,High Risk,
S11700,57.14,Medium (50-75%),1.25,Fail,High Risk,50-75%
S11702,66.67,Medium (50-75%),2.0,Pass,Low Risk,50-75%
S11703,50.0,Medium (50-75%),1.0,Fail,High Risk,25-50%
S11704,100.0,High (>75%),2.0,Pass,Low Risk,75-100%
S11705,50.0,Medium (50-75%),1.6666666666666667,Pass,Low Risk,25-50%
S11706,50.0,Medium (50-75%),2.5,Pass,Low Risk,25-50%
S11707,100.0,High (>75%),2.0,Pass,Low Risk,75-100%
S11708,100.0,High (>75%),2.0,Pass,Low Risk,75-100%
S11709,50.0,Medium (50-75%),1.8,Pass,Low Risk,25-50%
S11710,80.0,High (>75%),1.25,Fail,High Risk,75-100%
S11712,83.33,High (>75%),1.5,Fail,Low Risk,75-100%
S11713,66.67,Medium (50-75%),2.0,Pass,Low Risk,50-75%
S11714,42.86,Low (<50%),2.5,Pass,High Risk,25-50%
S11715,66.67,Medium (50-75%),2.0,Pass,Low Risk,50-75%
S11716,66.67,Medium (50-75%),1.6666666666666667,Pass,Low Risk,50-75%
S11717,50.0,Medium (50-75%),1.5,Fail,Low Risk,25-50%
S11718,100.0,High (>75%),4.0,Distinction,Low Risk,75-100%
S11719,66.67,Medium (50-75%),1.0,Fail,High Risk,50-75%
S11720,66.67,Medium (50-75%),2.0,Pass,Low Risk,50-75%
S11721,75.0,High (>75%),1.5,Fail,Low Risk,50-75%
S11722,66.67,Medium (50-75%),1.6666666666666667,Pass,Low Risk,50-75%
S11723,50.0,Medium (50-75%),3.5,Distinction,Low Risk,25-50%
S11725,33.33,Low (<50%),1.25,Fail,High Risk,25-50%
S11726,66.67,Medium (50-75%),1.2,Fail,High Risk,50-75%
S11727,0.0,Low (<50%),2.3333333333333335,Pass,High Risk,
S11728,50.0,Medium (50-75%),1.5,Fail,Low Risk,25-50%
S11729,33.33,Low (<50%),2.0,Pass,High Risk,25-50%
S11730,100.0,High (>75%),2.0,Pass,Low Risk,75-100%
S11731,50.0,Medium (50-75%),1.0,Fail,High Risk,25-50%
S11732,33.33,Low (<50%),1.0,Fail,High Risk,25-50%
S11733,100.0,High (>75%),1.5714285714285714,Fail,Low Risk,75-100%
S11734,75.0,High (>75%),2.0,Pass,Low Risk,50-75%
S11735,75.0,High (>75%),2.0,Pass,Low Risk,50-75%
S11736,0.0,Low (<50%),3.3333333333333335,Distinction,High Risk,
S11737,66.67,Medium (50-75%),3.5,Distinction,Low Risk,50-75%
S11738,33.33,Low (<50%),1.5,Fail,High Risk,25-50%
S11740,0.0,Low (<50%),2.8,Pass,High Risk,
S11741,60.0,Medium (50-75%),2.5,Pass,Low Risk,50-75%
S11743,100.0,High (>75%),2.0,Pass,Low Risk,75-100%
S11744,33.33,Low (<50%),2.75,Pass,High Risk,25-50%
S11745,75.0,High (>75%),1.6666666666666667,Pass,Low Risk,50-75%
S11746,50.0,Medium (50-75%),2.0,Pass,Low Risk,25-50%
S11747,100.0,High (>75%),2.5,Pass,Low Risk,75-100%
S11748,80.0,High (>75%),4.0,Distinction,Low Risk,75-100%
S11749,50.0,Medium (50-75%),1.5,Fail,Low Risk,25-50%
S11751,100.0,High (>75%),2.3333333333333335,Pass,Low Risk,75-100%
S11752,50.0,Medium (50-75%),1.6666666666666667,Pass,Low Risk,25-50%
S11753,50.0,Medium (50-75%),1.5,Fail,Low Risk,25-50%
S11754,0.0,Low (<50%),1.5,Fail,High Risk,
S11755,50.0,Medium (50-75%),1.5,Fail,Low Risk,25-50%
S11756,100.0,High (>75%),2.0,Pass,Low Risk,75-100%
S11757,50.0,Medium (50-75%),3.111111111111111,Distinction,Low Risk,25-50%
S11758,80.0,High (>75%),2.0,Pass,Low Risk,75-100%
S11759,33.33,Low (<50%),2.0,Pass,High Risk,25-50%
S11760,0.0,Low (<50%),2.0,Pass,High Risk,
S11761,75.0,High (>75%),2.6666666666666665,Pass,Low Risk,50-75%
S11762,100.0,High (>75%),3.0,Distinction,Low Risk,75-100%
S11763,100.0,High (>75%),2.6666666666666665,Pass,Low Risk,75-100%
S11765,66.67,Medium (50-75%),0.5,Fail,High Risk,50-75%
S11766,50.0,Medium (50-75%),1.25,Fail,High Risk,25-50%
S11767,100.0,High (>75%),0.5,Fail,High Risk,75-100%
S11768,33.33,Low (<50%),2.0,Pass,High Risk,25-50%
S11769,33.33,Low (<50%),2.75,Pass,High Risk,25-50%
S11770,50.0,Medium (50-75%),2.0,Pass,Low Risk,25-50%
S11771,0.0,Low (<50%),2.5,Pass,High Risk,
S11772,50.0,Medium (50-75%),1.75,Pass,Low Risk,25-50%
S11773,50.0,Medium (50-75%),3.0,Distinction,Low Risk,25-50%
S11774,100.0,High (>75%),1.6,Pass,Low Risk,75-100%
S11777,100.0,High (>75%),2.0,Pass,Low Risk,75-100%
S11778,50.0,Medium (50-75%),2.2,Pass,Low Risk,25-50%
S11779,50.0,Medium (50-75%),0.75,Fail,High Risk,25-50%
S11780,100.0,High (>75%),3.0,Distinction,Low Risk,75-100%
S11781,50.0,Medium (50-75%),1.4285714285714286,Fail,High Risk,25-50%
S11782,66.67,Medium (50-75%),2.5,Pass,Low Risk,50-75%
S11783,0.0,Low (<50%),2.6666666666666665,Pass,High Risk,
S11784,50.0,Medium (50-75%),2.3333333333333335,Pass,Low Risk,25-50%
S11785,100.0,High (>75%),1.0,Fail,High Risk,75-100%
S11786,100.0,High (>75%),3.0,Distinction,Low Risk,75-100%
S11787,100.0,High (>75%),3.0,Distinction,Low Risk,75-100%
S11788,50.0,Medium (50-75%),0.16666666666666666,Fail,High Risk,25-50%
S11789,100.0,High (>75%),1.2,Fail,High Risk,75-100%
S11790,75.0,High (>75%),1.5,Fail,Low Risk,50-75%
S11791,50.0,Medium (50-75%),1.5,Fail,Low Risk,25-50%
S11792,100.0,High (>75%),1.25,Fail,High Risk,75-100%
S11793,50.0,Medium (50-75%),4.0,Distinction,Low Risk,25-50%
S11794,80.0,High (>75%),2.0,Pass,Low Risk,75-100%
S11795,25.0,Low (<50%),4.0,Distinction,High Risk,0-25%
S11796,66.67,Medium (50-75%),1.8571428571428572,Pass,Low Risk,50-75%
S11797,0.0,Low (<50%),2.0,Pass,High Risk,
S11798,100.0,High (>75%),1.2,Fail,High Risk,75-100%
S11799,100.0,High (>75%),1.0,Fail,High Risk,75-100%
S11800,100.0,High (>75%),2.3333333333333335,Pass,Low Risk,75-100%
S11801,66.67,Medium (50-75%),1.75,Pass,Low Risk,50-75%
S11802,25.0,Low (<50%),1.0,Fail,High Risk,0-25%
S11803,50.0,Medium (50-75%),4.0,Distinction,Low Risk,25-50%
S11804,100.0,High (>75%),3.0,Distinction,Low Risk,75-100%
S11805,50.0,Medium (50-75%),2.0,Pass,Low Risk,25-50%
S11806,33.33,Low (<50%),2.0,Pass,High Risk,25-50%
S11807,33.33,Low (<50%),2.0,Pass,High Risk,25-50%
S11808,66.67,Medium (50-75%),1.0,Fail,High Risk,50-75%
S11809,33.33,Low (<50%),1.3333333333333333,Fail,High Risk,25-50%
S11810,0.0,Low (<50%),2.0,Pass,High Risk,
S11811,100.0,High (>75%),1.2,Fail,High Risk,75-100%
S11812,33.33,Low (<50%),0.5,Fail,High Risk,25-50%
S11813,50.0,Medium (50-75%),3.0,Distinction,Low Risk,25-50%
S11814,100.0,High (>75%),2.3333333333333335,Pass,Low Risk,75-100%
S11815,80.0,High (>75%),2.5,Pass,Low Risk,75-100%
S11816,80.0,High (>75%),2.0,Pass,Low Risk,75-100%
S11817,0.0,Low (<50%),1.25,Fail,High Risk,
S11818,66.67,Medium (50-75%),1.75,Pass,Low Risk,50-75%
S11820,100.0,High (>75%),2.5,Pass,Low Risk,75-100%
S11821,66.67,Medium (50-75%),1.0,Fail,High Risk,50-75%
S11822,100.0,High (>75%),1.5,Fail,Low Risk,75-100%
S11823,50.0,Medium (50-75%),1.6666666666666667,Pass,Low Risk,25-50%
S11824,66.67,Medium (50-75%),2.142857142857143,Pass,Low Risk,50-75%
S11825,75.0,High (>75%),1.2,Fail,High Risk,50-75%
S11826,100.0,High (>75%),1.75,Pass,Low Risk,75-100%
S11827,0.0,Low (<50%),2.5,Pass,High Risk,
S11828,50.0,Medium (50-75%),1.0,Fail,High Risk,25-50%
S11829,100.0,High (>75%),2.142857142857143,Pass,Low Risk,75-100%
S11830,50.0,Medium (50-75%),1.0,Fail,High Risk,25-50%
S11831,100.0,High (>75%),2.0,Pass,Low Risk,75-100%
S11832,100.0,High (>75%),1.4,Fail,High Risk,75-100%
S11833,100.0,High (>75%),2.6666666666666665,Pass,Low Risk,75-100%
S11834,100.0,High (>75%),1.0,Fail,High Risk,75-100%
S11835,100.0,High (>75%),1.75,Pass,Low Risk,75-100%
S11836,100.0,High (>75%),2.0,Pass,Low Risk,75-100%
S11837,100.0,High (>75%),3.142857142857143,Distinction,Low Risk,75-100%
S11838,75.0,High (>75%),3.0,Distinction,Low Risk,50-75%
S11839,50.0,Medium (50-75%),0.0,Fail,High Risk,25-50%
S11840,83.33,High (>75%),4.0,Distinction,Low Risk,75-100%
S11841,0.0,Low (<50%),3.0,Distinction,High Risk,
S11842,33.33,Low (<50%),2.1666666666666665,Pass,High Risk,25-50%
S11843,100.0,High (>75%),2.2857142857142856,Pass,Low Risk,75-100%
S11844,0.0,Low (<50%),2.888888888888889,Pass,High Risk,
S11845,0.0,Low (<50%),4.0,Distinction,High Risk,
S11846,100.0,High (>75%),1.2,Fail,High Risk,75-100%
S11847,50.0,Medium (50-75%),1.7142857142857142,Pass,Low Risk,25-50%
S11848,50.0,Medium (50-75%),2.4,Pass,Low Risk,25-50%
S11849,0.0,Low (<50%),3.0,Distinction,High Risk,
S11851,100.0,High (>75%),2.4,Pass,Low Risk,75-100%
S11852,33.33,Low (<50%),1.6666666666666667,Pass,High Risk,25-50%
S11853,50.0,Medium (50-75%),0.0,Fail,High Risk,25-50%
S11854,100.0,High (>75%),1.6,Pass,Low Risk,75-100%
S11855,100.0,High (>75%),2.2,Pass,Low Risk,75-100%
S11856,100.0,High (>75%),2.0,Pass,Low Risk,75-100%
S11857,44.44,Low (<50%),2.142857142857143,Pass,High Risk,25-50%
S11858,100.0,High (>75%),3.0,Distinction,Low Risk,75-100%
S11859,100.0,High (>75%),2.5,Pass,Low Risk,75-100%
S11860,60.0,Medium (50-75%),2.0,Pass,Low Risk,50-75%
S11861,100.0,High (>75%),1.5,Fail,Low Risk,75-100%
S11862,33.33,Low (<50%),2.5,Pass,High Risk,25-50%
S11863,100.0,High (>75%),1.0,Fail,High Risk,75-100%
S11864,50.0,Medium (50-75%),2.0,Pass,Low Risk,25-50%
S11865,100.0,High (>75%),1.6,Pass,Low Risk,75-100%
S11866,100.0,High (>75%),1.3333333333333333,Fail,High Risk,75-100%
S11868,100.0,High (>75%),1.25,Fail,High Risk,75-100%
S11869,75.0,High (>75%),1.0,Fail,High Risk,50-75%
S11870,66.67,Medium (50-75%),2.6666666666666665,Pass,Low Risk,50-75%
S11871,75.0,High (>75%),2.0,Pass,Low Risk,50-75%
S11872,100.0,High (>75%),2.75,Pass,Low Risk,75-100%
S11873,0.0,Low (<50%),1.6666666666666667,Pass,High Risk,
S11875,75.0,High (>75%),2.7142857142857144,Pass,Low Risk,50-75%
S11876,0.0,Low (<50%),2.0,Pass,High Risk,
S11877,50.0,Medium (50-75%),1.8,Pass,Low Risk,25-50%
S11878,60.0,Medium (50-75%),2.0,Pass,Low Risk,50-75%
S11879,75.0,High (>75%),1.75,Pass,Low Risk,50-75%
S11880,60.0,Medium (50-75%),1.0,Fail,High Risk,50-75%
S11881,50.0,Medium (50-75%),2.0,Pass,Low Risk,25-50%
S11882,100.0,High (>75%),2.0,Pass,Low Risk,75-100%
S11883,50.0,Medium (50-75%),1.0,Fail,High Risk,25-50%
S11884,66.67,Medium (50-75%),0.75,Fail,High Risk,50-75%
S11885,75.0,High (>75%),2.0,Pass,Low Risk,50-75%
S11886,0.0,Low (<50%),4.0,Distinction,High Risk,
S11887,66.67,Medium (50-75%),2.0,Pass,Low Risk,50-75%
S11888,100.0,High (>75%),2.0,Pass,Low Risk,75-100%
S11889,50.0,Medium (50-75%),2.0,Pass,Low Risk,25-50%
S11890,50.0,Medium (50-75%),3.0,Distinction,Low Risk,25-50%
S11891,100.0,High (>75%),1.8571428571428572,Pass,Low Risk,75-100%
S11892,50.0,Medium (50-75%),1.0,Fail,High Risk,25-50%
S11893,66.67,Medium (50-75%),3.0,Distinction,Low Risk,50-75%
S11894,75.0,High (>75%),1.0,Fail,High Risk,50-75%
S11895,0.0,Low (<50%),2.3333333333333335,Pass,High Risk,
S11896,75.0,High (>75%),0.0,Fail,High Risk,50-75%
S11897,100.0,High (>75%),3.0,Distinction,Low Risk,75-100%
S11898,75.0,High (>75%),2.0,Pass,Low Risk,50-75%
S11899,100.0,High (>75%),2.5,Pass,Low Risk,75-100%
S11900,0.0,Low (<50%),1.5,Fail,High Risk,
S11901,100.0,High (>75%),1.25,Fail,High Risk,75-100%
S11902,40.0,Low (<50%),1.6,Pass,High Risk,25-50%
S11903,100.0,High (>75%),0.6666666666666666,Fail,High Risk,75-100%
S11904,75.0,High (>75%),0.8,Fail,High Risk,50-75%
S11905,100.0,High (>75%),0.6666666666666666,Fail,High Risk,75-100%
S11906,100.0,High (>75%),2.6,Pass,Low Risk,75-100%
S11907,100.0,High (>75%),0.0,Fail,High Risk,75-100%
S11908,60.0,Medium (50-75%),2.3333333333333335,Pass,Low Risk,50-75%
S11909,50.0,Medium (50-75%),2.0,Pass,Low Risk,25-50%
S11910,75.0,High (>75%),1.8,Pass,Low Risk,50-75%
S11911,50.0,Medium (50-75%),2.0,Pass,Low Risk,25-50%
S11912,100.0,High (>75%),2.3333333333333335,Pass,Low Risk,75-100%
S11914,50.0,Medium (50-75%),1.8,Pass,Low Risk,25-50%
S11915,0.0,Low (<50%),2.0,Pass,High Risk,
S11916,50.0,Medium (50-75%),2.0,Pass,Low Risk,25-50%
S11917,100.0,High (>75%),1.5,Fail,Low Risk,75-100%
S11918,100.0,High (>75%),3.5,Distinction,Low Risk,75-100%
S11919,100.0,High (>75%),2.6,Pass,Low Risk,75-100%
S11920,50.0,Medium (50-75%),2.6666666666666665,Pass,Low Risk,25-50%
S11921,66.67,Medium (50-75%),2.75,Pass,Low Risk,50-75%
S11922,100.0,High (>75%),2.0,Pass,Low Risk,75-100%
S11923,75.0,High (>75%),3.0,Distinction,Low Risk,50-75%
S11924,33.33,Low (<50%),1.5,Fail,High Risk,25-50%
S11926,80.0,High (>75%),1.0,Fail,High Risk,75-100%
S11927,33.33,Low (<50%),2.4,Pass,High Risk,25-50%
S11928,50.0,Medium (50-75%),2.8,Pass,Low Risk,25-50%
S11929,0.0,Low (<50%),1.2,Fail,High Risk,
S11930,100.0,High (>75%),1.25,Fail,High Risk,75-100%
S11931,80.0,High (>75%),1.75,Pass,Low Risk,75-100%
S11932,85.71,High (>75%),1.0,Fail,High Risk,75-100%
S11933,33.33,Low (<50%),2.3333333333333335,Pass,High Risk,25-50%
S11934,100.0,High (>75%),1.0,Fail,High Risk,75-100%
S11935,80.0,High (>75%),2.0,Pass,Low Risk,75-100%
S11936,66.67,Medium (50-75%),3.5,Distinction,Low Risk,50-75%
S11937,60.0,Medium (50-75%),3.0,Distinction,Low Risk,50-75%
S11938,66.67,Medium (50-75%),2.0,Pass,Low Risk,50-75%
S11939,0.0,Low (<50%),2.0,Pass,High Risk,
S11940,66.67,Medium (50-75%),2.8333333333333335,Pass,Low Risk,50-75%
S11941,66.67,Medium (50-75%),2.6666666666666665,Pass,Low Risk,50-75%
S11942,100.0,High (>75%),1.0,Fail,High Risk,75-100%
S11943,100.0,High (>75%),1.5,Fail,Low Risk,75-100%
S11944,100.0,High (>75%),2.5,Pass,Low Risk,75-100%
S11945,50.0,Medium (50-75%),3.0,Distinction,Low Risk,25-50%
S11946,50.0,Medium (50-75%),1.75,Pass,Low Risk,25-50%
S11947,50.0,Medium (50-75%),2.5,Pass,Low Risk,25-50%
S11948,75.0,High (>75%),2.5,Pass,Low Risk,50-75%
S11950,100.0,High (>75%),0.6666666666666666,Fail,High Risk,75-100%
S11951,50.0,Medium (50-75%),1.0,Fail,High Risk,25-50%
S11952,66.67,Medium (50-75%),2.0,Pass,Low Risk,50-75%
S11953,100.0,High (>75%),1.5,Fail,Low Risk,75-100%
S11954,66.67,Medium (50-75%),2.8,Pass,Low Risk,50-75%
S11955,66.67,Medium (50-75%),2.5,Pass,Low Risk,50-75%
S11956,0.0,Low (<50%),3.5,Distinction,High Risk,
S11957,66.67,Medium (50-75%),1.75,Pass,Low Risk,50-75%
S11958,0.0,Low (<50%),0.0,Fail,High Risk,
S11959,100.0,High (>75%),2.0,Pass,Low Risk,75-100%
S11960,50.0,Medium (50-75%),1.5,Fail,Low Risk,25-50%
S11961,50.0,Medium (50-75%),2.0,Pass,Low Risk,25-50%
S11962,75.0,High (>75%),2.0,Pass,Low Risk,50-75%
S11963,100.0,High (>75%),3.0,Distinction,Low Risk,75-100%
S11964,75.0,High (>75%),2.25,Pass,Low Risk,50-75%
S11965,50.0,Medium (50-75%),3.0,Distinction,Low Risk,25-50%
S11966,100.0,High (>75%),2.6666666666666665,Pass,Low Risk,75-100%
S11967,50.0,Medium (50-75%),1.6,Pass,Low Risk,25-50%
S11968,0.0,Low (<50%),1.8,Pass,High Risk,
S11969,83.33,High (>75%),2.6666666666666665,Pass,Low Risk,75-100%
S11970,50.0,Medium (50-75%),3.25,Distinction,Low Risk,25-50%
S11971,100.0,High (>75%),1.5,Fail,Low Risk,75-100%
S11972,100.0,High (>75%),2.0,Pass,Low Risk,75-100%
S11973,33.33,Low (<50%),1.0,Fail,High Risk,25-50%
S11974,66.67,Medium (50-75%),1.6,Pass,Low Risk,50-75%
S11975,100.0,High (>75%),3.25,Distinction,Low Risk,75-100%
S11976,50.0,Medium (50-75%),3.0,Distinction,Low Risk,25-50%
S11977,0.0,Low (<50%),2.2,Pass,High Risk,
S11978,100.0,High (>75%),1.6,Pass,Low Risk,75-100%
S11979,100.0,High (>75%),3.5,Distinction,Low Risk,75-100%
S11980,100.0,High (>75%),3.1666666666666665,Distinction,Low Risk,75-100%
S11981,50.0,Medium (50-75%),2.3333333333333335,Pass,Low Risk,25-50%
S11982,75.0,High (>75%),2.25,Pass,Low Risk,50-75%
S11983,33.33,Low (<50%),3.0,Distinction,High Risk,25-50%
S11984,100.0,High (>75%),2.0,Pass,Low Risk,75-100%
S11985,66.67,Medium (50-75%),1.0,Fail,High Risk,50-75%
S11986,100.0,High (>75%),1.0,Fail,High Risk,75-100%
S11987,66.67,Medium (50-75%),2.75,Pass,Low Risk,50-75%
S11988,100.0,High (>75%),2.5,Pass,Low Risk,75-100%
S11989,100.0,High (>75%),2.0,Pass,Low Risk,75-100%
S11990,100.0,High (>75%),2.25,Pass,Low Risk,75-100%
S11991,50.0,Medium (50-75%),2.4,Pass,Low Risk,25-50%
S11992,50.0,Medium (50-75%),1.8,Pass,Low Risk,25-50%
S11993,50.0,Medium (50-75%),2.625,Pass,Low Risk,25-50%
S11994,100.0,High (>75%),1.0,Fail,High Risk,75-100%
S11995,50.0,Medium (50-75%),2.6666666666666665,Pass,Low Risk,25-50%
S11997,66.67,Medium (50-75%),1.75,Pass,Low Risk,50-75%
S11998,66.67,Medium (50-75%),2.0,Pass,Low Risk,50-75%
S11999,0.0,Low (<50%),0.0,Fail,High Risk,
S12000,75.0,High (>75%),2.0,Pass,Low Risk,50-75%
S12001,0.0,Low (<50%),2.5,Pass,High Risk,
S12003,50.0,Medium (50-75%),0.5,Fail,High Risk,25-50%
S12004,50.0,Medium (50-75%),2.6666666666666665,Pass,Low Risk,25-50%
S12005,50.0,Medium (50-75%),3.0,Distinction,Low Risk,25-50%
S12006,60.0,Medium (50-75%),2.5,Pass,Low Risk,50-75%
S12007,0.0,Low (<50%),1.2,Fail,High Risk,
S12008,50.0,Medium (50-75%),2.0,Pass,Low Risk,25-50%
S12009,50.0,Medium (50-75%),0.5,Fail,High Risk,25-50%
S12010,100.0,High (>75%),1.0,Fail,High Risk,75-100%
S12011,25.0,Low (<50%),1.0,Fail,High Risk,0-25%
S12012,33.33,Low (<50%),1.8888888888888888,Pass,High Risk,25-50%
S12013,100.0,High (>75%),2.0,Pass,Low Risk,75-100%
S12014,50.0,Medium (50-75%),2.0,Pass,Low Risk,25-50%
S12015,100.0,High (>75%),3.0,Distinction,Low Risk,75-100%
S12016,0.0,Low (<50%),2.0,Pass,High Risk,
S12017,50.0,Medium (50-75%),1.0,Fail,High Risk,25-50%
S12018,100.0,High (>75%),2.4285714285714284,Pass,Low Risk,75-100%
S12020,100.0,High (>75%),1.0,Fail,High Risk,75-100%
S12022,75.0,High (>75%),0.5,Fail,High Risk,50-75%
S12023,100.0,High (>75%),3.3333333333333335,Distinction,Low Risk,75-100%
S12024,33.33,Low (<50%),1.8,Pass,High Risk,25-50%
S12025,100.0,High (>75%),1.0,Fail,High Risk,75-100%
S12026,75.0,High (>75%),2.5,Pass,Low Risk,50-75%
S12027,0.0,Low (<50%),2.4,Pass,High Risk,
S12028,66.67,Medium (50-75%),3.0,Distinction,Low Risk,50-75%
S12029,33.33,Low (<50%),1.3333333333333333,Fail,High Risk,25-50%
S12030,0.0,Low (<50%),2.0,Pass,High Risk,
S12031,33.33,Low (<50%),2.0,Pass,High Risk,25-50%
S12032,50.0,Medium (50-75%),3.0,Distinction,Low Risk,25-50%
S12033,100.0,High (>75%),1.0,Fail,High Risk,75-100%
S12034,33.33,Low (<50%),2.2,Pass,High Risk,25-50%
S12035,50.0,Medium (50-75%),1.6666666666666667,Pass,Low Risk,25-50%
S12036,50.0,Medium (50-75%),3.0,Distinction,Low Risk,25-50%
S12037,100.0,High (>75%),0.0,Fail,High Risk,75-100%
S12038,50.0,Medium (50-75%),1.25,Fail,High Risk,25-50%
S12039,75.0,High (>75%),2.25,Pass,Low Risk,50-75%
S12040,100.0,High (>75%),3.2,Distinction,Low Risk,75-100%
S12041,100.0,High (>75%),2.0,Pass,Low Risk,75-100%
S12042,100.0,High (>75%),1.4,Fail,High Risk,75-100%
S12043,66.67,Medium (50-75%),3.25,Distinction,Low Risk,50-75%
S12044,100.0,High (>75%),3.0,Distinction,Low Risk,75-100%
S12045,100.0,High (>75%),2.0,Pass,Low Risk,75-100%
S12046,100.0,High (>75%),2.0,Pass,Low Risk,75-100%
S12047,100.0,High (>75%),2.6,Pass,Low Risk,75-100%
S12048,0.0,Low (<50%),1.6666666666666667,Pass,High Risk,
S12049,100.0,High (>75%),3.6666666666666665,Distinction,Low Risk,75-100%
S12050,75.0,High (>75%),1.6666666666666667,Pass,Low Risk,50-75%
S12051,50.0,Medium (50-75%),1.4,Fail,High Risk,25-50%
S12052,40.0,Low (<50%),3.0,Distinction,High Risk,25-50%
S12054,50.0,Medium (50-75%),3.4,Distinction,Low Risk,25-50%
S12055,100.0,High (>75%),3.0,Distinction,Low Risk,75-100%
S12056,66.67,Medium (50-75%),3.3333333333333335,Distinction,Low Risk,50-75%
S12057,50.0,Medium (50-75%),2.5,Pass,Low Risk,25-50%
S12058,100.0,High (>75%),2.4,Pass,Low Risk,75-100%
S12059,100.0,High (>75%),1.4,Fail,High Risk,75-100%
S12060,100.0,High (>75%),1.4444444444444444,Fail,High Risk,75-100%
S12061,50.0,Medium (50-75%),1.6666666666666667,Pass,Low Risk,25-50%
S12062,100.0,High (>75%),2.5,Pass,Low Risk,75-100%
S12063,80.0,High (>75%),1.8333333333333333,Pass,Low Risk,75-100%
S12064,25.0,Low (<50%),1.5,Fail,High Risk,0-25%
S12065,100.0,High (>75%),1.75,Pass,Low Risk,75-100%
S12066,100.0,High (>75%),1.4,Fail,High Risk,75-100%
S12067,100.0,High (>75%),1.75,Pass,Low Risk,75-100%
S12068,40.0,Low (<50%),0.8,Fail,High Risk,25-50%
S12069,50.0,Medium (50-75%),2.5,Pass,Low Risk,25-50%
S12070,33.33,Low (<50%),0.5,Fail,High Risk,25-50%
S12071,80.0,High (>75%),1.6666666666666667,Pass,Low Risk,75-100%
S12072,80.0,High (>75%),2.0,Pass,Low Risk,75-100%
S12073,75.0,High (>75%),2.0,Pass,Low Risk,50-75%
S12074,75.0,High (>75%),1.2,Fail,High Risk,50-75%
S12075,50.0,Medium (50-75%),2.0,Pass,Low Risk,25-50%
S12076,66.67,Medium (50-75%),1.6666666666666667,Pass,Low Risk,50-75%
S12077,100.0,High (>75%),0.5,Fail,High Risk,75-100%
S12078,50.0,Medium (50-75%),3.0,Distinction,Low Risk,25-50%
S12080,33.33,Low (<50%),1.0,Fail,High Risk,25-50%
S12081,66.67,Medium (50-75%),1.0,Fail,High Risk,50-75%
S12082,60.0,Medium (50-75%),2.3333333333333335,Pass,Low Risk,50-75%
S12083,100.0,High (>75%),2.5,Pass,Low Risk,75-100%
S12084,100.0,High (>75%),2.6,Pass,Low Risk,75-100%
S12085,50.0,Medium (50-75%),0.8333333333333334,Fail,High Risk,25-50%
S12086,33.33,Low (<50%),3.1666666666666665,Distinction,High Risk,25-50%
S12088,100.0,High (>75%),1.6666666666666667,Pass,Low Risk,75-100%
S12089,0.0,Low (<50%),3.0,Distinction,High Risk,
S12090,100.0,High (>75%),2.3333333333333335,Pass,Low Risk,75-100%
S12092,100.0,High (>75%),1.4,Fail,High Risk,75-100%
S12093,80.0,High (>75%),2.1666666666666665,Pass,Low Risk,75-100%
S12095,50.0,Medium (50-75%),2.0,Pass,Low Risk,25-50%
S12096,100.0,High (>75%),1.0,Fail,High Risk,75-100%
S12098,100.0,High (>75%),1.0,Fail,High Risk,75-100%
S12099,75.0,High (>75%),1.6666666666666667,Pass,Low Risk,50-75%
S12100,0.0,Low (<50%),0.0,Fail,High Risk,
S12101,100.0,High (>75%),0.0,Fail,High Risk,75-100%
S12102,50.0,Medium (50-75%),2.0,Pass,Low Risk,25-50%
S12103,25.0,Low (<50%),2.75,Pass,High Risk,0-25%
S12104,0.0,Low (<50%),2.75,Pass,High Risk,
S12105,80.0,High (>75%),4.0,Distinction,Low Risk,75-100%
S12106,60.0,Medium (50-75%),2.0,Pass,Low Risk,50-75%
S12107,100.0,High (>75%),4.0,Distinction,Low Risk,75-100%
S12108,100.0,High (>75%),3.3333333333333335,Distinction,Low Risk,75-100%
S12109,85.71,High (>75%),3.0,Distinction,Low Risk,75-100%
S12110,75.0,High (>75%),4.0,Distinction,Low Risk,50-75%
S12111,66.67,Medium (50-75%),1.3333333333333333,Fail,High Risk,50-75%
S12112,50.0,Medium (50-75%),1.0,Fail,High Risk,25-50%
S12114,50.0,Medium (50-75%),3.0,Distinction,Low Risk,25-50%
S12115,50.0,Medium (50-75%),2.1666666666666665,Pass,Low Risk,25-50%
S12116,33.33,Low (<50%),1.25,Fail,High Risk,25-50%
S12117,75.0,High (>75%),2.0,Pass,Low Risk,50-75%
S12118,66.67,Medium (50-75%),2.0,Pass,Low Risk,50-75%
S12119,50.0,Medium (50-75%),1.0,Fail,High Risk,25-50%
S12120,100.0,High (>75%),2.25,Pass,Low Risk,75-100%
S12121,75.0,High (>75%),2.0,Pass,Low Risk,50-75%
S12122,75.0,High (>75%),0.0,Fail,High Risk,50-75%
S12123,60.0,Medium (50-75%),1.0,Fail,High Risk,50-75%
S12124,16.67,Low (<50%),3.0,Distinction,High Risk,0-25%
S12125,60.0,Medium (50-75%),2.75,Pass,Low Risk,50-75%
S12126,100.0,High (>75%),1.5,Fail,Low Risk,75-100%
S12127,50.0,Medium (50-75%),2.0,Pass,Low Risk,25-50%
S12128,50.0,Medium (50-75%),3.0,Distinction,Low Risk,25-50%
S12129,50.0,Medium (50-75%),1.5714285714285714,Fail,Low Risk,25-50%
S12130,100.0,High (>75%),2.3333333333333335,Pass,Low Risk,75-100%
S12131,33.33,Low (<50%),2.0,Pass,High Risk,25-50%
S12132,100.0,High (>75%),2.25,Pass,Low Risk,75-100%
S12134,75.0,High (>75%),1.0,Fail,High Risk,50-75%
S12135,66.67,Medium (50-75%),2.5555555555555554,Pass,Low Risk,50-75%
S12136,100.0,High (>75%),2.0,Pass,Low Risk,75-100%
S12137,100.0,High (>75%),2.3333333333333335,Pass,Low Risk,75-100%
S12138,100.0,High (>75%),2.0,Pass,Low Risk,75-100%
S12139,66.67,Medium (50-75%),3.0,Distinction,Low Risk,50-75%
S12141,66.67,Medium (50-75%),1.6666666666666667,Pass,Low Risk,50-75%
S12142,100.0,High (>75%),2.2222222222222223,Pass,Low Risk,75-100%
S12143,33.33,Low (<50%),2.4,Pass,High Risk,25-50%
S12144,75.0,High (>75%),1.6666666666666667,Pass,Low Risk,50-75%
S12145,100.0,High (>75%),1.6666666666666667,Pass,Low Risk,75-100%
S12146,33.33,Low (<50%),1.6666666666666667,Pass,High Risk,25-50%
S12147,100.0,High (>75%),2.2,Pass,Low Risk,75-100%
S12148,100.0,High (>75%),1.5,Fail,Low Risk,75-100%
S12149,100.0,High (>75%),1.25,Fail,High Risk,75-100%
S12150,0.0,Low (<50%),1.8571428571428572,Pass,High Risk,
S12151,57.14,Medium (50-75%),2.4,Pass,Low Risk,50-75%
S12152,100.0,High (>75%),1.75,Pass,Low Risk,75-100%
S12153,100.0,High (>75%),2.4,Pass,Low Risk,75-100%
S12154,100.0,High (>75%),2.6,Pass,Low Risk,75-100%
S12155,50.0,Medium (50-75%),2.0,Pass,Low Risk,25-50%
S12156,80.0,High (>75%),2.142857142857143,Pass,Low Risk,75-100%
S12157,50.0,Medium (50-75%),2.0,Pass,Low Risk,25-50%
S12158,66.67,Medium (50-75%),1.5,Fail,Low Risk,50-75%
S12160,100.0,High (>75%),1.5,Fail,Low Risk,75-100%
S12161,75.0,High (>75%),3.0,Distinction,Low Risk,50-75%
S12162,50.0,Medium (50-75%),0.5,Fail,High Risk,25-50%
S12163,33.33,Low (<50%),2.5,Pass,High Risk,25-50%
S12164,100.0,High (>75%),0.5,Fail,High Risk,75-100%
S12165,83.33,High (>75%),2.0,Pass,Low Risk,75-100%
S12166,66.67,Medium (50-75%),0.3333333333333333,Fail,High Risk,50-75%
S12167,33.33,Low (<50%),0.75,Fail,High Risk,25-50%
S12168,50.0,Medium (50-75%),4.0,Distinction,Low Risk,25-50%
S12169,75.0,High (>75%),1.5,Fail,Low Risk,50-75%
S12170,75.0,High (>75%),2.0,Pass,Low Risk,50-75%
S12171,40.0,Low (<50%),2.4,Pass,High Risk,25-50%
S12173,0.0,Low (<50%),2.5,Pass,High Risk,
S12174,66.67,Medium (50-75%),2.0,Pass,Low Risk,50-75%
S12175,100.0,High (>75%),2.6666666666666665,Pass,Low Risk,75-100%
S12176,33.33,Low (<50%),2.3333333333333335,Pass,High Risk,25-50%
S12177,100.0,High (>75%),2.5,Pass,Low Risk,75-100%
S12178,66.67,Medium (50-75%),2.0,Pass,Low Risk,50-75%
S12179,100.0,High (>75%),0.0,Fail,High Risk,75-100%
S12180,50.0,Medium (50-75%),2.0,Pass,Low Risk,25-50%
S12181,100.0,High (>75%),2.0,Pass,Low Risk,75-100%
S12182,0.0,Low (<50%),2.0,Pass,High Risk,
S12184,50.0,Medium (50-75%),2.0,Pass,Low Risk,25-50%
S12185,100.0,High (>75%),4.0,Distinction,Low Risk,75-100%
S12186,33.33,Low (<50%),2.2,Pass,High Risk,25-50%
S12187,100.0,High (>75%),0.0,Fail,High Risk,75-100%
S12188,100.0,High (>75%),1.3333333333333333,Fail,High Risk,75-100%
S12189,75.0,High (>75%),3.0,Distinction,Low Risk,50-75%
S12190,80.0,High (>75%),0.75,Fail,High Risk,75-100%
S12191,100.0,High (>75%),2.25,Pass,Low Risk,75-100%
S12192,71.43,Medium (50-75%),2.5,Pass,Low Risk,50-75%
S12193,50.0,Medium (50-75%),1.25,Fail,High Risk,25-50%
S12194,100.0,High (>75%),2.5714285714285716,Pass,Low Risk,75-100%
S12195,100.0,High (>75%),0.0,Fail,High Risk,75-100%
S12196,100.0,High (>75%),2.0,Pass,Low Risk,75-100%
S12197,100.0,High (>75%),1.3,Fail,High Risk,75-100%
S12198,75.0,High (>75%),2.0,Pass,Low Risk,50-75%
S12199,100.0,High (>75%),1.3333333333333333,Fail,High Risk,75-100%
S12200,0.0,Low (<50%),1.75,Pass,High Risk,
S12201,40.0,Low (<50%),2.0,Pass,High Risk,25-50%
S12202,100.0,High (>75%),2.5,Pass,Low Risk,75-100%
S12203,66.67,Medium (50-75%),3.0,Distinction,Low Risk,50-75%
S12204,57.14,Medium (50-75%),1.75,Pass,Low Risk,50-75%
S12205,50.0,Medium (50-75%),3.0,Distinction,Low Risk,25-50%
S12206,50.0,Medium (50-75%),1.8571428571428572,Pass,Low Risk,25-50%
S12208,42.86,Low (<50%),3.0,Distinction,High Risk,25-50%
S12209,60.0,Medium (50-75%),0.6666666666666666,Fail,High Risk,50-75%
S12210,100.0,High (>75%),1.75,Pass,Low Risk,75-100%
S12211,66.67,Medium (50-75%),2.25,Pass,Low Risk,50-75%
S12212,66.67,Medium (50-75%),2.4285714285714284,Pass,Low Risk,50-75%
S12213,75.0,High (>75%),2.6666666666666665,Pass,Low Risk,50-75%
S12214,50.0,Medium (50-75%),1.5,Fail,Low Risk,25-50%
S12216,85.71,High (>75%),1.75,Pass,Low Risk,75-100%
S12217,100.0,High (>75%),1.5,Fail,Low Risk,75-100%
S12218,100.0,High (>75%),2.2,Pass,Low Risk,75-100%
S12219,60.0,Medium (50-75%),3.0,Distinction,Low Risk,50-75%
S12220,66.67,Medium (50-75%),1.3333333333333333,Fail,High Risk,50-75%
S12221,100.0,High (>75%),2.6,Pass,Low Risk,75-100%
S12222,50.0,Medium (50-75%),1.6,Pass,Low Risk,25-50%
S12223,33.33,Low (<50%),3.1666666666666665,Distinction,High Risk,25-50%
S12224,50.0,Medium (50-75%),1.4444444444444444,Fail,High Risk,25-50%
S12225,75.0,High (>75%),4.0,Distinction,Low Risk,50-75%
S12226,100.0,High (>75%),2.6666666666666665,Pass,Low Risk,75-100%
S12227,0.0,Low (<50%),2.6666666666666665,Pass,High Risk,
S12229,25.0,Low (<50%),1.6666666666666667,Pass,High Risk,0-25%
S12230,60.0,Medium (50-75%),4.0,Distinction,Low Risk,50-75%
S12231,40.0,Low (<50%),2.6666666666666665,Pass,High Risk,25-50%
S12232,100.0,High (>75%),0.25,Fail,High Risk,75-100%
S12233,100.0,High (>75%),1.0,Fail,High Risk,75-100%
S12234,100.0,High (>75%),2.3333333333333335,Pass,Low Risk,75-100%
S12235,50.0,Medium (50-75%),3.0,Distinction,Low Risk,25-50%
S12236,100.0,High (>75%),2.0,Pass,Low Risk,75-100%
S12237,50.0,Medium (50-75%),2.3333333333333335,Pass,Low Risk,25-50%
S12238,0.0,Low (<50%),2.0,Pass,High Risk,
S12239,100.0,High (>75%),1.4,Fail,High Risk,75-100%
S12240,75.0,High (>75%),0.8333333333333334,Fail,High Risk,50-75%
S12241,100.0,High (>75%),2.1666666666666665,Pass,Low Risk,75-100%
S12242,50.0,Medium (50-75%),2.3333333333333335,Pass,Low Risk,25-50%
S12243,75.0,High (>75%),1.0,Fail,High Risk,50-75%
S12244,66.67,Medium (50-75%),1.5,Fail,Low Risk,50-75%
S12245,100.0,High (>75%),2.0,Pass,Low Risk,75-100%
S12246,83.33,High (>75%),1.3333333333333333,Fail,High Risk,75-100%
S12247,66.67,Medium (50-75%),2.4,Pass,Low Risk,50-75%
S12248,80.0,High (>75%),1.8333333333333333,Pass,Low Risk,75-100%
S12249,100.0,High (>75%),2.0,Pass,Low Risk,75-100%
S12250,100.0,High (>75%),2.25,Pass,Low Risk,75-100%
S12251,66.67,Medium (50-75%),2.0,Pass,Low Risk,50-75%
S12252,100.0,High (>75%),1.0,Fail,High Risk,75-100%
S12253,100.0,High (>75%),1.3333333333333333,Fail,High Risk,75-100%
S12254,50.0,Medium (50-75%),2.5,Pass,Low Risk,25-50%
S12255,50.0,Medium (50-75%),3.0,Distinction,Low Risk,25-50%
S12256,100.0,High (>75%),0.0,Fail,High Risk,75-100%
S12257,40.0,Low (<50%),3.6,Distinction,High Risk,25-50%
S12258,66.67,Medium (50-75%),1.6666666666666667,Pass,Low Risk,50-75%
S12259,66.67,Medium (50-75%),1.0,Fail,High Risk,50-75%
S12260,100.0,High (>75%),3.0,Distinction,Low Risk,75-100%
S12261,66.67,Medium (50-75%),1.8333333333333333,Pass,Low Risk,50-75%
S12262,75.0,High (>75%),2.0,Pass,Low Risk,50-75%
S12263,66.67,Medium (50-75%),2.6,Pass,Low Risk,50-75%
S12264,100.0,High (>75%),3.3333333333333335,Distinction,Low Risk,75-100%
S12266,40.0,Low (<50%),0.0,Fail,High Risk,25-50%
S12267,66.67,Medium (50-75%),1.5,Fail,Low Risk,50-75%
S12268,100.0,High (>75%),1.6,Pass,Low Risk,75-100%
S12269,80.0,High (>75%),2.0,Pass,Low Risk,75-100%
S12270,0.0,Low (<50%),2.0,Pass,High Risk,
S12272,66.67,Medium (50-75%),3.0,Distinction,Low Risk,50-75%
S12273,100.0,High (>75%),1.5714285714285714,Fail,Low Risk,75-100%
S12274,100.0,High (>75%),1.4,Fail,High Risk,75-100%
S12275,100.0,High (>75%),2.0,Pass,Low Risk,75-100%
S12276,100.0,High (>75%),2.0,Pass,Low Risk,75-100%
S12277,100.0,High (>75%),1.8,Pass,Low Risk,75-100%
S12278,25.0,Low (<50%),2.6,Pass,High Risk,0-25%
S12279,75.0,High (>75%),2.2,Pass,Low Risk,50-75%
S12280,66.67,Medium (50-75%),2.0,Pass,Low Risk,50-75%
S12282,100.0,High (>75%),1.0,Fail,High Risk,75-100%
S12283,100.0,High (>75%),1.75,Pass,Low Risk,75-100%
S12285,50.0,Medium (50-75%),2.4,Pass,Low Risk,25-50%
S12286,60.0,Medium (50-75%),3.0,Distinction,Low Risk,50-75%
S12287,80.0,High (>75%),1.3333333333333333,Fail,High Risk,75-100%
S12288,50.0,Medium (50-75%),2.5,Pass,Low Risk,25-50%
S12289,0.0,Low (<50%),4.0,Distinction,High Risk,
S12290,50.0,Medium (50-75%),2.0,Pass,Low Risk,25-50%
S12291,66.67,Medium (50-75%),3.5,Distinction,Low Risk,50-75%
S12292,80.0,High (>75%),1.6,Pass,Low Risk,75-100%
S12293,66.67,Medium (50-75%),2.0,Pass,Low Risk,50-75%
S12294,0.0,Low (<50%),1.4,Fail,High Risk,
S12295,50.0,Medium (50-75%),1.7142857142857142,Pass,Low Risk,25-50%
S12296,100.0,High (>75%),1.6,Pass,Low Risk,75-100%
S12297,100.0,High (>75%),2.0,Pass,Low Risk,75-100%
S12298,100.0,High (>75%),3.0,Distinction,Low Risk,75-100%
S12299,100.0,High (>75%),2.0,Pass,Low Risk,75-100%
S12300,100.0,High (>75%),3.25,Distinction,Low Risk,75-100%
S12301,66.67,Medium (50-75%),0.6666666666666666,Fail,High Risk,50-75%
S12302,100.0,High (>75%),1.4,Fail,High Risk,75-100%
S12303,50.0,Medium (50-75%),1.75,Pass,Low Risk,25-50%
S12304,100.0,High (>75%),2.2,Pass,Low Risk,75-100%
S12305,100.0,High (>75%),1.3333333333333333,Fail,High Risk,75-100%
S12306,66.67,Medium (50-75%),2.0,Pass,Low Risk,50-75%
S12307,83.33,High (>75%),1.0,Fail,High Risk,75-100%
S12308,50.0,Medium (50-75%),2.5,Pass,Low Risk,25-50%
S12309,50.0,Medium (50-75%),1.5714285714285714,Fail,Low Risk,25-50%
S12310,75.0,High (>75%),0.3333333333333333,Fail,High Risk,50-75%
S12311,100.0,High (>75%),1.8888888888888888,Pass,Low Risk,75-100%
S12312,0.0,Low (<50%),2.3333333333333335,Pass,High Risk,
S12313,33.33,Low (<50%),2.5,Pass,High Risk,25-50%
S12314,0.0,Low (<50%),2.2,Pass,High Risk,
S12315,50.0,Medium (50-75%),3.0,Distinction,Low Risk,25-50%
S12316,0.0,Low (<50%),3.0,Distinction,High Risk,
S12317,100.0,High (>75%),3.2,Distinction,Low Risk,75-100%
S12318,66.67,Medium (50-75%),2.0,Pass,Low Risk,50-75%
S12319,60.0,Medium (50-75%),1.5,Fail,Low Risk,50-75%
S12320,100.0,High (>75%),1.5714285714285714,Fail,Low Risk,75-100%
S12321,75.0,High (>75%),1.3333333333333333,Fail,High Risk,50-75%
S12322,100.0,High (>75%),0.6666666666666666,Fail,High Risk,75-100%
S12323,100.0,High (>75%),1.3333333333333333,Fail,High Risk,75-100%
S12324,33.33,Low (<50%),1.0,Fail,High Risk,25-50%
S12325,57.14,Medium (50-75%),2.25,Pass,Low Risk,50-75%
S12326,33.33,Low (<50%),2.6666666666666665,Pass,High Risk,25-50%
S12327,100.0,High (>75%),2.5,Pass,Low Risk,75-100%
S12328,75.0,High (>75%),3.0,Distinction,Low Risk,50-75%
S12329,66.67,Medium (50-75%),1.5,Fail,Low Risk,50-75%
S12330,66.67,Medium (50-75%),3.25,Distinction,Low Risk,50-75%
S12331,50.0,Medium (50-75%),0.0,Fail,High Risk,25-50%
S12332,42.86,Low (<50%),2.3333333333333335,Pass,High Risk,25-50%
S12334,66.67,Medium (50-75%),2.5,Pass,Low Risk,50-75%
S12335,25.0,Low (<50%),3.5,Distinction,High Risk,0-25%
S12336,100.0,High (>75%),2.0,Pass,Low Risk,75-100%
S12337,40.0,Low (<50%),1.6666666666666667,Pass,High Risk,25-50%
S12338,100.0,High (>75%),2.5,Pass,Low Risk,75-100%
S12339,100.0,High (>75%),2.4444444444444446,Pass,Low Risk,75-100%
S12340,0.0,Low (<50%),2.6666666666666665,Pass,High Risk,
S12341,83.33,High (>75%),2.5,Pass,Low Risk,75-100%
S12342,50.0,Medium (50-75%),2.0,Pass,Low Risk,25-50%
S12344,20.0,Low (<50%),2.0,Pass,High Risk,0-25%
S12345,66.67,Medium (50-75%),2.4,Pass,Low Risk,50-75%
S12346,66.67,Medium (50-75%),2.25,Pass,Low Risk,50-75%
S12347,100.0,High (>75%),1.3333333333333333,Fail,High Risk,75-100%
S12348,40.0,Low (<50%),2.5,Pass,High Risk,25-50%
S12349,100.0,High (>75%),1.0,Fail,High Risk,75-100%
S12350,100.0,High (>75%),2.25,Pass,Low Risk,75-100%
S12351,100.0,High (>75%),2.5,Pass,Low Risk,75-100%
S12352,100.0,High (>75%),2.5,Pass,Low Risk,75-100%
S12353,50.0,Medium (50-75%),2.0,Pass,Low Risk,25-50%
S12354,60.0,Medium (50-75%),2.0,Pass,Low Risk,50-75%
S12355,66.67,Medium (50-75%),3.0,Distinction,Low Risk,50-75%
S12356,100.0,High (>75%),3.0,Distinction,Low Risk,75-100%
S12357,0.0,Low (<50%),0.25,Fail,High Risk,
S12358,50.0,Medium (50-75%),2.0,Pass,Low Risk,25-50%
S12359,50.0,Medium (50-75%),2.5,Pass,Low Risk,25-50%
S12360,100.0,High (>75%),2.0,Pass,Low Risk,75-100%
S12361,50.0,Medium (50-75%),2.5,Pass,Low Risk,25-50%
S12362,50.0,Medium (50-75%),2.0,Pass,Low Risk,25-50%
S12363,100.0,High (>75%),2.25,Pass,Low Risk,75-100%
S12364,50.0,Medium (50-75%),3.5,Distinction,Low Risk,25-50%
S12365,0.0,Low (<50%),1.3333333333333333,Fail,High Risk,
S12366,50.0,Medium (50-75%),2.6666666666666665,Pass,Low Risk,25-50%
S12367,50.0,Medium (50-75%),3.0,Distinction,Low Risk,25-50%
S12368,66.67,Medium (50-75%),2.6666666666666665,Pass,Low Risk,50-75%
S12369,50.0,Medium (50-75%),0.0,Fail,High Risk,25-50%
S12370,33.33,Low (<50%),2.5714285714285716,Pass,High Risk,25-50%
S12371,0.0,Low (<50%),3.3333333333333335,Distinction,High Risk,
S12372,100.0,High (>75%),2.5,Pass,Low Risk,75-100%
S12373,100.0,High (>75%),1.0,Fail,High Risk,75-100%
S12374,50.0,Medium (50-75%),2.5,Pass,Low Risk,25-50%
S12375,50.0,Medium (50-75%),0.0,Fail,High Risk,25-50%
S12376,80.0,High (>75%),2.3333333333333335,Pass,Low Risk,75-100%
S12377,57.14,Medium (50-75%),2.0,Pass,Low Risk,50-75%
S12378,100.0,High (>75%),1.0,Fail,High Risk,75-100%
S12379,66.67,Medium (50-75%),2.0,Pass,Low Risk,50-75%
S12380,50.0,Medium (50-75%),2.2857142857142856,Pass,Low Risk,25-50%
S12381,60.0,Medium (50-75%),2.3333333333333335,Pass,Low Risk,50-75%
S12382,100.0,High (>75%),1.0,Fail,High Risk,75-100%
S12383,87.5,High (>75%),2.5,Pass,Low Risk,75-100%
S12384,100.0,High (>75%),3.0,Distinction,Low Risk,75-100%
S12385,100.0,High (>75%),1.0,Fail,High Risk,75-100%
S12386,100.0,High (>75%),2.25,Pass,Low Risk,75-100%
S12387,100.0,High (>75%),2.0,Pass,Low Risk,75-100%
S12388,75.0,High (>75%),1.5,Fail,Low Risk,50-75%
S12389,0.0,Low (<50%),2.0,Pass,High Risk,
S12390,75.0,High (>75%),2.5,Pass,Low Risk,50-75%
S12391,25.0,Low (<50%),1.75,Pass,High Risk,0-25%
S12392,66.67,Medium (50-75%),2.0,Pass,Low Risk,50-75%
S12393,42.86,Low (<50%),4.0,Distinction,High Risk,25-50%
S12394,0.0,Low (<50%),1.0,Fail,High Risk,
S12395,100.0,High (>75%),2.4,Pass,Low Risk,75-100%
S12396,75.0,High (>75%),2.6666666666666665,Pass,Low Risk,50-75%
S12397,66.67,Medium (50-75%),1.0,Fail,High Risk,50-75%
S12398,66.67,Medium (50-75%),1.5,Fail,Low Risk,50-75%
S12399,75.0,High (>75%),2.0,Pass,Low Risk,50-75%
S12400,66.67,Medium (50-75%),2.0,Pass,Low Risk,50-75%
S12401,66.67,Medium (50-75%),2.0,Pass,Low Risk,50-75%
S12402,100.0,High (>75%),2.4,Pass,Low Risk,75-100%
S12403,80.0,High (>75%),2.0,Pass,Low Risk,75-100%
S12404,100.0,High (>75%),2.2,Pass,Low Risk,75-100%
S12405,80.0,High (>75%),1.5,Fail,Low Risk,75-100%
S12406,80.0,High (>75%),2.0,Pass,Low Risk,75-100%
S12407,0.0,Low (<50%),2.0,Pass,High Risk,
S12408,0.0,Low (<50%),2.5,Pass,High Risk,
S12409,60.0,Medium (50-75%),3.0,Distinction,Low Risk,50-75%
S12410,50.0,Medium (50-75%),0.0,Fail,High Risk,25-50%
S12411,66.67,Medium (50-75%),1.5,Fail,Low Risk,50-75%
S12412,50.0,Medium (50-75%),1.0,Fail,High Risk,25-50%
S12413,100.0,High (>75%),1.6666666666666667,Pass,Low Risk,75-100%
S12414,75.0,High (>75%),4.0,Distinction,Low Risk,50-75%
S12415,50.0,Medium (50-75%),1.75,Pass,Low Risk,25-50%
S12416,100.0,High (>75%),0.5,Fail,High Risk,75-100%
S12417,0.0,Low (<50%),1.6666666666666667,Pass,High Risk,
S12418,100.0,High (>75%),3.0,Distinction,Low Risk,75-100%
S12419,50.0,Medium (50-75%),1.5,Fail,Low Risk,25-50%
S12421,71.43,Medium (50-75%),2.0,Pass,Low Risk,50-75%
S12422,33.33,Low (<50%),3.0,Distinction,High Risk,25-50%
S12423,100.0,High (>75%),2.0,Pass,Low Risk,75-100%
S12424,50.0,Medium (50-75%),2.3333333333333335,Pass,Low Risk,25-50%
S12425,66.67,Medium (50-75%),2.0,Pass,Low Risk,50-75%
S12426,100.0,High (>75%),1.3333333333333333,Fail,High Risk,75-100%
S12427,100.0,High (>75%),0.5,Fail,High Risk,75-100%
S12428,62.5,Medium (50-75%),1.0,Fail,High Risk,50-75%
S12429,66.67,Medium (50-75%),3.0,Distinction,Low Risk,50-75%
S12430,100.0,High (>75%),3.0,Distinction,Low Risk,75-100%
S12431,66.67,Medium (50-75%),0.5,Fail,High Risk,50-75%
S12432,100.0,High (>75%),1.5,Fail,Low Risk,75-100%
S12433,66.67,Medium (50-75%),2.0,Pass,Low Risk,50-75%
S12434,100.0,High (>75%),2.0,Pass,Low Risk,75-100%
S12435,0.0,Low (<50%),2.0,Pass,High Risk,
S12436,75.0,High (>75%),1.0,Fail,High Risk,50-75%
S12437,42.86,Low (<50%),0.0,Fail,High Risk,25-50%
S12438,0.0,Low (<50%),2.5,Pass,High Risk,
S12439,100.0,High (>75%),2.0,Pass,Low Risk,75-100%
S12440,50.0,Medium (50-75%),1.5,Fail,Low Risk,25-50%
S12441,83.33,High (>75%),3.0,Distinction,Low Risk,75-100%
S12442,100.0,High (>75%),0.0,Fail,High Risk,75-100%
S12443,75.0,High (>75%),1.75,Pass,Low Risk,50-75%
S12444,87.5,High (>75%),0.8333333333333334,Fail,High Risk,75-100%
S12445,0.0,Low (<50%),2.5,Pass,High Risk,
S12446,80.0,High (>75%),2.4,Pass,Low Risk,75-100%
S12447,66.67,Medium (50-75%),1.6666666666666667,Pass,Low Risk,50-75%
S12448,100.0,High (>75%),0.75,Fail,High Risk,75-100%
S12449,50.0,Medium (50-75%),2.0,Pass,Low Risk,25-50%
S12450,83.33,High (>75%),2.2,Pass,Low Risk,75-100%
S12451,100.0,High (>75%),0.0,Fail,High Risk,75-100%
S12452,50.0,Medium (50-75%),1.0,Fail,High Risk,25-50%
S12453,75.0,High (>75%),3.0,Distinction,Low Risk,50-75%
S12454,100.0,High (>75%),3.0,Distinction,Low Risk,75-100%
S12455,50.0,Medium (50-75%),1.6666666666666667,Pass,Low Risk,25-50%
S12456,66.67,Medium (50-75%),1.8,Pass,Low Risk,50-75%
S12457,0.0,Low (<50%),1.8333333333333333,Pass,High Risk,
S12458,50.0,Medium (50-75%),1.5,Fail,Low Risk,25-50%
S12459,50.0,Medium (50-75%),2.3333333333333335,Pass,Low Risk,25-50%
S12460,0.0,Low (<50%),1.75,Pass,High Risk,
S12461,50.0,Medium (50-75%),2.3333333333333335,Pass,Low Risk,25-50%
S12462,20.0,Low (<50%),3.0,Distinction,High Risk,0-25%
S12463,33.33,Low (<50%),2.0,Pass,High Risk,25-50%
S12464,100.0,High (>75%),2.0,Pass,Low Risk,75-100%
S12465,100.0,High (>75%),2.1666666666666665,Pass,Low Risk,75-100%
S12466,75.0,High (>75%),2.3333333333333335,Pass,Low Risk,50-75%
S12467,100.0,High (>75%),2.4285714285714284,Pass,Low Risk,75-100%
S12468,70.0,Medium (50-75%),2.5,Pass,Low Risk,50-75%
S12470,100.0,High (>75%),2.25,Pass,Low Risk,75-100%
S12471,25.0,Low (<50%),2.6,Pass,High Risk,0-25%
S12472,100.0,High (>75%),2.2857142857142856,Pass,Low Risk,75-100%
S12474,66.67,Medium (50-75%),2.5,Pass,Low Risk,50-75%
S12475,0.0,Low (<50%),2.0,Pass,High Risk,
S12476,100.0,High (>75%),3.0,Distinction,Low Risk,75-100%
S12477,80.0,High (>75%),3.5,Distinction,Low Risk,75-100%
S12478,100.0,High (>75%),1.6,Pass,Low Risk,75-100%
S12479,66.67,Medium (50-75%),2.6666666666666665,Pass,Low Risk,50-75%
S12480,40.0,Low (<50%),1.3333333333333333,Fail,High Risk,25-50%
S12481,50.0,Medium (50-75%),2.0,Pass,Low Risk,25-50%
S12482,75.0,High (>75%),2.0,Pass,Low Risk,50-75%
S12483,66.67,Medium (50-75%),1.0,Fail,High Risk,50-75%
S12484,100.0,High (>75%),2.0,Pass,Low Risk,75-100%
S12485,50.0,Medium (50-75%),1.0,Fail,High Risk,25-50%
S12486,100.0,High (>75%),2.75,Pass,Low Risk,75-100%
S12487,66.67,Medium (50-75%),4.0,Distinction,Low Risk,50-75%
S12488,100.0,High (>75%),3.0,Distinction,Low Risk,75-100%
S12489,50.0,Medium (50-75%),2.3333333333333335,Pass,Low Risk,25-50%
S12490,100.0,High (>75%),3.3333333333333335,Distinction,Low Risk,75-100%
S12491,100.0,High (>75%),1.5,Fail,Low Risk,75-100%
S12492,66.67,Medium (50-75%),1.0,Fail,High Risk,50-75%
S12493,50.0,Medium (50-75%),1.6666666666666667,Pass,Low Risk,25-50%
S12494,20.0,Low (<50%),3.0,Distinction,High Risk,0-25%
S12495,100.0,High (>75%),2.0,Pass,Low Risk,75-100%
S12496,50.0,Medium (50-75%),3.0,Distinction,Low Risk,25-50%
S12497,100.0,High (>75%),1.5,Fail,Low Risk,75-100%
S12498,50.0,Medium (50-75%),2.0,Pass,Low Risk,25-50%
S12499,100.0,High (>75%),1.0,Fail,High Risk,75-100%
S12500,75.0,High (>75%),2.8,Pass,Low Risk,50-75%
S12501,100.0,High (>75%),1.6666666666666667,Pass,Low Risk,75-100%
S12502,66.67,Medium (50-75%),1.3333333333333333,Fail,High Risk,50-75%
S12503,25.0,Low (<50%),2.4285714285714284,Pass,High Risk,0-25%
S12504,100.0,High (>75%),3.5,Distinction,Low Risk,75-100%
S12505,0.0,Low (<50%),2.0,Pass,High Risk,
S12506,60.0,Medium (50-75%),2.6666666666666665,Pass,Low Risk,50-75%
S12507,33.33,Low (<50%),2.0,Pass,High Risk,25-50%
S12508,33.33,Low (<50%),2.0,Pass,High Risk,25-50%
S12509,100.0,High (>75%),1.0,Fail,High Risk,75-100%
S12510,100.0,High (>75%),2.0,Pass,Low Risk,75-100%
S12511,50.0,Medium (50-75%),3.5,Distinction,Low Risk,25-50%
S12512,0.0,Low (<50%),0.75,Fail,High Risk,
S12513,66.67,Medium (50-75%),1.0,Fail,High Risk,50-75%
S12514,100.0,High (>75%),1.0,Fail,High Risk,75-100%
S12515,0.0,Low (<50%),2.5,Pass,High Risk,
S12516,66.67,Medium (50-75%),2.0,Pass,Low Risk,50-75%
S12517,25.0,Low (<50%),2.142857142857143,Pass,High Risk,0-25%
S12518,75.0,High (>75%),1.0,Fail,High Risk,50-75%
S12519,33.33,Low (<50%),1.25,Fail,High Risk,25-50%
S12520,75.0,High (>75%),1.0,Fail,High Risk,50-75%
S12521,100.0,High (>75%),2.5,Pass,Low Risk,75-100%
S12522,75.0,High (>75%),2.0,Pass,Low Risk,50-75%
S12523,33.33,Low (<50%),1.5,Fail,High Risk,25-50%
S12524,100.0,High (>75%),1.5,Fail,Low Risk,75-100%
S12525,100.0,High (>75%),2.5,Pass,Low Risk,75-100%
S12526,66.67,Medium (50-75%),0.0,Fail,High Risk,50-75%
S12527,0.0,Low (<50%),2.142857142857143,Pass,High Risk,
S12529,0.0,Low (<50%),2.3333333333333335,Pass,High Risk,
S12530,50.0,Medium (50-75%),1.3333333333333333,Fail,High Risk,25-50%
S12531,60.0,Medium (50-75%),2.0,Pass,Low Risk,50-75%
S12532,66.67,Medium (50-75%),3.0,Distinction,Low Risk,50-75%
S12533,100.0,High (>75%),2.0,Pass,Low Risk,75-100%
S12534,100.0,High (>75%),1.0,Fail,High Risk,75-100%
S12535,100.0,High (>75%),3.5,Distinction,Low Risk,75-100%
S12536,100.0,High (>75%),2.5,Pass,Low Risk,75-100%
S12537,100.0,High (>75%),3.0,Distinction,Low Risk,75-100%
S12538,100.0,High (>75%),1.5,Fail,Low Risk,75-100%
S12539,60.0,Medium (50-75%),1.5,Fail,Low Risk,50-75%
S12540,50.0,Medium (50-75%),2.0,Pass,Low Risk,25-50%
S12542,80.0,High (>75%),2.2,Pass,Low Risk,75-100%
S12543,50.0,Medium (50-75%),1.6666666666666667,Pass,Low Risk,25-50%
S12545,50.0,Medium (50-75%),2.0,Pass,Low Risk,25-50%
S12546,100.0,High (>75%),1.5,Fail,Low Risk,75-100%
S12547,50.0,Medium (50-75%),3.5,Distinction,Low Risk,25-50%
S12548,100.0,High (>75%),2.1666666666666665,Pass,Low Risk,75-100%
S12549,100.0,High (>75%),3.6,Distinction,Low Risk,75-100%
S12550,83.33,High (>75%),3.0,Distinction,Low Risk,75-100%
S12551,50.0,Medium (50-75%),1.75,Pass,Low Risk,25-50%
S12552,100.0,High (>75%),4.0,Distinction,Low Risk,75-100%
S12553,100.0,High (>75%),3.0,Distinction,Low Risk,75-100%
S12554,100.0,High (>75%),2.4,Pass,Low Risk,75-100%
S12556,25.0,Low (<50%),1.3333333333333333,Fail,High Risk,0-25%
S12557,66.67,Medium (50-75%),4.0,Distinction,Low Risk,50-75%
S12558,100.0,High (>75%),2.25,Pass,Low Risk,75-100%
S12559,100.0,High (>75%),2.0,Pass,Low Risk,75-100%
S12560,33.33,Low (<50%),2.2857142857142856,Pass,High Risk,25-50%
S12561,60.0,Medium (50-75%),1.6666666666666667,Pass,Low Risk,50-75%
S12562,75.0,High (>75%),0.0,Fail,High Risk,50-75%
S12563,50.0,Medium (50-75%),2.0,Pass,Low Risk,25-50%
S12564,50.0,Medium (50-75%),2.142857142857143,Pass,Low Risk,25-50%
S12565,100.0,High (>75%),2.5,Pass,Low Risk,75-100%
S12566,100.0,High (>75%),2.3333333333333335,Pass,Low Risk,75-100%
S12567,33.33,Low (<50%),1.0,Fail,High Risk,25-50%
S12568,66.67,Medium (50-75%),3.0,Distinction,Low Risk,50-75%
S12569,100.0,High (>75%),3.5,Distinction,Low Risk,75-100%
S12570,100.0,High (>75%),2.5,Pass,Low Risk,75-100%
S12571,75.0,High (>75%),3.0,Distinction,Low Risk,50-75%
S12572,66.67,Medium (50-75%),2.0,Pass,Low Risk,50-75%
S12573,50.0,Medium (50-75%),2.2857142857142856,Pass,Low Risk,25-50%
S12574,85.71,High (>75%),4.0,Distinction,Low Risk,75-100%
S12575,0.0,Low (<50%),1.5,Fail,High Risk,
S12576,66.67,Medium (50-75%),3.0,Distinction,Low Risk,50-75%
S12577,80.0,High (>75%),1.6666666666666667,Pass,Low Risk,75-100%
S12578,100.0,High (>75%),2.75,Pass,Low Risk,75-100%
S12579,75.0,High (>75%),1.25,Fail,High Risk,50-75%
S12581,0.0,Low (<50%),1.0,Fail,High Risk,
S12582,66.67,Medium (50-75%),1.0,Fail,High Risk,50-75%
S12583,50.0,Medium (50-75%),1.0,Fail,High Risk,25-50%
S12584,0.0,Low (<50%),1.8,Pass,High Risk,
S12585,80.0,High (>75%),1.5,Fail,Low Risk,75-100%
S12586,62.5,Medium (50-75%),0.0,Fail,High Risk,50-75%
S12587,100.0,High (>75%),1.8,Pass,Low Risk,75-100%
S12588,33.33,Low (<50%),2.0,Pass,High Risk,25-50%
S12589,50.0,Medium (50-75%),2.0,Pass,Low Risk,25-50%
S12590,50.0,Medium (50-75%),2.5,Pass,Low Risk,25-50%
S12591,33.33,Low (<50%),3.1666666666666665,Distinction,High Risk,25-50%
S12592,33.33,Low (<50%),2.0,Pass,High Risk,25-50%
S12593,100.0,High (>75%),3.5,Distinction,Low Risk,75-100%
S12594,100.0,High (>75%),2.5,Pass,Low Risk,75-100%
S12595,50.0,Medium (50-75%),1.0,Fail,High Risk,25-50%
S12596,100.0,High (>75%),2.0,Pass,Low Risk,75-100%
S12597,50.0,Medium (50-75%),2.0,Pass,Low Risk,25-50%
S12598,50.0,Medium (50-75%),2.0,Pass,Low Risk,25-50%
S12599,50.0,Medium (50-75%),4.0,Distinction,Low Risk,25-50%
S12600,66.67,Medium (50-75%),0.0,Fail,High Risk,50-75%
S12601,0.0,Low (<50%),2.0,Pass,High Risk,
S12602,100.0,High (>75%),2.6,Pass,Low Risk,75-100%
S12603,50.0,Medium (50-75%),2.3333333333333335,Pass,Low Risk,25-50%
S12604,50.0,Medium (50-75%),0.5,Fail,High Risk,25-50%
S12605,66.67,Medium (50-75%),2.0,Pass,Low Risk,50-75%
S12606,66.67,Medium (50-75%),1.75,Pass,Low Risk,50-75%
S12607,100.0,High (>75%),2.0,Pass,Low Risk,75-100%
S12608,0.0,Low (<50%),1.8,Pass,High Risk,
S12609,50.0,Medium (50-75%),1.6666666666666667,Pass,Low Risk,25-50%
S12610,75.0,High (>75%),2.5,Pass,Low Risk,50-75%
S12611,0.0,Low (<50%),2.5,Pass,High Risk,
S12612,33.33,Low (<50%),2.0,Pass,High Risk,25-50%
S12613,100.0,High (>75%),1.7142857142857142,Pass,Low Risk,75-100%
S12614,75.0,High (>75%),2.8,Pass,Low Risk,50-75%
S12615,0.0,Low (<50%),2.0,Pass,High Risk,
S12616,0.0,Low (<50%),1.25,Fail,High Risk,
S12617,33.33,Low (<50%),0.0,Fail,High Risk,25-50%
S12618,20.0,Low (<50%),1.3333333333333333,Fail,High Risk,0-25%
S12621,100.0,High (>75%),2.0,Pass,Low Risk,75-100%
S12622,66.67,Medium (50-75%),2.5,Pass,Low Risk,50-75%
S12623,0.0,Low (<50%),2.5,Pass,High Risk,
S12624,100.0,High (>75%),1.4,Fail,High Risk,75-100%
S12625,100.0,High (>75%),1.8,Pass,Low Risk,75-100%
S12626,33.33,Low (<50%),3.0,Distinction,High Risk,25-50%
S12627,100.0,High (>75%),1.6666666666666667,Pass,Low Risk,75-100%
S12628,50.0,Medium (50-75%),2.0,Pass,Low Risk,25-50%
S12629,0.0,Low (<50%),0.5,Fail,High Risk,
S12630,100.0,High (>75%),3.0,Distinction,Low Risk,75-100%
S12631,80.0,High (>75%),0.5,Fail,High Risk,75-100%
S12632,100.0,High (>75%),2.1666666666666665,Pass,Low Risk,75-100%
S12633,100.0,High (>75%),3.0,Distinction,Low Risk,75-100%
S12635,50.0,Medium (50-75%),3.0,Distinction,Low Risk,25-50%
S12636,40.0,Low (<50%),2.0,Pass,High Risk,25-50%
S12637,66.67,Medium (50-75%),2.5,Pass,Low Risk,50-75%
S12638,40.0,Low (<50%),1.0,Fail,High Risk,25-50%
S12639,33.33,Low (<50%),1.25,Fail,High Risk,25-50%
S12640,0.0,Low (<50%),2.0,Pass,High Risk,
S12641,0.0,Low (<50%),1.5,Fail,High Risk,
S12642,50.0,Medium (50-75%),2.5,Pass,Low Risk,25-50%
S12643,100.0,High (>75%),2.125,Pass,Low Risk,75-100%
S12644,50.0,Medium (50-75%),0.5,Fail,High Risk,25-50%
S12645,0.0,Low (<50%),2.0,Pass,High Risk,
S12646,60.0,Medium (50-75%),2.3333333333333335,Pass,Low Risk,50-75%
S12647,0.0,Low (<50%),3.6666666666666665,Distinction,High Risk,
S12648,40.0,Low (<50%),2.2,Pass,High Risk,25-50%
S12649,75.0,High (>75%),3.5,Distinction,Low Risk,50-75%
S12650,100.0,High (>75%),2.6666666666666665,Pass,Low Risk,75-100%
S12651,100.0,High (>75%),4.0,Distinction,Low Risk,75-100%
S12652,100.0,High (>75%),2.0,Pass,Low Risk,75-100%
S12653,100.0,High (>75%),2.0,Pass,Low Risk,75-100%
S12654,0.0,Low (<50%),1.3333333333333333,Fail,High Risk,
S12655,75.0,High (>75%),2.0,Pass,Low Risk,50-75%
S12656,100.0,High (>75%),1.8,Pass,Low Risk,75-100%
S12657,100.0,High (>75%),2.3333333333333335,Pass,Low Risk,75-100%
S12658,25.0,Low (<50%),1.5,Fail,High Risk,0-25%
S12659,75.0,High (>75%),2.5,Pass,Low Risk,50-75%
S12660,0.0,Low (<50%),2.142857142857143,Pass,High Risk,
S12661,50.0,Medium (50-75%),2.5,Pass,Low Risk,25-50%
S12662,50.0,Medium (50-75%),3.0,Distinction,Low Risk,25-50%
S12663,100.0,High (>75%),2.5,Pass,Low Risk,75-100%
S12664,100.0,High (>75%),2.25,Pass,Low Risk,75-100%
S12665,100.0,High (>75%),2.3333333333333335,Pass,Low Risk,75-100%
S12666,66.67,Medium (50-75%),0.5,Fail,High Risk,50-75%
S12667,100.0,High (>75%),2.3333333333333335,Pass,Low Risk,75-100%
S12668,100.0,High (>75%),1.5,Fail,Low Risk,75-100%
S12669,75.0,High (>75%),2.5,Pass,Low Risk,50-75%
S12670,75.0,High (>75%),1.5,Fail,Low Risk,50-75%
S12671,100.0,High (>75%),2.0,Pass,Low Risk,75-100%
S12672,100.0,High (>75%),2.0,Pass,Low Risk,75-100%
S12673,100.0,High (>75%),3.0,Distinction,Low Risk,75-100%
S12674,50.0,Medium (50-75%),1.5,Fail,Low Risk,25-50%
S12675,100.0,High (>75%),1.5,Fail,Low Risk,75-100%
S12676,50.0,Medium (50-75%),1.5,Fail,Low Risk,25-50%
S12677,100.0,High (>75%),2.0,Pass,Low Risk,75-100%
S12678,100.0,High (>75%),3.0,Distinction,Low Risk,75-100%
S12679,100.0,High (>75%),1.4,Fail,High Risk,75-100%
S12680,100.0,High (>75%),0.0,Fail,High Risk,75-100%
S12681,100.0,High (>75%),1.0,Fail,High Risk,75-100%
S12682,50.0,Medium (50-75%),2.0,Pass,Low Risk,25-50%
S12683,66.67,Medium (50-75%),2.5,Pass,Low Risk,50-75%
S12684,33.33,Low (<50%),2.1666666666666665,Pass,High Risk,25-50%
S12685,75.0,High (>75%),1.6666666666666667,Pass,Low Risk,50-75%
S12686,50.0,Medium (50-75%),2.3333333333333335,Pass,Low Risk,25-50%
S12688,66.67,Medium (50-75%),1.8,Pass,Low Risk,50-75%
S12689,16.67,Low (<50%),3.0,Distinction,High Risk,0-25%
S12690,75.0,High (>75%),2.0,Pass,Low Risk,50-75%
S12691,87.5,High (>75%),1.6666666666666667,Pass,Low Risk,75-100%
S12692,100.0,High (>75%),2.0,Pass,Low Risk,75-100%
S12693,80.0,High (>75%),1.5,Fail,Low Risk,75-100%
S12694,50.0,Medium (50-75%),2.3333333333333335,Pass,Low Risk,25-50%
S12695,83.33,High (>75%),4.0,Distinction,Low Risk,75-100%
S12696,100.0,High (>75%),2.0,Pass,Low Risk,75-100%
S12697,25.0,Low (<50%),2.857142857142857,Pass,High Risk,0-25%
S12698,66.67,Medium (50-75%),0.5,Fail,High Risk,50-75%
S12699,33.33,Low (<50%),1.25,Fail,High Risk,25-50%
S12700,75.0,High (>75%),3.0,Distinction,Low Risk,50-75%
S12701,60.0,Medium (50-75%),2.25,Pass,Low Risk,50-75%
S12702,100.0,High (>75%),2.5,Pass,Low Risk,75-100%
S12703,83.33,High (>75%),1.6666666666666667,Pass,Low Risk,75-100%
S12704,71.43,Medium (50-75%),1.6,Pass,Low Risk,50-75%
S12705,50.0,Medium (50-75%),2.0,Pass,Low Risk,25-50%
S12706,33.33,Low (<50%),2.5,Pass,High Risk,25-50%
S12707,50.0,Medium (50-75%),0.5,Fail,High Risk,25-50%
S12708,66.67,Medium (50-75%),2.0,Pass,Low Risk,50-75%
S12709,100.0,High (>75%),4.0,Distinction,Low Risk,75-100%
S12710,60.0,Medium (50-75%),1.3333333333333333,Fail,High Risk,50-75%
S12711,100.0,High (>75%),1.5,Fail,Low Risk,75-100%
S12712,100.0,High (>75%),2.0,Pass,Low Risk,75-100%
S12713,83.33,High (>75%),2.0,Pass,Low Risk,75-100%
S12714,75.0,High (>75%),1.5,Fail,Low Risk,50-75%
S12715,66.67,Medium (50-75%),3.0,Distinction,Low Risk,50-75%
S12716,0.0,Low (<50%),1.4,Fail,High Risk,
S12717,83.33,High (>75%),0.0,Fail,High Risk,75-100%
S12718,100.0,High (>75%),1.7142857142857142,Pass,Low Risk,75-100%
S12719,25.0,Low (<50%),2.0,Pass,High Risk,0-25%
S12720,50.0,Medium (50-75%),3.5,Distinction,Low Risk,25-50%
S12721,25.0,Low (<50%),0.8,Fail,High Risk,0-25%
S12722,40.0,Low (<50%),2.25,Pass,High Risk,25-50%
S12724,0.0,Low (<50%),1.8,Pass,High Risk,
S12725,62.5,Medium (50-75%),0.7142857142857143,Fail,High Risk,50-75%
S12726,33.33,Low (<50%),2.0,Pass,High Risk,25-50%
S12727,100.0,High (>75%),2.5,Pass,Low Risk,75-100%
S12728,85.71,High (>75%),2.0,Pass,Low Risk,75-100%
S12729,25.0,Low (<50%),3.0,Distinction,High Risk,0-25%
S12730,50.0,Medium (50-75%),0.75,Fail,High Risk,25-50%
S12731,50.0,Medium (50-75%),2.6666666666666665,Pass,Low Risk,25-50%
S12732,75.0,High (>75%),2.25,Pass,Low Risk,50-75%
S12733,50.0,Medium (50-75%),2.0,Pass,Low Risk,25-50%
S12734,50.0,Medium (50-75%),1.8,Pass,Low Risk,25-50%
S12735,25.0,Low (<50%),0.5,Fail,High Risk,0-25%
S12736,80.0,High (>75%),2.5,Pass,Low Risk,75-100%
S12737,60.0,Medium (50-75%),1.5,Fail,Low Risk,50-75%
S12738,50.0,Medium (50-75%),2.4,Pass,Low Risk,25-50%
S12739,0.0,Low (<50%),0.0,Fail,High Risk,
S12740,0.0,Low (<50%),0.6666666666666666,Fail,High Risk,
S12741,40.0,Low (<50%),2.4,Pass,High Risk,25-50%
S12742,0.0,Low (<50%),1.75,Pass,High Risk,
S12743,66.67,Medium (50-75%),1.6666666666666667,Pass,Low Risk,50-75%
S12744,33.33,Low (<50%),1.6666666666666667,Pass,High Risk,25-50%
S12745,100.0,High (>75%),1.3333333333333333,Fail,High Risk,75-100%
S12746,100.0,High (>75%),2.0,Pass,Low Risk,75-100%
S12747,33.33,Low (<50%),1.6666666666666667,Pass,High Risk,25-50%
S12748,66.67,Medium (50-75%),2.0,Pass,Low Risk,50-75%
S12749,100.0,High (>75%),1.5,Fail,Low Risk,75-100%
S12750,100.0,High (>75%),2.75,Pass,Low Risk,75-100%
S12751,75.0,High (>75%),3.6666666666666665,Distinction,Low Risk,50-75%
S12752,100.0,High (>75%),3.3333333333333335,Distinction,Low Risk,75-100%
S12753,100.0,High (>75%),3.0,Distinction,Low Risk,75-100%
S12754,75.0,High (>75%),2.4,Pass,Low Risk,50-75%
S12755,66.67,Medium (50-75%),1.6,Pass,Low Risk,50-75%
S12756,100.0,High (>75%),2.8333333333333335,Pass,Low Risk,75-100%
S12757,33.33,Low (<50%),2.0,Pass,High Risk,25-50%
S12758,100.0,High (>75%),2.5,Pass,Low Risk,75-100%
S12759,100.0,High (>75%),2.5,Pass,Low Risk,75-100%
S12760,100.0,High (>75%),2.5,Pass,Low Risk,75-100%
S12761,0.0,Low (<50%),2.3333333333333335,Pass,High Risk,
S12762,100.0,High (>75%),1.0,Fail,High Risk,75-100%
S12764,100.0,High (>75%),1.0,Fail,High Risk,75-100%
S12765,100.0,High (>75%),2.0,Pass,Low Risk,75-100%
S12766,75.0,High (>75%),3.0,Distinction,Low Risk,50-75%
S12767,100.0,High (>75%),1.25,Fail,High Risk,75-100%
S12768,100.0,High (>75%),1.5,Fail,Low Risk,75-100%
S12769,60.0,Medium (50-75%),1.0,Fail,High Risk,50-75%
S12770,0.0,Low (<50%),1.25,Fail,High Risk,
S12771,100.0,High (>75%),0.6,Fail,High Risk,75-100%
S12772,71.43,Medium (50-75%),3.0,Distinction,Low Risk,50-75%
S12773,40.0,Low (<50%),1.0,Fail,High Risk,25-50%
S12774,50.0,Medium (50-75%),2.0,Pass,Low Risk,25-50%
S12775,66.67,Medium (50-75%),3.0,Distinction,Low Risk,50-75%
S12776,66.67,Medium (50-75%),2.3333333333333335,Pass,Low Risk,50-75%
S12777,75.0,High (>75%),1.6666666666666667,Pass,Low Risk,50-75%
S12778,66.67,Medium (50-75%),3.5,Distinction,Low Risk,50-75%
S12779,50.0,Medium (50-75%),4.0,Distinction,Low Risk,25-50%
S12780,0.0,Low (<50%),2.5714285714285716,Pass,High Risk,
S12782,100.0,High (>75%),2.0,Pass,Low Risk,75-100%
S12783,66.67,Medium (50-75%),1.5,Fail,Low Risk,50-75%
S12784,50.0,Medium (50-75%),2.0,Pass,Low Risk,25-50%
S12785,33.33,Low (<50%),2.0,Pass,High Risk,25-50%
S12786,85.71,High (>75%),1.5,Fail,Low Risk,75-100%
S12787,83.33,High (>75%),3.5,Distinction,Low Risk,75-100%
S12788,75.0,High (>75%),3.25,Distinction,Low Risk,50-75%
S12789,100.0,High (>75%),1.75,Pass,Low Risk,75-100%
S12791,50.0,Medium (50-75%),2.5,Pass,Low Risk,25-50%
S12794,75.0,High (>75%),2.4,Pass,Low Risk,50-75%
S12795,0.0,Low (<50%),2.3333333333333335,Pass,High Risk,
S12796,50.0,Medium (50-75%),2.3333333333333335,Pass,Low Risk,25-50%
S12797,0.0,Low (<50%),1.6666666666666667,Pass,High Risk,
S12798,33.33,Low (<50%),2.3333333333333335,Pass,High Risk,25-50%
S12799,100.0,High (>75%),2.5,Pass,Low Risk,75-100%
S12800,100.0,High (>75%),0.3333333333333333,Fail,High Risk,75-100%
S12801,100.0,High (>75%),2.3333333333333335,Pass,Low Risk,75-100%
S12802,50.0,Medium (50-75%),3.0,Distinction,Low Risk,25-50%
S12803,100.0,High (>75%),2.8,Pass,Low Risk,75-100%
S12804,66.67,Medium (50-75%),2.4,Pass,Low Risk,50-75%
S12805,75.0,High (>75%),2.5,Pass,Low Risk,50-75%
S12806,0.0,Low (<50%),3.5,Distinction,High Risk,
S12807,50.0,Medium (50-75%),2.8,Pass,Low Risk,25-50%
S12808,100.0,High (>75%),3.0,Distinction,Low Risk,75-100%
S12809,0.0,Low (<50%),1.4,Fail,High Risk,
S12810,75.0,High (>75%),1.6666666666666667,Pass,Low Risk,50-75%
S12811,100.0,High (>75%),1.75,Pass,Low Risk,75-100%
S12812,0.0,Low (<50%),2.3333333333333335,Pass,High Risk,
S12813,33.33,Low (<50%),1.0,Fail,High Risk,25-50%
S12815,100.0,High (>75%),2.6666666666666665,Pass,Low Risk,75-100%
S12816,100.0,High (>75%),2.3333333333333335,Pass,Low Risk,75-100%
S12817,66.67,Medium (50-75%),3.2,Distinction,Low Risk,50-75%
S12818,100.0,High (>75%),2.6,Pass,Low Risk,75-100%
S12819,75.0,High (>75%),3.3333333333333335,Distinction,Low Risk,50-75%
S12820,100.0,High (>75%),2.0,Pass,Low Risk,75-100%
S12821,100.0,High (>75%),1.375,Fail,High Risk,75-100%
S12822,25.0,Low (<50%),0.6666666666666666,Fail,High Risk,0-25%
S12823,100.0,High (>75%),2.5,Pass,Low Risk,75-100%
S12824,80.0,High (>75%),2.6,Pass,Low Risk,75-100%
S12825,100.0,High (>75%),2.5,Pass,Low Risk,75-100%
S12826,100.0,High (>75%),0.5,Fail,High Risk,75-100%
S12827,50.0,Medium (50-75%),3.75,Distinction,Low Risk,25-50%
S12828,50.0,Medium (50-75%),2.25,Pass,Low Risk,25-50%
S12830,66.67,Medium (50-75%),1.3333333333333333,Fail,High Risk,50-75%
S12831,0.0,Low (<50%),1.3333333333333333,Fail,High Risk,
S12832,100.0,High (>75%),2.6,Pass,Low Risk,75-100%
S12833,66.67,Medium (50-75%),3.6666666666666665,Distinction,Low Risk,50-75%
S12834,75.0,High (>75%),2.0,Pass,Low Risk,50-75%
S12835,100.0,High (>75%),3.0,Distinction,Low Risk,75-100%
S12836,100.0,High (>75%),1.6666666666666667,Pass,Low Risk,75-100%
S12837,100.0,High (>75%),2.3333333333333335,Pass,Low Risk,75-100%
S12838,66.67,Medium (50-75%),1.8,Pass,Low Risk,50-75%
S12839,60.0,Medium (50-75%),2.0,Pass,Low Risk,50-75%
S12840,50.0,Medium (50-75%),1.5,Fail,Low Risk,25-50%
S12841,100.0,High (>75%),2.1666666666666665,Pass,Low Risk,75-100%
S12842,60.0,Medium (50-75%),2.6,Pass,Low Risk,50-75%
S12843,66.67,Medium (50-75%),1.5,Fail,Low Risk,50-75%
S12844,100.0,High (>75%),1.6666666666666667,Pass,Low Risk,75-100%
S12845,33.33,Low (<50%),2.0,Pass,High Risk,25-50%
S12846,100.0,High (>75%),3.0,Distinction,Low Risk,75-100%
S12847,66.67,Medium (50-75%),2.0,Pass,Low Risk,50-75%
S12848,57.14,Medium (50-75%),2.0,Pass,Low Risk,50-75%
S12849,0.0,Low (<50%),1.4285714285714286,Fail,High Risk,
S12850,100.0,High (>75%),1.6666666666666667,Pass,Low Risk,75-100%
S12851,50.0,Medium (50-75%),2.0,Pass,Low Risk,25-50%
S12852,100.0,High (>75%),1.75,Pass,Low Risk,75-100%
S12853,50.0,Medium (50-75%),2.6666666666666665,Pass,Low Risk,25-50%
S12854,50.0,Medium (50-75%),1.5,Fail,Low Risk,25-50%
S12855,50.0,Medium (50-75%),2.5,Pass,Low Risk,25-50%
S12856,66.67,Medium (50-75%),3.4,Distinction,Low Risk,50-75%
S12857,100.0,High (>75%),1.5,Fail,Low Risk,75-100%
S12858,100.0,High (>75%),1.0,Fail,High Risk,75-100%
S12859,33.33,Low (<50%),1.5,Fail,High Risk,25-50%
S12860,25.0,Low (<50%),1.6666666666666667,Pass,High Risk,0-25%
S12861,66.67,Medium (50-75%),2.0,Pass,Low Risk,50-75%
S12862,33.33,Low (<50%),3.0,Distinction,High Risk,25-50%
S12863,33.33,Low (<50%),1.0,Fail,High Risk,25-50%
S12864,60.0,Medium (50-75%),1.5,Fail,Low Risk,50-75%
S12865,66.67,Medium (50-75%),2.6666666666666665,Pass,Low Risk,50-75%
S12866,100.0,High (>75%),1.0,Fail,High Risk,75-100%
S12867,75.0,High (>75%),2.8,Pass,Low Risk,50-75%
S12868,66.67,Medium (50-75%),2.75,Pass,Low Risk,50-75%
S12869,100.0,High (>75%),2.0,Pass,Low Risk,75-100%
S12870,75.0,High (>75%),2.0,Pass,Low Risk,50-75%
S12871,100.0,High (>75%),1.0,Fail,High Risk,75-100%
S12872,50.0,Medium (50-75%),2.0,Pass,Low Risk,25-50%
S12873,60.0,Medium (50-75%),1.7777777777777777,Pass,Low Risk,50-75%
S12875,100.0,High (>75%),0.6666666666666666,Fail,High Risk,75-100%
S12876,0.0,Low (<50%),2.0,Pass,High Risk,
S12877,100.0,High (>75%),1.25,Fail,High Risk,75-100%
S12878,50.0,Medium (50-75%),0.5,Fail,High Risk,25-50%
S12879,50.0,Medium (50-75%),2.5714285714285716,Pass,Low Risk,25-50%
S12880,66.67,Medium (50-75%),1.6666666666666667,Pass,Low Risk,50-75%
S12881,100.0,High (>75%),2.0,Pass,Low Risk,75-100%
S12882,80.0,High (>75%),2.5,Pass,Low Risk,75-100%
S12883,66.67,Medium (50-75%),1.4,Fail,High Risk,50-75%
S12884,100.0,High (>75%),3.3333333333333335,Distinction,Low Risk,75-100%
S12885,50.0,Medium (50-75%),2.5,Pass,Low Risk,25-50%
S12886,100.0,High (>75%),2.5,Pass,Low Risk,75-100%
S12887,100.0,High (>75%),2.0,Pass,Low Risk,75-100%
S12888,50.0,Medium (50-75%),1.5,Fail,Low Risk,25-50%
S12889,100.0,High (>75%),2.0,Pass,Low Risk,75-100%
S12890,100.0,High (>75%),2.5,Pass,Low Risk,75-100%
S12892,100.0,High (>75%),4.0,Distinction,Low Risk,75-100%
S12893,40.0,Low (<50%),3.6666666666666665,Distinction,High Risk,25-50%
S12894,33.33,Low (<50%),2.0,Pass,High Risk,25-50%
S12895,66.67,Medium (50-75%),3.0,Distinction,Low Risk,50-75%
S12896,100.0,High (>75%),3.25,Distinction,Low Risk,75-100%
S12897,50.0,Medium (50-75%),2.0,Pass,Low Risk,25-50%
S12898,75.0,High (>75%),1.0,Fail,High Risk,50-75%
S12899,50.0,Medium (50-75%),1.8,Pass,Low Risk,25-50%
S12900,0.0,Low (<50%),1.8333333333333333,Pass,High Risk,
S12901,100.0,High (>75%),0.5,Fail,High Risk,75-100%
S12902,66.67,Medium (50-75%),1.5,Fail,Low Risk,50-75%
S12903,33.33,Low (<50%),0.0,Fail,High Risk,25-50%
S12904,66.67,Medium (50-75%),1.5,Fail,Low Risk,50-75%
S12905,60.0,Medium (50-75%),0.5,Fail,High Risk,50-75%
S12906,57.14,Medium (50-75%),1.5,Fail,Low Risk,50-75%
S12907,50.0,Medium (50-75%),3.5,Distinction,Low Risk,25-50%
S12908,50.0,Medium (50-75%),1.8333333333333333,Pass,Low Risk,25-50%
S12909,100.0,High (>75%),2.3333333333333335,Pass,Low Risk,75-100%
S12910,0.0,Low (<50%),1.8,Pass,High Risk,
S12911,33.33,Low (<50%),2.3333333333333335,Pass,High Risk,25-50%
S12912,75.0,High (>75%),2.5,Pass,Low Risk,50-75%
S12913,0.0,Low (<50%),2.6666666666666665,Pass,High Risk,
S12915,50.0,Medium (50-75%),0.5,Fail,High Risk,25-50%
S12916,100.0,High (>75%),2.25,Pass,Low Risk,75-100%
S12917,100.0,High (>75%),2.0,Pass,Low Risk,75-100%
S12918,66.67,Medium (50-75%),1.0,Fail,High Risk,50-75%
S12919,100.0,High (>75%),0.3333333333333333,Fail,High Risk,75-100%
S12920,100.0,High (>75%),4.0,Distinction,Low Risk,75-100%
S12921,50.0,Medium (50-75%),1.0,Fail,High Risk,25-50%
S12922,50.0,Medium (50-75%),1.3333333333333333,Fail,High Risk,25-50%
S12923,50.0,Medium (50-75%),2.5,Pass,Low Risk,25-50%
S12924,100.0,High (>75%),4.0,Distinction,Low Risk,75-100%
S12926,33.33,Low (<50%),1.625,Pass,High Risk,25-50%
S12927,75.0,High (>75%),3.0,Distinction,Low Risk,50-75%
S12928,100.0,High (>75%),1.5,Fail,Low Risk,75-100%
S12929,75.0,High (>75%),4.0,Distinction,Low Risk,50-75%
S12930,100.0,High (>75%),3.3333333333333335,Distinction,Low Risk,75-100%
S12931,66.67,Medium (50-75%),1.0,Fail,High Risk,50-75%
S12932,100.0,High (>75%),3.3333333333333335,Distinction,Low Risk,75-100%
S12933,60.0,Medium (50-75%),2.5,Pass,Low Risk,50-75%
S12934,90.0,High (>75%),2.5,Pass,Low Risk,75-100%
S12935,50.0,Medium (50-75%),3.0,Distinction,Low Risk,25-50%
S12936,50.0,Medium (50-75%),2.0,Pass,Low Risk,25-50%
S12937,100.0,High (>75%),0.5,Fail,High Risk,75-100%
S12938,100.0,High (>75%),2.6,Pass,Low Risk,75-100%
S12939,80.0,High (>75%),2.0,Pass,Low Risk,75-100%
S12940,0.0,Low (<50%),3.5,Distinction,High Risk,
S12941,50.0,Medium (50-75%),2.5714285714285716,Pass,Low Risk,25-50%
S12942,100.0,High (>75%),2.0,Pass,Low Risk,75-100%
S12943,33.33,Low (<50%),2.0,Pass,High Risk,25-50%
S12944,50.0,Medium (50-75%),3.1666666666666665,Distinction,Low Risk,25-50%
S12945,100.0,High (>75%),1.25,Fail,High Risk,75-100%
S12947,100.0,High (>75%),2.1666666666666665,Pass,Low Risk,75-100%
S12948,50.0,Medium (50-75%),1.6666666666666667,Pass,Low Risk,25-50%
S12949,25.0,Low (<50%),3.0,Distinction,High Risk,0-25%
S12950,100.0,High (>75%),2.5,Pass,Low Risk,75-100%
S12951,50.0,Medium (50-75%),2.0,Pass,Low Risk,25-50%
S12952,100.0,High (>75%),2.3,Pass,Low Risk,75-100%
S12953,60.0,Medium (50-75%),2.0,Pass,Low Risk,50-75%
S12954,100.0,High (>75%),4.0,Distinction,Low Risk,75-100%
S12955,100.0,High (>75%),2.0,Pass,Low Risk,75-100%
S12956,80.0,High (>75%),2.142857142857143,Pass,Low Risk,75-100%
S12957,100.0,High (>75%),1.5,Fail,Low Risk,75-100%
S12958,75.0,High (>75%),2.0,Pass,Low Risk,50-75%
S12959,75.0,High (>75%),3.0,Distinction,Low Risk,50-75%
S12960,60.0,Medium (50-75%),1.5,Fail,Low Risk,50-75%
S12961,50.0,Medium (50-75%),1.0,Fail,High Risk,25-50%
S12962,50.0,Medium (50-75%),2.3333333333333335,Pass,Low Risk,25-50%
S12963,100.0,High (>75%),2.0,Pass,Low Risk,75-100%
S12964,100.0,High (>75%),2.3333333333333335,Pass,Low Risk,75-100%
S12965,100.0,High (>75%),2.7142857142857144,Pass,Low Risk,75-100%
S12966,100.0,High (>75%),2.5,Pass,Low Risk,75-100%
S12967,100.0,High (>75%),0.5,Fail,High Risk,75-100%
S12968,80.0,High (>75%),0.3333333333333333,Fail,High Risk,75-100%
S12969,50.0,Medium (50-75%),1.6666666666666667,Pass,Low Risk,25-50%
S12970,100.0,High (>75%),1.4285714285714286,Fail,High Risk,75-100%
S12971,0.0,Low (<50%),2.8333333333333335,Pass,High Risk,
S12972,100.0,High (>75%),0.6666666666666666,Fail,High Risk,75-100%
S12973,66.67,Medium (50-75%),1.8,Pass,Low Risk,50-75%
S12974,100.0,High (>75%),1.5714285714285714,Fail,Low Risk,75-100%
S12975,100.0,High (>75%),1.5,Fail,Low Risk,75-100%
S12976,50.0,Medium (50-75%),2.6,Pass,Low Risk,25-50%
S12977,66.67,Medium (50-75%),2.25,Pass,Low Risk,50-75%
S12978,100.0,High (>75%),2.0,Pass,Low Risk,75-100%
S12979,50.0,Medium (50-75%),3.0,Distinction,Low Risk,25-50%
S12980,50.0,Medium (50-75%),1.8,Pass,Low Risk,25-50%
S12981,100.0,High (>75%),2.2,Pass,Low Risk,75-100%
S12982,100.0,High (>75%),3.3333333333333335,Distinction,Low Risk,75-100%
S12983,50.0,Medium (50-75%),2.3333333333333335,Pass,Low Risk,25-50%
S12984,66.67,Medium (50-75%),2.75,Pass,Low Risk,50-75%
S12986,100.0,High (>75%),2.0,Pass,Low Risk,75-100%
S12987,66.67,Medium (50-75%),1.0,Fail,High Risk,50-75%
S12988,66.67,Medium (50-75%),2.0,Pass,Low Risk,50-75%
S12989,100.0,High (>75%),4.0,Distinction,Low Risk,75-100%
S12990,33.33,Low (<50%),2.75,Pass,High Risk,25-50%
S12991,50.0,Medium (50-75%),4.0,Distinction,Low Risk,25-50%
S12992,100.0,High (>75%),1.3333333333333333,Fail,High Risk,75-100%
S12993,100.0,High (>75%),2.5,Pass,Low Risk,75-100%
S12994,75.0,High (>75%),2.25,Pass,Low Risk,50-75%
S12995,50.0,Medium (50-75%),2.5,Pass,Low Risk,25-50%
S12996,100.0,High (>75%),4.0,Distinction,Low Risk,75-100%
S12997,100.0,High (>75%),2.0,Pass,Low Risk,75-100%
S12998,100.0,High (>75%),2.0,Pass,Low Risk,75-100%
S12999,66.67,Medium (50-75%),2.75,Pass,Low Risk,50-75%
S13000,50.0,Medium (50-75%),2.0,Pass,Low Risk,25-50%
S13001,60.0,Medium (50-75%),1.0,Fail,High Risk,50-75%
S13002,100.0,High (>75%),1.0,Fail,High Risk,75-100%
S13003,60.0,Medium (50-75%),1.0,Fail,High Risk,50-75%
S13004,100.0,High (>75%),1.0,Fail,High Risk,75-100%
S13005,75.0,High (>75%),1.6,Pass,Low Risk,50-75%
S13006,100.0,High (>75%),3.4,Distinction,Low Risk,75-100%
S13007,0.0,Low (<50%),1.8,Pass,High Risk,
S13008,75.0,High (>75%),0.0,Fail,High Risk,50-75%
S13009,40.0,Low (<50%),1.6,Pass,High Risk,25-50%
S13010,50.0,Medium (50-75%),2.5,Pass,Low Risk,25-50%
S13011,100.0,High (>75%),3.0,Distinction,Low Risk,75-100%
S13012,100.0,High (>75%),4.0,Distinction,Low Risk,75-100%
S13013,100.0,High (>75%),1.0,Fail,High Risk,75-100%
S13014,40.0,Low (<50%),2.0,Pass,High Risk,25-50%
S13015,100.0,High (>75%),2.6666666666666665,Pass,Low Risk,75-100%
S13016,33.33,Low (<50%),0.75,Fail,High Risk,25-50%
S13017,66.67,Medium (50-75%),2.0,Pass,Low Risk,50-75%
S13018,0.0,Low (<50%),1.6,Pass,High Risk,
S13019,100.0,High (>75%),2.0,Pass,Low Risk,75-100%
S13020,40.0,Low (<50%),2.5,Pass,High Risk,25-50%
S13021,50.0,Medium (50-75%),2.0,Pass,Low Risk,25-50%
S13022,25.0,Low (<50%),2.0,Pass,High Risk,0-25%
S13023,83.33,High (>75%),1.6,Pass,Low Risk,75-100%
S13024,60.0,Medium (50-75%),1.25,Fail,High Risk,50-75%
S13025,80.0,High (>75%),3.5,Distinction,Low Risk,75-100%
S13026,50.0,Medium (50-75%),2.25,Pass,Low Risk,25-50%
S13027,0.0,Low (<50%),3.3333333333333335,Distinction,High Risk,
S13028,66.67,Medium (50-75%),2.5,Pass,Low Risk,50-75%
S13029,50.0,Medium (50-75%),0.8,Fail,High Risk,25-50%
S13031,66.67,Medium (50-75%),2.111111111111111,Pass,Low Risk,50-75%
S13032,100.0,High (>75%),2.5,Pass,Low Risk,75-100%
S13033,50.0,Medium (50-75%),1.2,Fail,High Risk,25-50%
S13034,50.0,Medium (50-75%),2.5,Pass,Low Risk,25-50%
S13035,83.33,High (>75%),1.0,Fail,High Risk,75-100%
S13036,50.0,Medium (50-75%),2.3333333333333335,Pass,Low Risk,25-50%
S13037,85.71,High (>75%),1.6666666666666667,Pass,Low Risk,75-100%
S13038,40.0,Low (<50%),1.6666666666666667,Pass,High Risk,25-50%
S13039,100.0,High (>75%),3.0,Distinction,Low Risk,75-100%
S13040,0.0,Low (<50%),1.0,Fail,High Risk,
S13041,85.71,High (>75%),1.25,Fail,High Risk,75-100%
S13042,66.67,Medium (50-75%),1.5,Fail,Low Risk,50-75%
S13043,80.0,High (>75%),3.6666666666666665,Distinction,Low Risk,75-100%
S13044,87.5,High (>75%),2.0,Pass,Low Risk,75-100%
S13045,50.0,Medium (50-75%),2.0,Pass,Low Risk,25-50%
S13046,0.0,Low (<50%),2.0,Pass,High Risk,
S13047,66.67,Medium (50-75%),1.2,Fail,High Risk,50-75%
S13048,75.0,High (>75%),2.125,Pass,Low Risk,50-75%
S13049,60.0,Medium (50-75%),1.0,Fail,High Risk,50-75%
S13050,66.67,Medium (50-75%),2.0,Pass,Low Risk,50-75%
S13051,33.33,Low (<50%),2.0,Pass,High Risk,25-50%
S13052,100.0,High (>75%),0.75,Fail,High Risk,75-100%
S13053,100.0,High (>75%),1.0,Fail,High Risk,75-100%
S13054,100.0,High (>75%),1.0,Fail,High Risk,75-100%
S13055,50.0,Medium (50-75%),2.8,Pass,Low Risk,25-50%
S13056,60.0,Medium (50-75%),2.0,Pass,Low Risk,50-75%
S13057,66.67,Medium (50-75%),1.5,Fail,Low Risk,50-75%
S13058,100.0,High (>75%),1.5714285714285714,Fail,Low Risk,75-100%
S13059,0.0,Low (<50%),2.25,Pass,High Risk,
S13060,33.33,Low (<50%),1.75,Pass,High Risk,25-50%
S13061,75.0,High (>75%),1.5,Fail,Low Risk,50-75%
S13062,75.0,High (>75%),1.8,Pass,Low Risk,50-75%
S13063,100.0,High (>75%),2.0,Pass,Low Risk,75-100%
S13064,66.67,Medium (50-75%),1.3333333333333333,Fail,High Risk,50-75%
S13065,100.0,High (>75%),2.6,Pass,Low Risk,75-100%
S13066,40.0,Low (<50%),2.5,Pass,High Risk,25-50%
S13067,80.0,High (>75%),2.0,Pass,Low Risk,75-100%
S13068,50.0,Medium (50-75%),1.4,Fail,High Risk,25-50%
S13069,66.67,Medium (50-75%),2.25,Pass,Low Risk,50-75%
S13070,66.67,Medium (50-75%),1.6666666666666667,Pass,Low Risk,50-75%
S13071,50.0,Medium (50-75%),2.5,Pass,Low Risk,25-50%
S13072,50.0,Medium (50-75%),2.0,Pass,Low Risk,25-50%
S13073,50.0,Medium (50-75%),1.0,Fail,High Risk,25-50%
S13074,50.0,Medium (50-75%),0.5,Fail,High Risk,25-50%
S13075,50.0,Medium (50-75%),2.0,Pass,Low Risk,25-50%
S13076,100.0,High (>75%),2.0,Pass,Low Risk,75-100%
S13077,0.0,Low (<50%),1.5,Fail,High Risk,
S13078,33.33,Low (<50%),1.6,Pass,High Risk,25-50%
S13079,100.0,High (>75%),0.0,Fail,High Risk,75-100%
S13080,100.0,High (>75%),2.6666666666666665,Pass,Low Risk,75-100%
S13081,100.0,High (>75%),2.3333333333333335,Pass,Low Risk,75-100%
S13082,80.0,High (>75%),2.25,Pass,Low Risk,75-100%
S13083,100.0,High (>75%),2.6666666666666665,Pass,Low Risk,75-100%
S13084,100.0,High (>75%),2.8,Pass,Low Risk,75-100%
S13085,100.0,High (>75%),0.0,Fail,High Risk,75-100%
S13086,100.0,High (>75%),2.8,Pass,Low Risk,75-100%
S13088,100.0,High (>75%),2.5,Pass,Low Risk,75-100%
S13089,50.0,Medium (50-75%),1.6666666666666667,Pass,Low Risk,25-50%
S13090,75.0,High (>75%),1.5,Fail,Low Risk,50-75%
S13092,100.0,High (>75%),1.3333333333333333,Fail,High Risk,75-100%
S13093,80.0,High (>75%),2.0,Pass,Low Risk,75-100%
S13094,66.67,Medium (50-75%),3.6666666666666665,Distinction,Low Risk,50-75%
S13095,0.0,Low (<50%),3.0,Distinction,High Risk,
S13096,100.0,High (>75%),0.0,Fail,High Risk,75-100%
S13097,33.33,Low (<50%),1.0,Fail,High Risk,25-50%
S13098,100.0,High (>75%),2.1666666666666665,Pass,Low Risk,75-100%
S13099,66.67,Medium (50-75%),3.0,Distinction,Low Risk,50-75%
S13100,66.67,Medium (50-75%),3.5,Distinction,Low Risk,50-75%
S13101,66.67,Medium (50-75%),1.6666666666666667,Pass,Low Risk,50-75%
S13102,100.0,High (>75%),2.2,Pass,Low Risk,75-100%
S13103,50.0,Medium (50-75%),1.6,Pass,Low Risk,25-50%
S13104,100.0,High (>75%),1.6666666666666667,Pass,Low Risk,75-100%
S13105,100.0,High (>75%),1.3333333333333333,Fail,High Risk,75-100%
S13106,50.0,Medium (50-75%),2.0,Pass,Low Risk,25-50%
S13108,25.0,Low (<50%),1.8333333333333333,Pass,High Risk,0-25%
S13109,0.0,Low (<50%),1.6666666666666667,Pass,High Risk,
S13110,100.0,High (>75%),3.0,Distinction,Low Risk,75-100%
S13111,0.0,Low (<50%),1.8,Pass,High Risk,
S13112,50.0,Medium (50-75%),2.0,Pass,Low Risk,25-50%
S13113,100.0,High (>75%),2.3333333333333335,Pass,Low Risk,75-100%
S13114,100.0,High (>75%),2.7142857142857144,Pass,Low Risk,75-100%
S13115,66.67,Medium (50-75%),2.5,Pass,Low Risk,50-75%
S13116,50.0,Medium (50-75%),1.25,Fail,High Risk,25-50%
S13117,50.0,Medium (50-75%),1.5,Fail,Low Risk,25-50%
S13118,33.33,Low (<50%),2.4,Pass,High Risk,25-50%
S13119,25.0,Low (<50%),2.0,Pass,High Risk,0-25%
S13120,33.33,Low (<50%),2.0,Pass,High Risk,25-50%
S13121,33.33,Low (<50%),3.0,Distinction,High Risk,25-50%
S13122,100.0,High (>75%),3.0,Distinction,Low Risk,75-100%
S13123,50.0,Medium (50-75%),2.0,Pass,Low Risk,25-50%
S13124,100.0,High (>75%),1.6,Pass,Low Risk,75-100%
S13126,100.0,High (>75%),0.6,Fail,High Risk,75-100%
S13127,66.67,Medium (50-75%),1.5,Fail,Low Risk,50-75%
S13128,100.0,High (>75%),2.5,Pass,Low Risk,75-100%
S13129,0.0,Low (<50%),2.6666666666666665,Pass,High Risk,
S13130,50.0,Medium (50-75%),2.0,Pass,Low Risk,25-50%
S13131,50.0,Medium (50-75%),2.0,Pass,Low Risk,25-50%
S13132,100.0,High (>75%),0.0,Fail,High Risk,75-100%
S13133,83.33,High (>75%),1.5714285714285714,Fail,Low Risk,75-100%
S13134,50.0,Medium (50-75%),3.5,Distinction,Low Risk,25-50%
S13135,60.0,Medium (50-75%),2.3333333333333335,Pass,Low Risk,50-75%
S13136,100.0,High (>75%),1.3333333333333333,Fail,High Risk,75-100%
S13137,66.67,Medium (50-75%),0.5,Fail,High Risk,50-75%
S13138,50.0,Medium (50-75%),4.0,Distinction,Low Risk,25-50%
S13139,100.0,High (>75%),1.0,Fail,High Risk,75-100%
S13140,100.0,High (>75%),2.0,Pass,Low Risk,75-100%
S13141,75.0,High (>75%),2.5,Pass,Low Risk,50-75%
S13142,33.33,Low (<50%),0.0,Fail,High Risk,25-50%
S13143,33.33,Low (<50%),0.0,Fail,High Risk,25-50%
S13144,60.0,Medium (50-75%),3.0,Distinction,Low Risk,50-75%
S13146,50.0,Medium (50-75%),1.0,Fail,High Risk,25-50%
S13147,57.14,Medium (50-75%),4.0,Distinction,Low Risk,50-75%
S13148,66.67,Medium (50-75%),3.0,Distinction,Low Risk,50-75%
S13149,50.0,Medium (50-75%),3.0,Distinction,Low Risk,25-50%
S13151,100.0,High (>75%),2.0,Pass,Low Risk,75-100%
S13152,0.0,Low (<50%),2.0,Pass,High Risk,
S13153,100.0,High (>75%),3.0,Distinction,Low Risk,75-100%
S13154,100.0,High (>75%),1.6666666666666667,Pass,Low Risk,75-100%
S13155,60.0,Medium (50-75%),2.3333333333333335,Pass,Low Risk,50-75%
S13156,100.0,High (>75%),1.3333333333333333,Fail,High Risk,75-100%
S13157,50.0,Medium (50-75%),1.2,Fail,High Risk,25-50%
S13158,66.67,Medium (50-75%),3.0,Distinction,Low Risk,50-75%
S13159,100.0,High (>75%),2.0,Pass,Low Risk,75-100%
S13160,0.0,Low (<50%),1.5,Fail,High Risk,
S13161,100.0,High (>75%),0.6666666666666666,Fail,High Risk,75-100%
S13162,50.0,Medium (50-75%),1.3333333333333333,Fail,High Risk,25-50%
S13163,100.0,High (>75%),1.25,Fail,High Risk,75-100%
S13164,25.0,Low (<50%),2.6,Pass,High Risk,0-25%
S13165,66.67,Medium (50-75%),1.5,Fail,Low Risk,50-75%
S13166,50.0,Medium (50-75%),2.75,Pass,Low Risk,25-50%
S13167,57.14,Medium (50-75%),2.0,Pass,Low Risk,50-75%
S13168,66.67,Medium (50-75%),2.75,Pass,Low Risk,50-75%
S13169,100.0,High (>75%),3.0,Distinction,Low Risk,75-100%
S13170,100.0,High (>75%),3.0,Distinction,Low Risk,75-100%
S13171,100.0,High (>75%),1.8888888888888888,Pass,Low Risk,75-100%
S13172,66.67,Medium (50-75%),4.0,Distinction,Low Risk,50-75%
S13173,100.0,High (>75%),1.0,Fail,High Risk,75-100%
S13174,85.71,High (>75%),2.0,Pass,Low Risk,75-100%
S13175,66.67,Medium (50-75%),2.0,Pass,Low Risk,50-75%
S13176,100.0,High (>75%),1.4,Fail,High Risk,75-100%
S13177,60.0,Medium (50-75%),2.6666666666666665,Pass,Low Risk,50-75%
S13178,50.0,Medium (50-75%),3.0,Distinction,Low Risk,25-50%
S13179,66.67,Medium (50-75%),1.7142857142857142,Pass,Low Risk,50-75%
S13180,66.67,Medium (50-75%),2.0,Pass,Low Risk,50-75%
S13181,100.0,High (>75%),0.5,Fail,High Risk,75-100%
S13182,0.0,Low (<50%),1.5,Fail,High Risk,
S13183,71.43,Medium (50-75%),1.5,Fail,Low Risk,50-75%
S13184,66.67,Medium (50-75%),2.0,Pass,Low Risk,50-75%
S13185,100.0,High (>75%),3.0,Distinction,Low Risk,75-100%
S13186,50.0,Medium (50-75%),3.0,Distinction,Low Risk,25-50%
S13187,100.0,High (>75%),1.0,Fail,High Risk,75-100%
S13188,80.0,High (>75%),2.0,Pass,Low Risk,75-100%
S13189,50.0,Medium (50-75%),2.0,Pass,Low Risk,25-50%
S13190,100.0,High (>75%),1.6666666666666667,Pass,Low Risk,75-100%
S13191,100.0,High (>75%),2.0,Pass,Low Risk,75-100%
S13192,66.67,Medium (50-75%),1.5,Fail,Low Risk,50-75%
S13193,66.67,Medium (50-75%),0.0,Fail,High Risk,50-75%
S13194,100.0,High (>75%),4.0,Distinction,Low Risk,75-100%
S13196,66.67,Medium (50-75%),2.5,Pass,Low Risk,50-75%
S13197,66.67,Medium (50-75%),1.3333333333333333,Fail,High Risk,50-75%
S13198,33.33,Low (<50%),2.0,Pass,High Risk,25-50%
S13199,100.0,High (>75%),2.4285714285714284,Pass,Low Risk,75-100%
S13200,50.0,Medium (50-75%),2.0,Pass,Low Risk,25-50%
S13201,75.0,High (>75%),1.6,Pass,Low Risk,50-75%
S13202,20.0,Low (<50%),3.0,Distinction,High Risk,0-25%
S13203,100.0,High (>75%),1.6666666666666667,Pass,Low Risk,75-100%
S13204,75.0,High (>75%),3.0,Distinction,Low Risk,50-75%
S13205,0.0,Low (<50%),1.6,Pass,High Risk,
S13206,33.33,Low (<50%),2.6666666666666665,Pass,High Risk,25-50%
S13207,50.0,Medium (50-75%),2.0,Pass,Low Risk,25-50%
S13208,75.0,High (>75%),1.25,Fail,High Risk,50-75%
S13209,80.0,High (>75%),1.5,Fail,Low Risk,75-100%
S13210,50.0,Medium (50-75%),2.0,Pass,Low Risk,25-50%
S13211,100.0,High (>75%),1.75,Pass,Low Risk,75-100%
S13212,66.67,Medium (50-75%),0.6666666666666666,Fail,High Risk,50-75%
S13213,100.0,High (>75%),1.8,Pass,Low Risk,75-100%
S13215,75.0,High (>75%),3.0,Distinction,Low Risk,50-75%
S13216,100.0,High (>75%),2.3333333333333335,Pass,Low Risk,75-100%
S13217,60.0,Medium (50-75%),0.75,Fail,High Risk,50-75%
S13218,100.0,High (>75%),3.125,Distinction,Low Risk,75-100%
S13219,100.0,High (>75%),1.0,Fail,High Risk,75-100%
S13220,40.0,Low (<50%),1.6,Pass,High Risk,25-50%
S13221,66.67,Medium (50-75%),2.0,Pass,Low Risk,50-75%
S13222,75.0,High (>75%),2.8,Pass,Low Risk,50-75%
S13223,0.0,Low (<50%),1.6666666666666667,Pass,High Risk,
S13224,80.0,High (>75%),1.0,Fail,High Risk,75-100%
S13225,60.0,Medium (50-75%),2.0,Pass,Low Risk,50-75%
S13226,50.0,Medium (50-75%),3.0,Distinction,Low Risk,25-50%
S13227,50.0,Medium (50-75%),2.0,Pass,Low Risk,25-50%
S13228,80.0,High (>75%),2.5,Pass,Low Risk,75-100%
S13230,100.0,High (>75%),1.75,Pass,Low Risk,75-100%
S13231,100.0,High (>75%),4.0,Distinction,Low Risk,75-100%
S13232,80.0,High (>75%),2.75,Pass,Low Risk,75-100%
S13233,100.0,High (>75%),1.0,Fail,High Risk,75-100%
S13234,100.0,High (>75%),2.75,Pass,Low Risk,75-100%
S13235,100.0,High (>75%),2.6666666666666665,Pass,Low Risk,75-100%
S13236,100.0,High (>75%),2.5,Pass,Low Risk,75-100%
S13237,100.0,High (>75%),2.1666666666666665,Pass,Low Risk,75-100%
S13238,33.33,Low (<50%),3.0,Distinction,High Risk,25-50%
S13239,50.0,Medium (50-75%),2.5,Pass,Low Risk,25-50%
S13240,0.0,Low (<50%),2.6666666666666665,Pass,High Risk,
S13241,100.0,High (>75%),1.3333333333333333,Fail,High Risk,75-100%
S13242,100.0,High (>75%),3.3333333333333335,Distinction,Low Risk,75-100%
S13243,33.33,Low (<50%),3.4,Distinction,High Risk,25-50%
S13244,100.0,High (>75%),1.2857142857142858,Fail,High Risk,75-100%
S13245,66.67,Medium (50-75%),2.0,Pass,Low Risk,50-75%
S13246,50.0,Medium (50-75%),2.0,Pass,Low Risk,25-50%
S13247,80.0,High (>75%),1.5,Fail,Low Risk,75-100%
S13248,83.33,High (>75%),2.142857142857143,Pass,Low Risk,75-100%
S13250,50.0,Medium (50-75%),2.142857142857143,Pass,Low Risk,25-50%
S13251,100.0,High (>75%),1.3333333333333333,Fail,High Risk,75-100%
S13252,50.0,Medium (50-75%),2.0,Pass,Low Risk,25-50%
S13253,60.0,Medium (50-75%),1.0,Fail,High Risk,50-75%
S13254,60.0,Medium (50-75%),2.5,Pass,Low Risk,50-75%
S13255,75.0,High (>75%),2.0,Pass,Low Risk,50-75%
S13256,0.0,Low (<50%),2.0,Pass,High Risk,
S13257,100.0,High (>75%),2.6666666666666665,Pass,Low Risk,75-100%
S13258,100.0,High (>75%),2.25,Pass,Low Risk,75-100%
S13259,85.71,High (>75%),2.142857142857143,Pass,Low Risk,75-100%
S13261,100.0,High (>75%),1.6,Pass,Low Risk,75-100%
S13262,66.67,Medium (50-75%),2.0,Pass,Low Risk,50-75%
S13263,100.0,High (>75%),1.5,Fail,Low Risk,75-100%
S13264,0.0,Low (<50%),1.0,Fail,High Risk,
S13265,100.0,High (>75%),1.3333333333333333,Fail,High Risk,75-100%
S13266,100.0,High (>75%),2.0,Pass,Low Risk,75-100%
S13267,0.0,Low (<50%),1.0,Fail,High Risk,
S13268,75.0,High (>75%),2.0,Pass,Low Risk,50-75%
S13269,100.0,High (>75%),1.0,Fail,High Risk,75-100%
S13270,100.0,High (>75%),1.5,Fail,Low Risk,75-100%
S13271,50.0,Medium (50-75%),1.6666666666666667,Pass,Low Risk,25-50%
S13272,50.0,Medium (50-75%),2.0,Pass,Low Risk,25-50%
S13273,0.0,Low (<50%),2.0,Pass,High Risk,
S13274,100.0,High (>75%),3.0,Distinction,Low Risk,75-100%
S13275,50.0,Medium (50-75%),1.3333333333333333,Fail,High Risk,25-50%
S13276,50.0,Medium (50-75%),2.3333333333333335,Pass,Low Risk,25-50%
S13277,80.0,High (>75%),3.0,Distinction,Low Risk,75-100%
S13278,66.67,Medium (50-75%),1.875,Pass,Low Risk,50-75%
S13279,66.67,Medium (50-75%),1.0,Fail,High Risk,50-75%
S13280,0.0,Low (<50%),1.5714285714285714,Fail,High Risk,
S13281,33.33,Low (<50%),3.3333333333333335,Distinction,High Risk,25-50%
S13282,33.33,Low (<50%),2.0,Pass,High Risk,25-50%
S13283,100.0,High (>75%),2.8,Pass,Low Risk,75-100%
S13284,80.0,High (>75%),1.3333333333333333,Fail,High Risk,75-100%
S13285,100.0,High (>75%),2.2857142857142856,Pass,Low Risk,75-100%
S13286,20.0,Low (<50%),3.0,Distinction,High Risk,0-25%
S13287,100.0,High (>75%),2.6666666666666665,Pass,Low Risk,75-100%
S13288,100.0,High (>75%),2.0,Pass,Low Risk,75-100%
S13289,100.0,High (>75%),1.4,Fail,High Risk,75-100%
S13290,66.67,Medium (50-75%),3.3333333333333335,Distinction,Low Risk,50-75%
S13291,100.0,High (>75%),3.0,Distinction,Low Risk,75-100%
S13292,100.0,High (>75%),2.125,Pass,Low Risk,75-100%
S13293,25.0,Low (<50%),0.0,Fail,High Risk,0-25%
S13294,50.0,Medium (50-75%),2.142857142857143,Pass,Low Risk,25-50%
S13295,66.67,Medium (50-75%),2.0,Pass,Low Risk,50-75%
S13296,100.0,High (>75%),1.5,Fail,Low Risk,75-100%
S13297,60.0,Medium (50-75%),1.0,Fail,High Risk,50-75%
S13298,50.0,Medium (50-75%),1.75,Pass,Low Risk,25-50%
S13299,66.67,Medium (50-75%),2.3333333333333335,Pass,Low Risk,50-75%
S13300,66.67,Medium (50-75%),1.0,Fail,High Risk,50-75%
S13301,50.0,Medium (50-75%),0.5,Fail,High Risk,25-50%
S13302,100.0,High (>75%),2.0,Pass,Low Risk,75-100%
S13303,33.33,Low (<50%),1.6666666666666667,Pass,High Risk,25-50%
S13304,50.0,Medium (50-75%),2.75,Pass,Low Risk,25-50%
S13305,50.0,Medium (50-75%),3.0,Distinction,Low Risk,25-50%
S13306,100.0,High (>75%),1.6,Pass,Low Risk,75-100%
S13307,50.0,Medium (50-75%),1.6666666666666667,Pass,Low Risk,25-50%
S13308,80.0,High (>75%),2.0,Pass,Low Risk,75-100%
S13309,85.71,High (>75%),2.5,Pass,Low Risk,75-100%
S13310,50.0,Medium (50-75%),4.0,Distinction,Low Risk,25-50%
S13312,100.0,High (>75%),2.6,Pass,Low Risk,75-100%
S13313,75.0,High (>75%),2.0,Pass,Low Risk,50-75%
S13314,33.33,Low (<50%),2.5,Pass,High Risk,25-50%
S13315,100.0,High (>75%),2.2,Pass,Low Risk,75-100%
S13316,33.33,Low (<50%),1.5,Fail,High Risk,25-50%
S13317,60.0,Medium (50-75%),2.25,Pass,Low Risk,50-75%
S13318,42.86,Low (<50%),1.3333333333333333,Fail,High Risk,25-50%
S13319,100.0,High (>75%),1.0,Fail,High Risk,75-100%
S13320,100.0,High (>75%),3.0,Distinction,Low Risk,75-100%
S13321,100.0,High (>75%),2.5,Pass,Low Risk,75-100%
S13322,100.0,High (>75%),1.25,Fail,High Risk,75-100%
S13323,0.0,Low (<50%),1.8333333333333333,Pass,High Risk,
S13324,60.0,Medium (50-75%),2.0,Pass,Low Risk,50-75%
S13325,100.0,High (>75%),2.0,Pass,Low Risk,75-100%
S13326,100.0,High (>75%),2.3333333333333335,Pass,Low Risk,75-100%
S13327,80.0,High (>75%),1.3333333333333333,Fail,High Risk,75-100%
S13328,100.0,High (>75%),1.5,Fail,Low Risk,75-100%
S13329,50.0,Medium (50-75%),2.0,Pass,Low Risk,25-50%
S13331,100.0,High (>75%),1.0,Fail,High Risk,75-100%
S13332,66.67,Medium (50-75%),3.0,Distinction,Low Risk,50-75%
S13333,50.0,Medium (50-75%),0.0,Fail,High Risk,25-50%
S13334,66.67,Medium (50-75%),3.0,Distinction,Low Risk,50-75%
S13335,66.67,Medium (50-75%),1.0,Fail,High Risk,50-75%
S13336,80.0,High (>75%),0.8333333333333334,Fail,High Risk,75-100%
S13337,100.0,High (>75%),2.4,Pass,Low Risk,75-100%
S13338,100.0,High (>75%),3.0,Distinction,Low Risk,75-100%
S13339,33.33,Low (<50%),2.4444444444444446,Pass,High Risk,25-50%
S13340,100.0,High (>75%),1.5,Fail,Low Risk,75-100%
S13341,100.0,High (>75%),1.3333333333333333,Fail,High Risk,75-100%
S13342,100.0,High (>75%),4.0,Distinction,Low Risk,75-100%
S13343,100.0,High (>75%),2.2,Pass,Low Risk,75-100%
S13344,33.33,Low (<50%),2.1666666666666665,Pass,High Risk,25-50%
S13345,33.33,Low (<50%),0.75,Fail,High Risk,25-50%
S13346,66.67,Medium (50-75%),0.0,Fail,High Risk,50-75%
S13347,50.0,Medium (50-75%),1.6666666666666667,Pass,Low Risk,25-50%
S13348,83.33,High (>75%),4.0,Distinction,Low Risk,75-100%
S13349,33.33,Low (<50%),3.0,Distinction,High Risk,25-50%
S13350,100.0,High (>75%),4.0,Distinction,Low Risk,75-100%
S13351,100.0,High (>75%),1.4,Fail,High Risk,75-100%
S13352,50.0,Medium (50-75%),2.3333333333333335,Pass,Low Risk,25-50%
S13353,0.0,Low (<50%),3.0,Distinction,High Risk,
S13354,100.0,High (>75%),3.75,Distinction,Low Risk,75-100%
S13355,75.0,High (>75%),1.0,Fail,High Risk,50-75%
S13356,100.0,High (>75%),1.0,Fail,High Risk,75-100%
S13357,0.0,Low (<50%),3.0,Distinction,High Risk,
S13358,40.0,Low (<50%),2.1666666666666665,Pass,High Risk,25-50%
S13359,0.0,Low (<50%),2.25,Pass,High Risk,
S13360,80.0,High (>75%),2.142857142857143,Pass,Low Risk,75-100%
S13361,50.0,Medium (50-75%),2.0,Pass,Low Risk,25-50%
S13362,83.33,High (>75%),2.25,Pass,Low Risk,75-100%
S13363,100.0,High (>75%),2.0,Pass,Low Risk,75-100%
S13364,66.67,Medium (50-75%),1.0,Fail,High Risk,50-75%
S13365,83.33,High (>75%),2.0,Pass,Low Risk,75-100%
S13366,33.33,Low (<50%),0.75,Fail,High Risk,25-50%
S13367,33.33,Low (<50%),2.0,Pass,High Risk,25-50%
S13368,0.0,Low (<50%),3.0,Distinction,High Risk,
S13369,50.0,Medium (50-75%),3.0,Distinction,Low Risk,25-50%
S13370,100.0,High (>75%),3.0,Distinction,Low Risk,75-100%
S13372,80.0,High (>75%),2.0,Pass,Low Risk,75-100%
S13373,0.0,Low (<50%),2.0,Pass,High Risk,
S13374,75.0,High (>75%),2.6666666666666665,Pass,Low Risk,50-75%
S13375,50.0,Medium (50-75%),2.0,Pass,Low Risk,25-50%
S13376,0.0,Low (<50%),4.0,Distinction,High Risk,
S13377,80.0,High (>75%),3.0,Distinction,Low Risk,75-100%
S13378,100.0,High (>75%),2.857142857142857,Pass,Low Risk,75-100%
S13379,75.0,High (>75%),1.6666666666666667,Pass,Low Risk,50-75%
S13380,33.33,Low (<50%),1.75,Pass,High Risk,25-50%
S13381,80.0,High (>75%),2.6666666666666665,Pass,Low Risk,75-100%
S13382,66.67,Medium (50-75%),2.5,Pass,Low Risk,50-75%
S13383,60.0,Medium (50-75%),1.6666666666666667,Pass,Low Risk,50-75%
S13384,0.0,Low (<50%),0.6666666666666666,Fail,High Risk,
S13385,66.67,Medium (50-75%),2.5,Pass,Low Risk,50-75%
S13386,100.0,High (>75%),4.0,Distinction,Low Risk,75-100%
S13387,100.0,High (>75%),3.0,Distinction,Low Risk,75-100%
S13388,66.67,Medium (50-75%),1.2,Fail,High Risk,50-75%
S13389,50.0,Medium (50-75%),2.0,Pass,Low Risk,25-50%
S13390,100.0,High (>75%),2.5,Pass,Low Risk,75-100%
S13392,50.0,Medium (50-75%),2.0,Pass,Low Risk,25-50%
S13393,100.0,High (>75%),1.1666666666666667,Fail,High Risk,75-100%
S13394,50.0,Medium (50-75%),2.3333333333333335,Pass,Low Risk,25-50%
S13395,50.0,Medium (50-75%),1.5,Fail,Low Risk,25-50%
S13396,100.0,High (>75%),2.8,Pass,Low Risk,75-100%
S13397,100.0,High (>75%),2.5,Pass,Low Risk,75-100%
S13398,50.0,Medium (50-75%),2.0,Pass,Low Risk,25-50%
S13399,25.0,Low (<50%),2.6666666666666665,Pass,High Risk,0-25%
S13400,50.0,Medium (50-75%),4.0,Distinction,Low Risk,25-50%
S13402,100.0,High (>75%),0.0,Fail,High Risk,75-100%
S13403,100.0,High (>75%),0.0,Fail,High Risk,75-100%
S13404,83.33,High (>75%),1.4,Fail,High Risk,75-100%
S13405,100.0,High (>75%),2.25,Pass,Low Risk,75-100%
S13406,100.0,High (>75%),1.5,Fail,Low Risk,75-100%
S13407,100.0,High (>75%),2.0,Pass,Low Risk,75-100%
S13408,75.0,High (>75%),2.5,Pass,Low Risk,50-75%
S13409,33.33,Low (<50%),1.0,Fail,High Risk,25-50%
S13410,0.0,Low (<50%),2.5,Pass,High Risk,
S13411,100.0,High (>75%),2.6666666666666665,Pass,Low Risk,75-100%
S13412,0.0,Low (<50%),3.0,Distinction,High Risk,
S13413,100.0,High (>75%),1.0,Fail,High Risk,75-100%
S13414,66.67,Medium (50-75%),2.0,Pass,Low Risk,50-75%
S13415,80.0,High (>75%),1.0,Fail,High Risk,75-100%
S13416,33.33,Low (<50%),0.75,Fail,High Risk,25-50%
S13417,80.0,High (>75%),2.25,Pass,Low Risk,75-100%
S13418,100.0,High (>75%),2.5,Pass,Low Risk,75-100%
S13419,66.67,Medium (50-75%),1.3333333333333333,Fail,High Risk,50-75%
S13420,100.0,High (>75%),2.0,Pass,Low Risk,75-100%
S13421,0.0,Low (<50%),2.0,Pass,High Risk,
S13422,0.0,Low (<50%),1.0,Fail,High Risk,
S13423,50.0,Medium (50-75%),2.4,Pass,Low Risk,25-50%
S13424,60.0,Medium (50-75%),4.0,Distinction,Low Risk,50-75%
S13425,0.0,Low (<50%),2.0,Pass,High Risk,
S13426,100.0,High (>75%),1.0,Fail,High Risk,75-100%
S13427,50.0,Medium (50-75%),1.0,Fail,High Risk,25-50%
S13428,40.0,Low (<50%),1.6666666666666667,Pass,High Risk,25-50%
S13429,50.0,Medium (50-75%),2.3333333333333335,Pass,Low Risk,25-50%
S13430,100.0,High (>75%),1.5,Fail,Low Risk,75-100%
S13431,75.0,High (>75%),2.0,Pass,Low Risk,50-75%
S13432,75.0,High (>75%),0.0,Fail,High Risk,50-75%
S13433,50.0,Medium (50-75%),1.0,Fail,High Risk,25-50%
S13434,75.0,High (>75%),2.7142857142857144,Pass,Low Risk,50-75%
S13435,100.0,High (>75%),1.0,Fail,High Risk,75-100%
S13436,66.67,Medium (50-75%),3.0,Distinction,Low Risk,50-75%
S13437,100.0,High (>75%),2.0,Pass,Low Risk,75-100%
S13438,0.0,Low (<50%),2.0,Pass,High Risk,
S13439,0.0,Low (<50%),0.0,Fail,High Risk,
S13440,100.0,High (>75%),2.0,Pass,Low Risk,75-100%
S13442,100.0,High (>75%),4.0,Distinction,Low Risk,75-100%
S13443,66.67,Medium (50-75%),1.5,Fail,Low Risk,50-75%
S13444,75.0,High (>75%),2.0,Pass,Low Risk,50-75%
S13445,33.33,Low (<50%),1.5,Fail,High Risk,25-50%
S13446,100.0,High (>75%),1.5,Fail,Low Risk,75-100%
S13447,100.0,High (>75%),2.0,Pass,Low Risk,75-100%
S13448,100.0,High (>75%),3.0,Distinction,Low Risk,75-100%
S13449,55.56,Medium (50-75%),2.0,Pass,Low Risk,50-75%
S13450,60.0,Medium (50-75%),1.0,Fail,High Risk,50-75%
S13451,75.0,High (>75%),2.4,Pass,Low Risk,50-75%
S13452,50.0,Medium (50-75%),0.5,Fail,High Risk,25-50%
S13453,75.0,High (>75%),3.0,Distinction,Low Risk,50-75%
S13454,83.33,High (>75%),1.0,Fail,High Risk,75-100%
S13455,80.0,High (>75%),1.25,Fail,High Risk,75-100%
S13456,0.0,Low (<50%),2.0,Pass,High Risk,
S13457,75.0,High (>75%),2.2,Pass,Low Risk,50-75%
S13458,33.33,Low (<50%),2.7142857142857144,Pass,High Risk,25-50%
S13459,0.0,Low (<50%),2.3333333333333335,Pass,High Risk,
S13460,100.0,High (>75%),2.2,Pass,Low Risk,75-100%
S13461,100.0,High (>75%),0.5,Fail,High Risk,75-100%
S13462,33.33,Low (<50%),1.4,Fail,High Risk,25-50%
S13463,100.0,High (>75%),3.4,Distinction,Low Risk,75-100%
S13464,66.67,Medium (50-75%),2.3333333333333335,Pass,Low Risk,50-75%
S13465,50.0,Medium (50-75%),2.5,Pass,Low Risk,25-50%
S13467,50.0,Medium (50-75%),1.5,Fail,Low Risk,25-50%
S13468,0.0,Low (<50%),0.5,Fail,High Risk,
S13469,100.0,High (>75%),2.3333333333333335,Pass,Low Risk,75-100%
S13470,33.33,Low (<50%),1.6666666666666667,Pass,High Risk,25-50%
S13471,50.0,Medium (50-75%),3.0,Distinction,Low Risk,25-50%
S13473,100.0,High (>75%),2.25,Pass,Low Risk,75-100%
S13474,33.33,Low (<50%),1.3333333333333333,Fail,High Risk,25-50%
S13475,100.0,High (>75%),0.75,Fail,High Risk,75-100%
S13476,40.0,Low (<50%),2.0,Pass,High Risk,25-50%
S13477,100.0,High (>75%),1.3333333333333333,Fail,High Risk,75-100%
S13478,60.0,Medium (50-75%),3.0,Distinction,Low Risk,50-75%
S13479,40.0,Low (<50%),2.0,Pass,High Risk,25-50%
S13480,100.0,High (>75%),1.5714285714285714,Fail,Low Risk,75-100%
S13481,100.0,High (>75%),2.0,Pass,Low Risk,75-100%
S13482,50.0,Medium (50-75%),0.3333333333333333,Fail,High Risk,25-50%
S13483,60.0,Medium (50-75%),2.8,Pass,Low Risk,50-75%
S13484,75.0,High (>75%),1.6666666666666667,Pass,Low Risk,50-75%
S13485,100.0,High (>75%),1.3333333333333333,Fail,High Risk,75-100%
S13486,50.0,Medium (50-75%),2.3333333333333335,Pass,Low Risk,25-50%
S13488,83.33,High (>75%),4.0,Distinction,Low Risk,75-100%
S13489,66.67,Medium (50-75%),1.3333333333333333,Fail,High Risk,50-75%
S13490,0.0,Low (<50%),3.0,Distinction,High Risk,
S13491,50.0,Medium (50-75%),1.6666666666666667,Pass,Low Risk,25-50%
S13492,60.0,Medium (50-75%),2.2,Pass,Low Risk,50-75%
S13493,33.33,Low (<50%),3.0,Distinction,High Risk,25-50%
S13494,0.0,Low (<50%),4.0,Distinction,High Risk,
S13495,40.0,Low (<50%),1.5,Fail,High Risk,25-50%
S13496,40.0,Low (<50%),1.8571428571428572,Pass,High Risk,25-50%
S13497,100.0,High (>75%),2.0,Pass,Low Risk,75-100%
S13498,100.0,High (>75%),2.0,Pass,Low Risk,75-100%
S13499,100.0,High (>75%),3.0,Distinction,Low Risk,75-100%
S13500,100.0,High (>75%),2.0,Pass,Low Risk,75-100%
S13501,0.0,Low (<50%),1.5,Fail,High Risk,
S13502,33.33,Low (<50%),1.5,Fail,High Risk,25-50%
S13503,100.0,High (>75%),2.25,Pass,Low Risk,75-100%
S13504,0.0,Low (<50%),1.4,Fail,High Risk,
S13505,33.33,Low (<50%),2.1666666666666665,Pass,High Risk,25-50%
S13506,100.0,High (>75%),3.0,Distinction,Low Risk,75-100%
S13507,80.0,High (>75%),2.25,Pass,Low Risk,75-100%
S13508,75.0,High (>75%),4.0,Distinction,Low Risk,50-75%
S13509,100.0,High (>75%),2.75,Pass,Low Risk,75-100%
S13511,100.0,High (>75%),3.6666666666666665,Distinction,Low Risk,75-100%
S13513,71.43,Medium (50-75%),1.0,Fail,High Risk,50-75%
S13514,0.0,Low (<50%),2.0,Pass,High Risk,
S13515,33.33,Low (<50%),2.0,Pass,High Risk,25-50%
S13516,33.33,Low (<50%),1.3333333333333333,Fail,High Risk,25-50%
S13517,33.33,Low (<50%),2.0,Pass,High Risk,25-50%
S13518,100.0,High (>75%),2.0,Pass,Low Risk,75-100%
S13519,40.0,Low (<50%),0.75,Fail,High Risk,25-50%
S13520,33.33,Low (<50%),3.0,Distinction,High Risk,25-50%
S13521,0.0,Low (<50%),2.0,Pass,High Risk,
S13522,100.0,High (>75%),2.0,Pass,Low Risk,75-100%
S13523,50.0,Medium (50-75%),3.0,Distinction,Low Risk,25-50%
S13524,100.0,High (>75%),2.4,Pass,Low Risk,75-100%
S13525,33.33,Low (<50%),2.2,Pass,High Risk,25-50%
S13526,50.0,Medium (50-75%),1.5,Fail,Low Risk,25-50%
S13527,100.0,High (>75%),1.0,Fail,High Risk,75-100%
S13529,100.0,High (>75%),2.7142857142857144,Pass,Low Risk,75-100%
S13530,33.33,Low (<50%),2.0,Pass,High Risk,25-50%
S13531,66.67,Medium (50-75%),2.0,Pass,Low Risk,50-75%
S13532,20.0,Low (<50%),2.3333333333333335,Pass,High Risk,0-25%
S13533,100.0,High (>75%),0.0,Fail,High Risk,75-100%
S13534,75.0,High (>75%),2.0,Pass,Low Risk,50-75%
S13535,20.0,Low (<50%),3.0,Distinction,High Risk,0-25%
S13536,100.0,High (>75%),3.5,Distinction,Low Risk,75-100%
S13537,33.33,Low (<50%),2.75,Pass,High Risk,25-50%
S13538,100.0,High (>75%),3.0,Distinction,Low Risk,75-100%
S13539,60.0,Medium (50-75%),1.5,Fail,Low Risk,50-75%
S13540,100.0,High (>75%),4.0,Distinction,Low Risk,75-100%
S13541,100.0,High (>75%),1.5,Fail,Low Risk,75-100%
S13542,100.0,High (>75%),2.3333333333333335,Pass,Low Risk,75-100%
S13543,100.0,High (>75%),2.75,Pass,Low Risk,75-100%
S13544,80.0,High (>75%),0.3333333333333333,Fail,High Risk,75-100%
S13545,75.0,High (>75%),1.6666666666666667,Pass,Low Risk,50-75%
S13546,0.0,Low (<50%),2.3333333333333335,Pass,High Risk,
S13547,80.0,High (>75%),0.6666666666666666,Fail,High Risk,75-100%
S13549,66.67,Medium (50-75%),2.0,Pass,Low Risk,50-75%
S13550,50.0,Medium (50-75%),2.4,Pass,Low Risk,25-50%
S13551,0.0,Low (<50%),1.0,Fail,High Risk,
S13552,66.67,Medium (50-75%),2.3333333333333335,Pass,Low Risk,50-75%
S13553,100.0,High (>75%),1.6666666666666667,Pass,Low Risk,75-100%
S13554,66.67,Medium (50-75%),4.0,Distinction,Low Risk,50-75%
S13555,66.67,Medium (50-75%),2.6,Pass,Low Risk,50-75%
S13556,100.0,High (>75%),2.0,Pass,Low Risk,75-100%
S13558,0.0,Low (<50%),1.6666666666666667,Pass,High Risk,
S13559,25.0,Low (<50%),2.125,Pass,High Risk,0-25%
S13561,50.0,Medium (50-75%),0.0,Fail,High Risk,25-50%
S13562,57.14,Medium (50-75%),0.5,Fail,High Risk,50-75%
S13564,100.0,High (>75%),1.3333333333333333,Fail,High Risk,75-100%
S13565,100.0,High (>75%),3.0,Distinction,Low Risk,75-100%
S13566,0.0,Low (<50%),2.0,Pass,High Risk,
S13567,33.33,Low (<50%),2.0,Pass,High Risk,25-50%
S13568,0.0,Low (<50%),0.6666666666666666,Fail,High Risk,
S13569,40.0,Low (<50%),2.2,Pass,High Risk,25-50%
S13570,100.0,High (>75%),3.0,Distinction,Low Risk,75-100%
S13571,50.0,Medium (50-75%),1.8,Pass,Low Risk,25-50%
S13572,66.67,Medium (50-75%),2.0,Pass,Low Risk,50-75%
S13573,66.67,Medium (50-75%),2.3333333333333335,Pass,Low Risk,50-75%
S13574,66.67,Medium (50-75%),3.0,Distinction,Low Risk,50-75%
S13575,100.0,High (>75%),2.0,Pass,Low Risk,75-100%
S13576,100.0,High (>75%),1.3333333333333333,Fail,High Risk,75-100%
S13577,60.0,Medium (50-75%),1.6,Pass,Low Risk,50-75%
S13578,100.0,High (>75%),1.3333333333333333,Fail,High Risk,75-100%
S13579,100.0,High (>75%),3.0,Distinction,Low Risk,75-100%
S13581,100.0,High (>75%),2.0,Pass,Low Risk,75-100%
S13582,100.0,High (>75%),2.6666666666666665,Pass,Low Risk,75-100%
S13583,75.0,High (>75%),1.6666666666666667,Pass,Low Risk,50-75%
S13584,100.0,High (>75%),3.0,Distinction,Low Risk,75-100%
S13586,100.0,High (>75%),1.3333333333333333,Fail,High Risk,75-100%
S13587,50.0,Medium (50-75%),2.5,Pass,Low Risk,25-50%
S13588,75.0,High (>75%),2.25,Pass,Low Risk,50-75%
S13589,50.0,Medium (50-75%),2.0,Pass,Low Risk,25-50%
S13590,50.0,Medium (50-75%),2.0,Pass,Low Risk,25-50%
S13591,66.67,Medium (50-75%),1.5,Fail,Low Risk,50-75%
S13592,100.0,High (>75%),1.2,Fail,High Risk,75-100%
S13593,33.33,Low (<50%),2.0,Pass,High Risk,25-50%
S13594,0.0,Low (<50%),2.0,Pass,High Risk,
S13595,80.0,High (>75%),2.0,Pass,Low Risk,75-100%
S13596,100.0,High (>75%),2.0,Pass,Low Risk,75-100%
S13597,100.0,High (>75%),0.6666666666666666,Fail,High Risk,75-100%
S13598,75.0,High (>75%),2.0,Pass,Low Risk,50-75%
S13599,33.33,Low (<50%),2.5,Pass,High Risk,25-50%
S13600,100.0,High (>75%),2.625,Pass,Low Risk,75-100%
S13601,66.67,Medium (50-75%),2.2,Pass,Low Risk,50-75%
S13602,0.0,Low (<50%),2.0,Pass,High Risk,
S13603,100.0,High (>75%),3.0,Distinction,Low Risk,75-100%
S13604,83.33,High (>75%),2.0,Pass,Low Risk,75-100%
S13605,100.0,High (>75%),0.0,Fail,High Risk,75-100%
S13606,50.0,Medium (50-75%),2.5714285714285716,Pass,Low Risk,25-50%
S13607,40.0,Low (<50%),1.5,Fail,High Risk,25-50%
S13608,50.0,Medium (50-75%),2.0,Pass,Low Risk,25-50%
S13609,100.0,High (>75%),1.6666666666666667,Pass,Low Risk,75-100%
S13610,100.0,High (>75%),2.0,Pass,Low Risk,75-100%
S13611,0.0,Low (<50%),3.0,Distinction,High Risk,
S13612,25.0,Low (<50%),1.0,Fail,High Risk,0-25%
S13613,0.0,Low (<50%),1.0,Fail,High Risk,
S13614,100.0,High (>75%),4.0,Distinction,Low Risk,75-100%
S13615,0.0,Low (<50%),1.625,Pass,High Risk,
S13616,100.0,High (>75%),1.6666666666666667,Pass,Low Risk,75-100%
S13617,100.0,High (>75%),2.1666666666666665,Pass,Low Risk,75-100%
S13618,75.0,High (>75%),1.75,Pass,Low Risk,50-75%
S13619,100.0,High (>75%),2.0,Pass,Low Risk,75-100%
S13620,66.67,Medium (50-75%),1.0,Fail,High Risk,50-75%
S13621,0.0,Low (<50%),1.5,Fail,High Risk,
S13622,50.0,Medium (50-75%),1.0,Fail,High Risk,25-50%
S13623,100.0,High (>75%),3.0,Distinction,Low Risk,75-100%
S13624,50.0,Medium (50-75%),2.0,Pass,Low Risk,25-50%
S13626,100.0,High (>75%),2.0,Pass,Low Risk,75-100%
S13627,0.0,Low (<50%),1.25,Fail,High Risk,
S13628,83.33,High (>75%),2.0,Pass,Low Risk,75-100%
S13629,66.67,Medium (50-75%),2.125,Pass,Low Risk,50-75%
S13630,100.0,High (>75%),3.0,Distinction,Low Risk,75-100%
S13631,100.0,High (>75%),1.2,Fail,High Risk,75-100%
S13632,0.0,Low (<50%),1.25,Fail,High Risk,
S13633,75.0,High (>75%),3.75,Distinction,Low Risk,50-75%
S13634,100.0,High (>75%),0.5,Fail,High Risk,75-100%
S13635,33.33,Low (<50%),1.5,Fail,High Risk,25-50%
S13637,100.0,High (>75%),2.5,Pass,Low Risk,75-100%
S13638,100.0,High (>75%),2.5,Pass,Low Risk,75-100%
S13639,75.0,High (>75%),0.0,Fail,High Risk,50-75%
S13640,66.67,Medium (50-75%),1.1666666666666667,Fail,High Risk,50-75%
S13641,100.0,High (>75%),2.6,Pass,Low Risk,75-100%
S13642,50.0,Medium (50-75%),2.5,Pass,Low Risk,25-50%
S13643,100.0,High (>75%),2.2,Pass,Low Risk,75-100%
S13645,33.33,Low (<50%),1.0,Fail,High Risk,25-50%
S13646,50.0,Medium (50-75%),2.4,Pass,Low Risk,25-50%
S13647,66.67,Medium (50-75%),2.75,Pass,Low Risk,50-75%
S13648,0.0,Low (<50%),2.6666666666666665,Pass,High Risk,
S13649,100.0,High (>75%),1.0,Fail,High Risk,75-100%
S13650,33.33,Low (<50%),2.0,Pass,High Risk,25-50%
S13651,50.0,Medium (50-75%),1.5,Fail,Low Risk,25-50%
S13652,100.0,High (>75%),2.0,Pass,Low Risk,75-100%
S13653,33.33,Low (<50%),2.0,Pass,High Risk,25-50%
S13654,66.67,Medium (50-75%),3.0,Distinction,Low Risk,50-75%
S13655,50.0,Medium (50-75%),2.4,Pass,Low Risk,25-50%
S13656,50.0,Medium (50-75%),0.6666666666666666,Fail,High Risk,25-50%
S13657,50.0,Medium (50-75%),2.0,Pass,Low Risk,25-50%
S13658,66.67,Medium (50-75%),1.5,Fail,Low Risk,50-75%
S13659,40.0,Low (<50%),3.5,Distinction,High Risk,25-50%
S13660,100.0,High (>75%),3.0,Distinction,Low Risk,75-100%
S13661,0.0,Low (<50%),1.8333333333333333,Pass,High Risk,
S13662,100.0,High (>75%),1.25,Fail,High Risk,75-100%
S13663,100.0,High (>75%),2.0,Pass,Low Risk,75-100%
S13664,80.0,High (>75%),3.0,Distinction,Low Risk,75-100%
S13665,0.0,Low (<50%),2.8333333333333335,Pass,High Risk,
S13666,50.0,Medium (50-75%),2.0,Pass,Low Risk,25-50%
S13667,66.67,Medium (50-75%),0.5,Fail,High Risk,50-75%
S13669,66.67,Medium (50-75%),2.3333333333333335,Pass,Low Risk,50-75%
S13670,100.0,High (>75%),2.0,Pass,Low Risk,75-100%
S13671,0.0,Low (<50%),1.3333333333333333,Fail,High Risk,
S13672,80.0,High (>75%),1.0,Fail,High Risk,75-100%
S13673,0.0,Low (<50%),2.4285714285714284,Pass,High Risk,
S13674,100.0,High (>75%),2.5,Pass,Low Risk,75-100%
S13675,100.0,High (>75%),1.0,Fail,High Risk,75-100%
S13676,50.0,Medium (50-75%),2.0,Pass,Low Risk,25-50%
S13677,66.67,Medium (50-75%),1.5,Fail,Low Risk,50-75%
S13678,33.33,Low (<50%),2.0,Pass,High Risk,25-50%
S13679,66.67,Medium (50-75%),3.0,Distinction,Low Risk,50-75%
S13681,100.0,High (>75%),1.3333333333333333,Fail,High Risk,75-100%
S13682,50.0,Medium (50-75%),1.3333333333333333,Fail,High Risk,25-50%
S13683,50.0,Medium (50-75%),1.0,Fail,High Risk,25-50%
S13684,100.0,High (>75%),0.75,Fail,High Risk,75-100%
S13685,75.0,High (>75%),2.3333333333333335,Pass,Low Risk,50-75%
S13686,66.67,Medium (50-75%),1.5,Fail,Low Risk,50-75%
S13687,33.33,Low (<50%),2.3333333333333335,Pass,High Risk,25-50%
S13688,50.0,Medium (50-75%),1.6666666666666667,Pass,Low Risk,25-50%
S13689,100.0,High (>75%),2.8,Pass,Low Risk,75-100%
S13690,100.0,High (>75%),2.2,Pass,Low Risk,75-100%
S13691,75.0,High (>75%),2.0,Pass,Low Risk,50-75%
S13692,50.0,Medium (50-75%),1.0,Fail,High Risk,25-50%
S13693,33.33,Low (<50%),1.8,Pass,High Risk,25-50%
S13694,60.0,Medium (50-75%),2.5,Pass,Low Risk,50-75%
S13696,66.67,Medium (50-75%),2.6666666666666665,Pass,Low Risk,50-75%
S13697,66.67,Medium (50-75%),3.0,Distinction,Low Risk,50-75%
S13698,0.0,Low (<50%),1.3333333333333333,Fail,High Risk,
S13699,0.0,Low (<50%),0.0,Fail,High Risk,
S13700,66.67,Medium (50-75%),2.3333333333333335,Pass,Low Risk,50-75%
S13701,100.0,High (>75%),1.4,Fail,High Risk,75-100%
S13702,50.0,Medium (50-75%),2.25,Pass,Low Risk,25-50%
S13703,100.0,High (>75%),3.75,Distinction,Low Risk,75-100%
S13704,66.67,Medium (50-75%),1.5,Fail,Low Risk,50-75%
S13705,0.0,Low (<50%),4.0,Distinction,High Risk,
S13706,100.0,High (>75%),1.1111111111111112,Fail,High Risk,75-100%
S13707,66.67,Medium (50-75%),2.6,Pass,Low Risk,50-75%
S13708,83.33,High (>75%),1.8333333333333333,Pass,Low Risk,75-100%
S13709,75.0,High (>75%),2.5,Pass,Low Risk,50-75%
S13710,100.0,High (>75%),3.0,Distinction,Low Risk,75-100%
S13711,66.67,Medium (50-75%),1.5,Fail,Low Risk,50-75%
S13712,100.0,High (>75%),2.0,Pass,Low Risk,75-100%
S13713,33.33,Low (<50%),2.0,Pass,High Risk,25-50%
S13714,66.67,Medium (50-75%),2.0,Pass,Low Risk,50-75%
S13715,100.0,High (>75%),2.0,Pass,Low Risk,75-100%
S13716,50.0,Medium (50-75%),1.75,Pass,Low Risk,25-50%
S13717,33.33,Low (<50%),1.5,Fail,High Risk,25-50%
S13718,80.0,High (>75%),2.0,Pass,Low Risk,75-100%
S13719,75.0,High (>75%),2.0,Pass,Low Risk,50-75%
S13720,55.56,Medium (50-75%),1.5,Fail,Low Risk,50-75%
S13721,100.0,High (>75%),3.3333333333333335,Distinction,Low Risk,75-100%
S13722,100.0,High (>75%),1.5,Fail,Low Risk,75-100%
S13723,50.0,Medium (50-75%),2.25,Pass,Low Risk,25-50%
S13724,66.67,Medium (50-75%),1.8,Pass,Low Risk,50-75%
S13725,50.0,Medium (50-75%),2.6666666666666665,Pass,Low Risk,25-50%
S13727,33.33,Low (<50%),1.2,Fail,High Risk,25-50%
S13728,33.33,Low (<50%),1.0,Fail,High Risk,25-50%
S13729,50.0,Medium (50-75%),2.3333333333333335,Pass,Low Risk,25-50%
S13730,100.0,High (>75%),1.0,Fail,High Risk,75-100%
S13731,0.0,Low (<50%),3.5,Distinction,High Risk,
S13732,57.14,Medium (50-75%),1.3333333333333333,Fail,High Risk,50-75%
S13733,66.67,Medium (50-75%),2.4,Pass,Low Risk,50-75%
S13734,60.0,Medium (50-75%),2.0,Pass,Low Risk,50-75%
S13735,33.33,Low (<50%),2.3333333333333335,Pass,High Risk,25-50%
S13736,66.67,Medium (50-75%),3.0,Distinction,Low Risk,50-75%
S13737,0.0,Low (<50%),2.0,Pass,High Risk,
S13739,100.0,High (>75%),1.3333333333333333,Fail,High Risk,75-100%
S13740,100.0,High (>75%),0.0,Fail,High Risk,75-100%
S13741,100.0,High (>75%),0.0,Fail,High Risk,75-100%
S13742,50.0,Medium (50-75%),3.0,Distinction,Low Risk,25-50%
S13743,60.0,Medium (50-75%),0.0,Fail,High Risk,50-75%
S13744,0.0,Low (<50%),1.6,Pass,High Risk,
S13745,100.0,High (>75%),4.0,Distinction,Low Risk,75-100%
S13746,66.67,Medium (50-75%),0.5,Fail,High Risk,50-75%
S13747,66.67,Medium (50-75%),2.5,Pass,Low Risk,50-75%
S13748,33.33,Low (<50%),3.0,Distinction,High Risk,25-50%
S13749,57.14,Medium (50-75%),2.0,Pass,Low Risk,50-75%
S13750,100.0,High (>75%),2.1666666666666665,Pass,Low Risk,75-100%
S13751,66.67,Medium (50-75%),1.6666666666666667,Pass,Low Risk,50-75%
S13752,100.0,High (>75%),3.0,Distinction,Low Risk,75-100%
S13753,66.67,Medium (50-75%),3.0,Distinction,Low Risk,50-75%
S13754,66.67,Medium (50-75%),2.0,Pass,Low Risk,50-75%
S13755,100.0,High (>75%),3.5,Distinction,Low Risk,75-100%
S13756,50.0,Medium (50-75%),2.6666666666666665,Pass,Low Risk,25-50%
S13757,100.0,High (>75%),1.0,Fail,High Risk,75-100%
S13758,50.0,Medium (50-75%),3.0,Distinction,Low Risk,25-50%
S13759,100.0,High (>75%),2.2,Pass,Low Risk,75-100%
S13760,75.0,High (>75%),1.6666666666666667,Pass,Low Risk,50-75%
S13761,80.0,High (>75%),4.0,Distinction,Low Risk,75-100%
S13762,0.0,Low (<50%),1.4285714285714286,Fail,High Risk,
S13763,100.0,High (>75%),2.75,Pass,Low Risk,75-100%
S13764,20.0,Low (<50%),1.8333333333333333,Pass,High Risk,0-25%
S13765,33.33,Low (<50%),1.5,Fail,High Risk,25-50%
S13766,75.0,High (>75%),2.5,Pass,Low Risk,50-75%
S13767,100.0,High (>75%),2.25,Pass,Low Risk,75-100%
S13768,100.0,High (>75%),3.3333333333333335,Distinction,Low Risk,75-100%
S13769,50.0,Medium (50-75%),1.5,Fail,Low Risk,25-50%
S13770,60.0,Medium (50-75%),2.5,Pass,Low Risk,50-75%
S13771,0.0,Low (<50%),2.5,Pass,High Risk,
S13772,100.0,High (>75%),2.5,Pass,Low Risk,75-100%
S13773,50.0,Medium (50-75%),1.25,Fail,High Risk,25-50%
S13774,33.33,Low (<50%),2.5,Pass,High Risk,25-50%
S13775,50.0,Medium (50-75%),1.75,Pass,Low Risk,25-50%
S13776,0.0,Low (<50%),3.5,Distinction,High Risk,
S13777,66.67,Medium (50-75%),2.6666666666666665,Pass,Low Risk,50-75%
S13778,50.0,Medium (50-75%),1.0,Fail,High Risk,25-50%
S13779,100.0,High (>75%),1.4,Fail,High Risk,75-100%
S13780,0.0,Low (<50%),2.0,Pass,High Risk,
S13781,100.0,High (>75%),2.6,Pass,Low Risk,75-100%
S13782,50.0,Medium (50-75%),3.0,Distinction,Low Risk,25-50%
S13783,100.0,High (>75%),3.3333333333333335,Distinction,Low Risk,75-100%
S13784,100.0,High (>75%),1.0,Fail,High Risk,75-100%
S13785,75.0,High (>75%),1.3333333333333333,Fail,High Risk,50-75%
S13786,0.0,Low (<50%),2.0,Pass,High Risk,
S13787,75.0,High (>75%),2.0,Pass,Low Risk,50-75%
S13788,33.33,Low (<50%),1.5,Fail,High Risk,25-50%
S13789,75.0,High (>75%),2.0,Pass,Low Risk,50-75%
S13790,50.0,Medium (50-75%),2.0,Pass,Low Risk,25-50%
S13791,100.0,High (>75%),2.4,Pass,Low Risk,75-100%
S13792,66.67,Medium (50-75%),1.5,Fail,Low Risk,50-75%
S13793,50.0,Medium (50-75%),2.6666666666666665,Pass,Low Risk,25-50%
S13794,100.0,High (>75%),1.25,Fail,High Risk,75-100%
S13795,100.0,High (>75%),2.5,Pass,Low Risk,75-100%
S13796,0.0,Low (<50%),2.2857142857142856,Pass,High Risk,
S13797,0.0,Low (<50%),1.8,Pass,High Risk,
S13798,100.0,High (>75%),2.0,Pass,Low Risk,75-100%
S13800,100.0,High (>75%),2.0,Pass,Low Risk,75-100%
S13801,0.0,Low (<50%),0.0,Fail,High Risk,
S13802,100.0,High (>75%),2.4,Pass,Low Risk,75-100%
S13803,50.0,Medium (50-75%),2.0,Pass,Low Risk,25-50%
S13804,66.67,Medium (50-75%),3.3333333333333335,Distinction,Low Risk,50-75%
S13805,100.0,High (>75%),2.1666666666666665,Pass,Low Risk,75-100%
S13806,50.0,Medium (50-75%),3.5,Distinction,Low Risk,25-50%
S13807,100.0,High (>75%),1.5,Fail,Low Risk,75-100%
S13808,100.0,High (>75%),2.0,Pass,Low Risk,75-100%
S13809,50.0,Medium (50-75%),4.0,Distinction,Low Risk,25-50%
S13810,37.5,Low (<50%),3.25,Distinction,High Risk,25-50%
S13811,83.33,High (>75%),3.0,Distinction,Low Risk,75-100%
S13812,50.0,Medium (50-75%),2.0,Pass,Low Risk,25-50%
S13813,0.0,Low (<50%),2.75,Pass,High Risk,
S13814,50.0,Medium (50-75%),4.0,Distinction,Low Risk,25-50%
S13815,66.67,Medium (50-75%),4.0,Distinction,Low Risk,50-75%
S13816,83.33,High (>75%),2.0,Pass,Low Risk,75-100%
S13817,80.0,High (>75%),3.0,Distinction,Low Risk,75-100%
S13818,33.33,Low (<50%),2.75,Pass,High Risk,25-50%
S13819,50.0,Medium (50-75%),2.2222222222222223,Pass,Low Risk,25-50%
S13820,0.0,Low (<50%),2.3333333333333335,Pass,High Risk,
S13821,100.0,High (>75%),2.5,Pass,Low Risk,75-100%
S13822,100.0,High (>75%),2.2,Pass,Low Risk,75-100%
S13823,75.0,High (>75%),1.5,Fail,Low Risk,50-75%
S13824,80.0,High (>75%),2.0,Pass,Low Risk,75-100%
S13825,0.0,Low (<50%),2.25,Pass,High Risk,
S13826,50.0,Medium (50-75%),1.2,Fail,High Risk,25-50%
S13827,66.67,Medium (50-75%),1.0,Fail,High Risk,50-75%
S13828,42.86,Low (<50%),4.0,Distinction,High Risk,25-50%
S13829,60.0,Medium (50-75%),1.0,Fail,High Risk,50-75%
S13830,80.0,High (>75%),2.0,Pass,Low Risk,75-100%
S13831,60.0,Medium (50-75%),2.25,Pass,Low Risk,50-75%
S13832,66.67,Medium (50-75%),3.0,Distinction,Low Risk,50-75%
S13833,62.5,Medium (50-75%),2.6,Pass,Low Risk,50-75%
S13834,100.0,High (>75%),3.3333333333333335,Distinction,Low Risk,75-100%
S13835,66.67,Medium (50-75%),2.0,Pass,Low Risk,50-75%
S13836,100.0,High (>75%),3.0,Distinction,Low Risk,75-100%
S13837,100.0,High (>75%),1.3333333333333333,Fail,High Risk,75-100%
S13838,0.0,Low (<50%),2.6,Pass,High Risk,
S13839,33.33,Low (<50%),0.3333333333333333,Fail,High Risk,25-50%
S13841,66.67,Medium (50-75%),4.0,Distinction,Low Risk,50-75%
S13842,100.0,High (>75%),2.6666666666666665,Pass,Low Risk,75-100%
S13845,50.0,Medium (50-75%),2.75,Pass,Low Risk,25-50%
S13846,100.0,High (>75%),4.0,Distinction,Low Risk,75-100%
S13847,83.33,High (>75%),2.0,Pass,Low Risk,75-100%
S13848,100.0,High (>75%),2.0,Pass,Low Risk,75-100%
S13849,100.0,High (>75%),2.5,Pass,Low Risk,75-100%
S13850,66.67,Medium (50-75%),2.75,Pass,Low Risk,50-75%
S13851,100.0,High (>75%),1.5,Fail,Low Risk,75-100%
S13852,50.0,Medium (50-75%),2.5,Pass,Low Risk,25-50%
S13853,80.0,High (>75%),2.75,Pass,Low Risk,75-100%
S13854,25.0,Low (<50%),3.0,Distinction,High Risk,0-25%
S13855,50.0,Medium (50-75%),1.8,Pass,Low Risk,25-50%
S13856,100.0,High (>75%),3.0,Distinction,Low Risk,75-100%
S13857,0.0,Low (<50%),2.6666666666666665,Pass,High Risk,
S13858,100.0,High (>75%),2.25,Pass,Low Risk,75-100%
S13859,50.0,Medium (50-75%),1.5,Fail,Low Risk,25-50%
S13861,80.0,High (>75%),1.5,Fail,Low Risk,75-100%
S13862,25.0,Low (<50%),2.5,Pass,High Risk,0-25%
S13863,60.0,Medium (50-75%),2.0,Pass,Low Risk,50-75%
S13864,66.67,Medium (50-75%),2.3333333333333335,Pass,Low Risk,50-75%
S13865,50.0,Medium (50-75%),1.3333333333333333,Fail,High Risk,25-50%
S13866,33.33,Low (<50%),1.5,Fail,High Risk,25-50%
S13867,50.0,Medium (50-75%),2.5,Pass,Low Risk,25-50%
S13869,66.67,Medium (50-75%),1.5,Fail,Low Risk,50-75%
S13870,100.0,High (>75%),3.0,Distinction,Low Risk,75-100%
S13871,66.67,Medium (50-75%),2.0,Pass,Low Risk,50-75%
S13872,57.14,Medium (50-75%),0.0,Fail,High Risk,50-75%
S13873,0.0,Low (<50%),0.25,Fail,High Risk,
S13874,100.0,High (>75%),1.25,Fail,High Risk,75-100%
S13875,100.0,High (>75%),1.3333333333333333,Fail,High Risk,75-100%
S13876,75.0,High (>75%),1.8,Pass,Low Risk,50-75%
S13877,100.0,High (>75%),1.75,Pass,Low Risk,75-100%
S13878,50.0,Medium (50-75%),2.75,Pass,Low Risk,25-50%
S13879,50.0,Medium (50-75%),2.6666666666666665,Pass,Low Risk,25-50%
S13880,80.0,High (>75%),2.4,Pass,Low Risk,75-100%
S13881,66.67,Medium (50-75%),1.25,Fail,High Risk,50-75%
S13882,75.0,High (>75%),2.75,Pass,Low Risk,50-75%
S13883,100.0,High (>75%),1.5,Fail,Low Risk,75-100%
S13884,50.0,Medium (50-75%),1.5,Fail,Low Risk,25-50%
S13886,100.0,High (>75%),3.5,Distinction,Low Risk,75-100%
S13887,100.0,High (>75%),1.0,Fail,High Risk,75-100%
S13888,25.0,Low (<50%),2.6666666666666665,Pass,High Risk,0-25%
S13889,57.14,Medium (50-75%),1.875,Pass,Low Risk,50-75%
S13890,100.0,High (>75%),1.75,Pass,Low Risk,75-100%
S13891,88.89,High (>75%),1.2857142857142858,Fail,High Risk,75-100%
S13892,100.0,High (>75%),2.5,Pass,Low Risk,75-100%
S13893,75.0,High (>75%),1.6666666666666667,Pass,Low Risk,50-75%
S13894,66.67,Medium (50-75%),1.8,Pass,Low Risk,50-75%
S13895,50.0,Medium (50-75%),1.25,Fail,High Risk,25-50%
S13896,50.0,Medium (50-75%),2.5,Pass,Low Risk,25-50%
S13897,60.0,Medium (50-75%),3.3333333333333335,Distinction,Low Risk,50-75%
S13898,57.14,Medium (50-75%),3.5,Distinction,Low Risk,50-75%
S13899,100.0,High (>75%),2.0,Pass,Low Risk,75-100%
S13900,25.0,Low (<50%),2.0,Pass,High Risk,0-25%
S13901,75.0,High (>75%),1.6,Pass,Low Risk,50-75%
S13902,66.67,Medium (50-75%),1.75,Pass,Low Risk,50-75%
S13903,40.0,Low (<50%),2.5,Pass,High Risk,25-50%
S13904,100.0,High (>75%),3.0,Distinction,Low Risk,75-100%
S13905,66.67,Medium (50-75%),1.0,Fail,High Risk,50-75%
S13906,100.0,High (>75%),2.0,Pass,Low Risk,75-100%
S13907,100.0,High (>75%),2.6,Pass,Low Risk,75-100%
S13908,66.67,Medium (50-75%),1.0,Fail,High Risk,50-75%
S13909,100.0,High (>75%),1.75,Pass,Low Risk,75-100%
S13910,50.0,Medium (50-75%),2.5714285714285716,Pass,Low Risk,25-50%
S13911,33.33,Low (<50%),3.0,Distinction,High Risk,25-50%
S13913,66.67,Medium (50-75%),2.0,Pass,Low Risk,50-75%
S13914,60.0,Medium (50-75%),2.25,Pass,Low Risk,50-75%
S13915,66.67,Medium (50-75%),3.5,Distinction,Low Risk,50-75%
S13916,100.0,High (>75%),1.1666666666666667,Fail,High Risk,75-100%
S13917,0.0,Low (<50%),2.0,Pass,High Risk,
S13918,0.0,Low (<50%),2.5,Pass,High Risk,
S13919,100.0,High (>75%),1.5,Fail,Low Risk,75-100%
S13920,66.67,Medium (50-75%),2.0,Pass,Low Risk,50-75%
S13921,80.0,High (>75%),2.6666666666666665,Pass,Low Risk,75-100%
S13922,0.0,Low (<50%),1.5,Fail,High Risk,
S13923,66.67,Medium (50-75%),1.6666666666666667,Pass,Low Risk,50-75%
S13924,0.0,Low (<50%),1.0,Fail,High Risk,
S13925,50.0,Medium (50-75%),2.6666666666666665,Pass,Low Risk,25-50%
S13926,100.0,High (>75%),2.0,Pass,Low Risk,75-100%
S13927,60.0,Medium (50-75%),1.8333333333333333,Pass,Low Risk,50-75%
S13928,50.0,Medium (50-75%),2.5714285714285716,Pass,Low Risk,25-50%
S13929,100.0,High (>75%),1.6666666666666667,Pass,Low Risk,75-100%
S13930,100.0,High (>75%),2.3333333333333335,Pass,Low Risk,75-100%
S13931,100.0,High (>75%),3.0,Distinction,Low Risk,75-100%
S13932,75.0,High (>75%),2.25,Pass,Low Risk,50-75%
S13933,100.0,High (>75%),2.5,Pass,Low Risk,75-100%
S13934,71.43,Medium (50-75%),3.6666666666666665,Distinction,Low Risk,50-75%
S13935,66.67,Medium (50-75%),3.0,Distinction,Low Risk,50-75%
S13936,71.43,Medium (50-75%),1.75,Pass,Low Risk,50-75%
S13937,50.0,Medium (50-75%),2.0,Pass,Low Risk,25-50%
S13938,100.0,High (>75%),0.0,Fail,High Risk,75-100%
S13939,80.0,High (>75%),1.8,Pass,Low Risk,75-100%
S13940,100.0,High (>75%),2.6,Pass,Low Risk,75-100%
S13941,50.0,Medium (50-75%),0.0,Fail,High Risk,25-50%
S13942,75.0,High (>75%),2.3333333333333335,Pass,Low Risk,50-75%
S13943,100.0,High (>75%),3.0,Distinction,Low Risk,75-100%
S13944,0.0,Low (<50%),2.0,Pass,High Risk,
S13945,0.0,Low (<50%),2.6666666666666665,Pass,High Risk,
S13946,50.0,Medium (50-75%),2.0,Pass,Low Risk,25-50%
S13947,100.0,High (>75%),2.3333333333333335,Pass,Low Risk,75-100%
S13948,75.0,High (>75%),4.0,Distinction,Low Risk,50-75%
S13950,75.0,High (>75%),2.3333333333333335,Pass,Low Risk,50-75%
S13951,100.0,High (>75%),1.5,Fail,Low Risk,75-100%
S13952,85.71,High (>75%),3.0,Distinction,Low Risk,75-100%
S13953,66.67,Medium (50-75%),1.4,Fail,High Risk,50-75%
S13954,100.0,High (>75%),2.5,Pass,Low Risk,75-100%
S13955,100.0,High (>75%),1.0,Fail,High Risk,75-100%
S13956,75.0,High (>75%),2.0,Pass,Low Risk,50-75%
S13957,50.0,Medium (50-75%),2.0,Pass,Low Risk,25-50%
S13958,33.33,Low (<50%),2.0,Pass,High Risk,25-50%
S13960,50.0,Medium (50-75%),1.4,Fail,High Risk,25-50%
S13961,75.0,High (>75%),1.5714285714285714,Fail,Low Risk,50-75%
S13962,100.0,High (>75%),2.25,Pass,Low Risk,75-100%
S13963,100.0,High (>75%),3.5,Distinction,Low Risk,75-100%
S13964,100.0,High (>75%),3.5,Distinction,Low Risk,75-100%
S13965,100.0,High (>75%),2.2,Pass,Low Risk,75-100%
S13966,33.33,Low (<50%),4.0,Distinction,High Risk,25-50%
S13967,33.33,Low (<50%),2.0,Pass,High Risk,25-50%
S13968,0.0,Low (<50%),1.4,Fail,High Risk,
S13969,50.0,Medium (50-75%),1.5,Fail,Low Risk,25-50%
S13970,100.0,High (>75%),1.8,Pass,Low Risk,75-100%
S13971,100.0,High (>75%),1.25,Fail,High Risk,75-100%
S13972,100.0,High (>75%),2.25,Pass,Low Risk,75-100%
S13973,100.0,High (>75%),1.6666666666666667,Pass,Low Risk,75-100%
S13974,33.33,Low (<50%),1.5,Fail,High Risk,25-50%
S13975,66.67,Medium (50-75%),1.0,Fail,High Risk,50-75%
S13976,100.0,High (>75%),2.3333333333333335,Pass,Low Risk,75-100%
S13978,80.0,High (>75%),1.0,Fail,High Risk,75-100%
S13979,100.0,High (>75%),2.2,Pass,Low Risk,75-100%
S13981,50.0,Medium (50-75%),2.0,Pass,Low Risk,25-50%
S13982,66.67,Medium (50-75%),2.0,Pass,Low Risk,50-75%
S13983,75.0,High (>75%),1.3333333333333333,Fail,High Risk,50-75%
S13984,66.67,Medium (50-75%),2.75,Pass,Low Risk,50-75%
S13985,50.0,Medium (50-75%),2.8,Pass,Low Risk,25-50%
S13986,50.0,Medium (50-75%),3.5,Distinction,Low Risk,25-50%
S13987,75.0,High (>75%),3.0,Distinction,Low Risk,50-75%
S13988,50.0,Medium (50-75%),3.5,Distinction,Low Risk,25-50%
S13989,66.67,Medium (50-75%),1.5,Fail,Low Risk,50-75%
S13990,0.0,Low (<50%),2.0,Pass,High Risk,
S13991,60.0,Medium (50-75%),1.25,Fail,High Risk,50-75%
S13992,60.0,Medium (50-75%),2.0,Pass,Low Risk,50-75%
S13993,50.0,Medium (50-75%),1.0,Fail,High Risk,25-50%
S13994,100.0,High (>75%),1.0,Fail,High Risk,75-100%
S13995,50.0,Medium (50-75%),2.6666666666666665,Pass,Low Risk,25-50%
S13996,0.0,Low (<50%),1.6,Pass,High Risk,
S13997,50.0,Medium (50-75%),1.5,Fail,Low Risk,25-50%
S13998,75.0,High (>75%),0.5,Fail,High Risk,50-75%
S13999,0.0,Low (<50%),1.75,Pass,High Risk,
S14000,66.67,Medium (50-75%),2.6666666666666665,Pass,Low Risk,50-75%
S14001,33.33,Low (<50%),0.5,Fail,High Risk,25-50%
S14002,100.0,High (>75%),1.0,Fail,High Risk,75-100%
S14003,100.0,High (>75%),2.0,Pass,Low Risk,75-100%
S14004,100.0,High (>75%),1.8333333333333333,Pass,Low Risk,75-100%
S14005,100.0,High (>75%),2.0,Pass,Low Risk,75-100%
S14006,100.0,High (>75%),1.4,Fail,High Risk,75-100%
S14007,0.0,Low (<50%),1.0,Fail,High Risk,
S14008,0.0,Low (<50%),0.6666666666666666,Fail,High Risk,
S14009,50.0,Medium (50-75%),2.2,Pass,Low Risk,25-50%
S14010,75.0,High (>75%),4.0,Distinction,Low Risk,50-75%
S14011,0.0,Low (<50%),3.75,Distinction,High Risk,
S14012,50.0,Medium (50-75%),3.5,Distinction,Low Risk,25-50%
S14013,0.0,Low (<50%),2.3333333333333335,Pass,High Risk,
S14014,50.0,Medium (50-75%),1.75,Pass,Low Risk,25-50%
S14015,66.67,Medium (50-75%),0.8,Fail,High Risk,50-75%
S14016,75.0,High (>75%),2.625,Pass,Low Risk,50-75%
S14017,80.0,High (>75%),1.6666666666666667,Pass,Low Risk,75-100%
S14018,66.67,Medium (50-75%),1.5,Fail,Low Risk,50-75%
S14019,33.33,Low (<50%),3.0,Distinction,High Risk,25-50%
S14020,66.67,Medium (50-75%),2.0,Pass,Low Risk,50-75%
S14021,33.33,Low (<50%),3.0,Distinction,High Risk,25-50%
S14022,100.0,High (>75%),2.3333333333333335,Pass,Low Risk,75-100%
S14023,66.67,Medium (50-75%),3.5,Distinction,Low Risk,50-75%
S14024,50.0,Medium (50-75%),1.5,Fail,Low Risk,25-50%
S14025,50.0,Medium (50-75%),1.4,Fail,High Risk,25-50%
S14026,0.0,Low (<50%),2.5714285714285716,Pass,High Risk,
S14028,66.67,Medium (50-75%),1.5,Fail,Low Risk,50-75%
S14029,100.0,High (>75%),2.6666666666666665,Pass,Low Risk,75-100%
S14031,50.0,Medium (50-75%),2.0,Pass,Low Risk,25-50%
S14032,60.0,Medium (50-75%),1.0,Fail,High Risk,50-75%
S14033,33.33,Low (<50%),1.2857142857142858,Fail,High Risk,25-50%
S14034,75.0,High (>75%),2.0,Pass,Low Risk,50-75%
S14035,100.0,High (>75%),2.5,Pass,Low Risk,75-100%
S14036,75.0,High (>75%),1.75,Pass,Low Risk,50-75%
S14037,100.0,High (>75%),3.1666666666666665,Distinction,Low Risk,75-100%
S14038,33.33,Low (<50%),1.25,Fail,High Risk,25-50%
S14039,50.0,Medium (50-75%),2.0,Pass,Low Risk,25-50%
S14041,50.0,Medium (50-75%),1.75,Pass,Low Risk,25-50%
S14042,25.0,Low (<50%),1.5,Fail,High Risk,0-25%
S14044,100.0,High (>75%),2.0,Pass,Low Risk,75-100%
S14045,50.0,Medium (50-75%),1.4,Fail,High Risk,25-50%
S14046,100.0,High (>75%),3.0,Distinction,Low Risk,75-100%
S14047,100.0,High (>75%),2.6,Pass,Low Risk,75-100%
S14048,100.0,High (>75%),2.3333333333333335,Pass,Low Risk,75-100%
S14049,100.0,High (>75%),2.75,Pass,Low Risk,75-100%
S14050,33.33,Low (<50%),2.0,Pass,High Risk,25-50%
S14051,66.67,Medium (50-75%),3.0,Distinction,Low Risk,50-75%
S14052,75.0,High (>75%),2.5,Pass,Low Risk,50-75%
S14053,100.0,High (>75%),1.0,Fail,High Risk,75-100%
S14054,0.0,Low (<50%),3.0,Distinction,High Risk,
S14055,50.0,Medium (50-75%),2.0,Pass,Low Risk,25-50%
S14056,83.33,High (>75%),1.75,Pass,Low Risk,75-100%
S14058,33.33,Low (<50%),2.0,Pass,High Risk,25-50%
S14059,100.0,High (>75%),1.3333333333333333,Fail,High Risk,75-100%
S14060,0.0,Low (<50%),1.6666666666666667,Pass,High Risk,
S14061,50.0,Medium (50-75%),1.6666666666666667,Pass,Low Risk,25-50%
S14062,66.67,Medium (50-75%),3.0,Distinction,Low Risk,50-75%
S14063,75.0,High (>75%),2.0,Pass,Low Risk,50-75%
S14064,25.0,Low (<50%),1.5,Fail,High Risk,0-25%
S14065,50.0,Medium (50-75%),2.0,Pass,Low Risk,25-50%
S14066,100.0,High (>75%),3.25,Distinction,Low Risk,75-100%
S14068,75.0,High (>75%),4.0,Distinction,Low Risk,50-75%
S14069,100.0,High (>75%),3.3333333333333335,Distinction,Low Risk,75-100%
S14070,0.0,Low (<50%),2.888888888888889,Pass,High Risk,
S14071,80.0,High (>75%),2.2,Pass,Low Risk,75-100%
S14072,50.0,Medium (50-75%),1.0,Fail,High Risk,25-50%
S14073,75.0,High (>75%),2.0,Pass,Low Risk,50-75%
S14074,40.0,Low (<50%),3.0,Distinction,High Risk,25-50%
S14075,50.0,Medium (50-75%),2.5,Pass,Low Risk,25-50%
S14076,50.0,Medium (50-75%),3.3333333333333335,Distinction,Low Risk,25-50%
S14077,40.0,Low (<50%),1.4,Fail,High Risk,25-50%
S14078,100.0,High (>75%),2.75,Pass,Low Risk,75-100%
S14079,100.0,High (>75%),1.0,Fail,High Risk,75-100%
S14080,50.0,Medium (50-75%),2.3333333333333335,Pass,Low Risk,25-50%
S14081,0.0,Low (<50%),2.5,Pass,High Risk,
S14082,0.0,Low (<50%),3.0,Distinction,High Risk,
S14083,100.0,High (>75%),2.3333333333333335,Pass,Low Risk,75-100%
S14084,100.0,High (>75%),2.4,Pass,Low Risk,75-100%
S14085,100.0,High (>75%),1.5,Fail,Low Risk,75-100%
S14086,50.0,Medium (50-75%),1.5,Fail,Low Risk,25-50%
S14087,50.0,Medium (50-75%),2.0,Pass,Low Risk,25-50%
S14088,0.0,Low (<50%),1.6666666666666667,Pass,High Risk,
S14089,40.0,Low (<50%),2.5,Pass,High Risk,25-50%
S14090,25.0,Low (<50%),2.0,Pass,High Risk,0-25%
S14091,66.67,Medium (50-75%),1.4285714285714286,Fail,High Risk,50-75%
S14092,100.0,High (>75%),1.0,Fail,High Risk,75-100%
S14093,100.0,High (>75%),2.0,Pass,Low Risk,75-100%
S14094,50.0,Medium (50-75%),1.625,Pass,Low Risk,25-50%
S14095,66.67,Medium (50-75%),1.6666666666666667,Pass,Low Risk,50-75%
S14096,66.67,Medium (50-75%),1.75,Pass,Low Risk,50-75%
S14097,75.0,High (>75%),3.5,Distinction,Low Risk,50-75%
S14098,100.0,High (>75%),2.0,Pass,Low Risk,75-100%
S14099,100.0,High (>75%),1.8,Pass,Low Risk,75-100%
S14100,83.33,High (>75%),2.0,Pass,Low Risk,75-100%
S14101,50.0,Medium (50-75%),1.8,Pass,Low Risk,25-50%
S14102,100.0,High (>75%),2.3333333333333335,Pass,Low Risk,75-100%
S14103,100.0,High (>75%),3.0,Distinction,Low Risk,75-100%
S14104,33.33,Low (<50%),2.0,Pass,High Risk,25-50%
S14105,66.67,Medium (50-75%),4.0,Distinction,Low Risk,50-75%
S14106,50.0,Medium (50-75%),4.0,Distinction,Low Risk,25-50%
S14108,100.0,High (>75%),2.0,Pass,Low Risk,75-100%
S14109,66.67,Medium (50-75%),2.0,Pass,Low Risk,50-75%
S14110,75.0,High (>75%),2.0,Pass,Low Risk,50-75%
S14111,100.0,High (>75%),1.6666666666666667,Pass,Low Risk,75-100%
S14113,100.0,High (>75%),2.6,Pass,Low Risk,75-100%
S14114,0.0,Low (<50%),0.0,Fail,High Risk,
S14115,50.0,Medium (50-75%),2.8,Pass,Low Risk,25-50%
S14116,25.0,Low (<50%),2.0,Pass,High Risk,0-25%
S14117,100.0,High (>75%),0.6666666666666666,Fail,High Risk,75-100%
S14118,33.33,Low (<50%),2.0,Pass,High Risk,25-50%
S14119,0.0,Low (<50%),2.0,Pass,High Risk,
S14120,100.0,High (>75%),4.0,Distinction,Low Risk,75-100%
S14121,100.0,High (>75%),2.1666666666666665,Pass,Low Risk,75-100%
S14122,100.0,High (>75%),3.0,Distinction,Low Risk,75-100%
S14123,0.0,Low (<50%),2.3333333333333335,Pass,High Risk,
S14124,100.0,High (>75%),4.0,Distinction,Low Risk,75-100%
S14125,80.0,High (>75%),1.5,Fail,Low Risk,75-100%
S14126,100.0,High (>75%),3.5,Distinction,Low Risk,75-100%
S14127,50.0,Medium (50-75%),2.5,Pass,Low Risk,25-50%
S14128,33.33,Low (<50%),1.8,Pass,High Risk,25-50%
S14129,50.0,Medium (50-75%),1.0,Fail,High Risk,25-50%
S14131,66.67,Medium (50-75%),1.5,Fail,Low Risk,50-75%
S14132,75.0,High (>75%),2.0,Pass,Low Risk,50-75%
S14133,75.0,High (>75%),3.0,Distinction,Low Risk,50-75%
S14134,100.0,High (>75%),2.5,Pass,Low Risk,75-100%
S14135,80.0,High (>75%),1.25,Fail,High Risk,75-100%
S14136,50.0,Medium (50-75%),1.5,Fail,Low Risk,25-50%
S14137,100.0,High (>75%),2.2,Pass,Low Risk,75-100%
S14138,66.67,Medium (50-75%),3.0,Distinction,Low Risk,50-75%
S14139,60.0,Medium (50-75%),2.25,Pass,Low Risk,50-75%
S14140,50.0,Medium (50-75%),1.5,Fail,Low Risk,25-50%
S14141,75.0,High (>75%),2.5,Pass,Low Risk,50-75%
S14142,50.0,Medium (50-75%),2.1666666666666665,Pass,Low Risk,25-50%
S14143,0.0,Low (<50%),1.25,Fail,High Risk,
S14144,100.0,High (>75%),1.75,Pass,Low Risk,75-100%
S14146,100.0,High (>75%),4.0,Distinction,Low Risk,75-100%
S14147,50.0,Medium (50-75%),0.75,Fail,High Risk,25-50%
S14148,40.0,Low (<50%),3.0,Distinction,High Risk,25-50%
S14149,100.0,High (>75%),2.4,Pass,Low Risk,75-100%
S14150,75.0,High (>75%),2.0,Pass,Low Risk,50-75%
S14151,100.0,High (>75%),1.75,Pass,Low Risk,75-100%
S14152,50.0,Medium (50-75%),3.75,Distinction,Low Risk,25-50%
S14153,0.0,Low (<50%),2.2,Pass,High Risk,
S14154,100.0,High (>75%),2.3333333333333335,Pass,Low Risk,75-100%
S14155,66.67,Medium (50-75%),1.0,Fail,High Risk,50-75%
S14156,40.0,Low (<50%),2.0,Pass,High Risk,25-50%
S14157,100.0,High (>75%),2.0,Pass,Low Risk,75-100%
S14158,100.0,High (>75%),1.3333333333333333,Fail,High Risk,75-100%
S14159,75.0,High (>75%),2.3333333333333335,Pass,Low Risk,50-75%
S14160,62.5,Medium (50-75%),1.5,Fail,Low Risk,50-75%
S14161,0.0,Low (<50%),2.8333333333333335,Pass,High Risk,
S14162,100.0,High (>75%),1.0,Fail,High Risk,75-100%
S14163,100.0,High (>75%),1.0,Fail,High Risk,75-100%
S14164,50.0,Medium (50-75%),2.0,Pass,Low Risk,25-50%
S14165,100.0,High (>75%),1.5,Fail,Low Risk,75-100%
S14166,75.0,High (>75%),1.75,Pass,Low Risk,50-75%
S14167,75.0,High (>75%),1.6666666666666667,Pass,Low Risk,50-75%
S14168,66.67,Medium (50-75%),2.0,Pass,Low Risk,50-75%
S14169,66.67,Medium (50-75%),3.0,Distinction,Low Risk,50-75%
S14170,62.5,Medium (50-75%),1.6666666666666667,Pass,Low Risk,50-75%
S14171,80.0,High (>75%),1.6666666666666667,Pass,Low Risk,75-100%
S14172,60.0,Medium (50-75%),2.2,Pass,Low Risk,50-75%
S14173,66.67,Medium (50-75%),1.0,Fail,High Risk,50-75%
S14174,100.0,High (>75%),1.8333333333333333,Pass,Low Risk,75-100%
S14175,100.0,High (>75%),2.0,Pass,Low Risk,75-100%
S14176,50.0,Medium (50-75%),1.3333333333333333,Fail,High Risk,25-50%
S14177,80.0,High (>75%),1.3333333333333333,Fail,High Risk,75-100%
S14178,100.0,High (>75%),2.0,Pass,Low Risk,75-100%
S14179,100.0,High (>75%),2.0,Pass,Low Risk,75-100%
S14180,100.0,High (>75%),3.0,Distinction,Low Risk,75-100%
S14181,100.0,High (>75%),1.3333333333333333,Fail,High Risk,75-100%
S14182,66.67,Medium (50-75%),1.3333333333333333,Fail,High Risk,50-75%
S14183,100.0,High (>75%),1.3333333333333333,Fail,High Risk,75-100%
S14184,100.0,High (>75%),0.0,Fail,High Risk,75-100%
S14185,75.0,High (>75%),2.0,Pass,Low Risk,50-75%
S14186,75.0,High (>75%),2.0,Pass,Low Risk,50-75%
S14187,100.0,High (>75%),2.5,Pass,Low Risk,75-100%
S14188,66.67,Medium (50-75%),1.5,Fail,Low Risk,50-75%
S14189,100.0,High (>75%),1.5,Fail,Low Risk,75-100%
S14190,0.0,Low (<50%),2.25,Pass,High Risk,
S14191,0.0,Low (<50%),2.4285714285714284,Pass,High Risk,
S14192,25.0,Low (<50%),1.3333333333333333,Fail,High Risk,0-25%
S14193,0.0,Low (<50%),1.4285714285714286,Fail,High Risk,
S14194,25.0,Low (<50%),1.75,Pass,High Risk,0-25%
S14195,80.0,High (>75%),1.5,Fail,Low Risk,75-100%
S14196,75.0,High (>75%),3.6666666666666665,Distinction,Low Risk,50-75%
S14197,50.0,Medium (50-75%),2.4,Pass,Low Risk,25-50%
S14198,100.0,High (>75%),2.6666666666666665,Pass,Low Risk,75-100%
S14199,0.0,Low (<50%),0.0,Fail,High Risk,
S14200,0.0,Low (<50%),2.2,Pass,High Risk,
S14201,0.0,Low (<50%),3.0,Distinction,High Risk,
S14202,62.5,Medium (50-75%),0.0,Fail,High Risk,50-75%
S14203,100.0,High (>75%),0.75,Fail,High Risk,75-100%
S14204,66.67,Medium (50-75%),1.0,Fail,High Risk,50-75%
S14205,66.67,Medium (50-75%),2.5,Pass,Low Risk,50-75%
S14206,66.67,Medium (50-75%),4.0,Distinction,Low Risk,50-75%
S14207,50.0,Medium (50-75%),1.6666666666666667,Pass,Low Risk,25-50%
S14208,50.0,Medium (50-75%),2.0,Pass,Low Risk,25-50%
S14209,0.0,Low (<50%),1.0,Fail,High Risk,
S14210,33.33,Low (<50%),2.0,Pass,High Risk,25-50%
S14211,100.0,High (>75%),2.5,Pass,Low Risk,75-100%
S14212,100.0,High (>75%),3.25,Distinction,Low Risk,75-100%
S14214,100.0,High (>75%),1.25,Fail,High Risk,75-100%
S14215,100.0,High (>75%),2.5,Pass,Low Risk,75-100%
S14216,66.67,Medium (50-75%),2.0,Pass,Low Risk,50-75%
S14217,75.0,High (>75%),0.5,Fail,High Risk,50-75%
S14218,100.0,High (>75%),2.0,Pass,Low Risk,75-100%
S14219,100.0,High (>75%),2.1666666666666665,Pass,Low Risk,75-100%
S14220,25.0,Low (<50%),2.5,Pass,High Risk,0-25%
S14221,100.0,High (>75%),3.5,Distinction,Low Risk,75-100%
S14222,50.0,Medium (50-75%),1.0,Fail,High Risk,25-50%
S14223,100.0,High (>75%),1.0,Fail,High Risk,75-100%
S14224,75.0,High (>75%),2.0,Pass,Low Risk,50-75%
S14225,75.0,High (>75%),4.0,Distinction,Low Risk,50-75%
S14226,33.33,Low (<50%),1.6666666666666667,Pass,High Risk,25-50%
S14227,50.0,Medium (50-75%),2.5555555555555554,Pass,Low Risk,25-50%
S14228,100.0,High (>75%),2.0,Pass,Low Risk,75-100%
S14229,100.0,High (>75%),1.75,Pass,Low Risk,75-100%
S14230,66.67,Medium (50-75%),2.0,Pass,Low Risk,50-75%
S14231,100.0,High (>75%),1.0,Fail,High Risk,75-100%
S14232,100.0,High (>75%),4.0,Distinction,Low Risk,75-100%
S14233,50.0,Medium (50-75%),2.3333333333333335,Pass,Low Risk,25-50%
S14234,75.0,High (>75%),2.5,Pass,Low Risk,50-75%
S14235,66.67,Medium (50-75%),3.0,Distinction,Low Risk,50-75%
S14236,100.0,High (>75%),0.5,Fail,High Risk,75-100%
S14237,0.0,Low (<50%),2.0,Pass,High Risk,
S14238,100.0,High (>75%),1.2857142857142858,Fail,High Risk,75-100%
S14239,66.67,Medium (50-75%),1.1666666666666667,Fail,High Risk,50-75%
S14241,14.29,Low (<50%),2.0,Pass,High Risk,0-25%
S14242,50.0,Medium (50-75%),2.25,Pass,Low Risk,25-50%
S14243,66.67,Medium (50-75%),2.3333333333333335,Pass,Low Risk,50-75%
S14244,100.0,High (>75%),2.5,Pass,Low Risk,75-100%
S14245,100.0,High (>75%),1.8,Pass,Low Risk,75-100%
S14246,50.0,Medium (50-75%),3.6666666666666665,Distinction,Low Risk,25-50%
S14247,50.0,Medium (50-75%),2.5,Pass,Low Risk,25-50%
S14248,100.0,High (>75%),2.6,Pass,Low Risk,75-100%
S14249,50.0,Medium (50-75%),1.0,Fail,High Risk,25-50%
S14250,100.0,High (>75%),1.75,Pass,Low Risk,75-100%
S14251,100.0,High (>75%),2.6666666666666665,Pass,Low Risk,75-100%
S14252,100.0,High (>75%),2.0,Pass,Low Risk,75-100%
S14253,100.0,High (>75%),2.6,Pass,Low Risk,75-100%
S14254,71.43,Medium (50-75%),0.0,Fail,High Risk,50-75%
S14255,50.0,Medium (50-75%),1.5,Fail,Low Risk,25-50%
S14256,100.0,High (>75%),3.0,Distinction,Low Risk,75-100%
S14257,80.0,High (>75%),2.6666666666666665,Pass,Low Risk,75-100%
S14258,80.0,High (>75%),3.0,Distinction,Low Risk,75-100%
S14259,0.0,Low (<50%),3.0,Distinction,High Risk,
S14260,100.0,High (>75%),2.6666666666666665,Pass,Low Risk,75-100%
S14261,100.0,High (>75%),2.6666666666666665,Pass,Low Risk,75-100%
S14262,100.0,High (>75%),2.25,Pass,Low Risk,75-100%
S14263,75.0,High (>75%),1.0,Fail,High Risk,50-75%
S14264,83.33,High (>75%),1.0,Fail,High Risk,75-100%
S14265,66.67,Medium (50-75%),2.0,Pass,Low Risk,50-75%
S14266,100.0,High (>75%),2.4,Pass,Low Risk,75-100%
S14267,50.0,Medium (50-75%),2.3333333333333335,Pass,Low Risk,25-50%
S14268,66.67,Medium (50-75%),4.0,Distinction,Low Risk,50-75%
S14269,100.0,High (>75%),1.0,Fail,High Risk,75-100%
S14270,33.33,Low (<50%),2.25,Pass,High Risk,25-50%
S14271,50.0,Medium (50-75%),1.75,Pass,Low Risk,25-50%
S14272,33.33,Low (<50%),3.5,Distinction,High Risk,25-50%
S14273,66.67,Medium (50-75%),1.0,Fail,High Risk,50-75%
S14274,100.0,High (>75%),2.8,Pass,Low Risk,75-100%
S14275,50.0,Medium (50-75%),3.2,Distinction,Low Risk,25-50%
S14276,100.0,High (>75%),0.0,Fail,High Risk,75-100%
S14277,40.0,Low (<50%),2.25,Pass,High Risk,25-50%
S14278,40.0,Low (<50%),1.3333333333333333,Fail,High Risk,25-50%
S14279,100.0,High (>75%),0.6666666666666666,Fail,High Risk,75-100%
S14280,50.0,Medium (50-75%),2.5,Pass,Low Risk,25-50%
S14281,66.67,Medium (50-75%),0.0,Fail,High Risk,50-75%
S14282,33.33,Low (<50%),2.5714285714285716,Pass,High Risk,25-50%
S14283,100.0,High (>75%),1.0,Fail,High Risk,75-100%
S14284,100.0,High (>75%),1.5,Fail,Low Risk,75-100%
S14285,100.0,High (>75%),1.0,Fail,High Risk,75-100%
S14286,75.0,High (>75%),0.6666666666666666,Fail,High Risk,50-75%
S14287,50.0,Medium (50-75%),1.6666666666666667,Pass,Low Risk,25-50%
S14289,60.0,Medium (50-75%),1.0,Fail,High Risk,50-75%
S14290,66.67,Medium (50-75%),1.3333333333333333,Fail,High Risk,50-75%
S14291,50.0,Medium (50-75%),1.0,Fail,High Risk,25-50%
S14292,0.0,Low (<50%),1.3333333333333333,Fail,High Risk,
S14293,100.0,High (>75%),1.5,Fail,Low Risk,75-100%
S14294,75.0,High (>75%),3.0,Distinction,Low Risk,50-75%
S14295,0.0,Low (<50%),1.6666666666666667,Pass,High Risk,
S14296,100.0,High (>75%),2.3333333333333335,Pass,Low Risk,75-100%
S14297,0.0,Low (<50%),1.0,Fail,High Risk,
S14298,33.33,Low (<50%),2.2857142857142856,Pass,High Risk,25-50%
S14299,62.5,Medium (50-75%),2.6666666666666665,Pass,Low Risk,50-75%
S14300,80.0,High (>75%),3.0,Distinction,Low Risk,75-100%
S14301,75.0,High (>75%),2.25,Pass,Low Risk,50-75%
S14302,60.0,Medium (50-75%),1.5,Fail,Low Risk,50-75%
S14303,66.67,Medium (50-75%),3.5,Distinction,Low Risk,50-75%
S14304,50.0,Medium (50-75%),3.3333333333333335,Distinction,Low Risk,25-50%
S14305,100.0,High (>75%),2.0,Pass,Low Risk,75-100%
S14306,66.67,Medium (50-75%),1.0,Fail,High Risk,50-75%
S14307,100.0,High (>75%),2.5,Pass,Low Risk,75-100%
S14308,55.56,Medium (50-75%),3.0,Distinction,Low Risk,50-75%
S14309,100.0,High (>75%),1.5,Fail,Low Risk,75-100%
S14310,100.0,High (>75%),2.6,Pass,Low Risk,75-100%
S14311,33.33,Low (<50%),2.0,Pass,High Risk,25-50%
S14312,33.33,Low (<50%),2.0,Pass,High Risk,25-50%
S14314,100.0,High (>75%),2.5,Pass,Low Risk,75-100%
S14315,50.0,Medium (50-75%),1.5,Fail,Low Risk,25-50%
S14316,100.0,High (>75%),1.4,Fail,High Risk,75-100%
S14317,50.0,Medium (50-75%),3.0,Distinction,Low Risk,25-50%
S14318,100.0,High (>75%),2.25,Pass,Low Risk,75-100%
S14319,20.0,Low (<50%),2.8333333333333335,Pass,High Risk,0-25%
S14320,60.0,Medium (50-75%),1.5,Fail,Low Risk,50-75%
S14321,50.0,Medium (50-75%),3.0,Distinction,Low Risk,25-50%
S14322,33.33,Low (<50%),2.0,Pass,High Risk,25-50%
S14323,80.0,High (>75%),0.75,Fail,High Risk,75-100%
S14325,50.0,Medium (50-75%),3.0,Distinction,Low Risk,25-50%
S14326,100.0,High (>75%),1.3333333333333333,Fail,High Risk,75-100%
S14327,66.67,Medium (50-75%),2.0,Pass,Low Risk,50-75%
S14328,0.0,Low (<50%),1.8333333333333333,Pass,High Risk,
S14329,66.67,Medium (50-75%),4.0,Distinction,Low Risk,50-75%
S14330,66.67,Medium (50-75%),2.75,Pass,Low Risk,50-75%
S14331,100.0,High (>75%),1.6666666666666667,Pass,Low Risk,75-100%
S14332,100.0,High (>75%),0.0,Fail,High Risk,75-100%
S14333,50.0,Medium (50-75%),1.5,Fail,Low Risk,25-50%
S14334,100.0,High (>75%),0.6,Fail,High Risk,75-100%
S14335,100.0,High (>75%),2.25,Pass,Low Risk,75-100%
S14336,100.0,High (>75%),4.0,Distinction,Low Risk,75-100%
S14338,40.0,Low (<50%),1.6666666666666667,Pass,High Risk,25-50%
S14339,33.33,Low (<50%),0.0,Fail,High Risk,25-50%
S14340,100.0,High (>75%),3.5,Distinction,Low Risk,75-100%
S14341,100.0,High (>75%),1.4,Fail,High Risk,75-100%
S14344,100.0,High (>75%),3.3333333333333335,Distinction,Low Risk,75-100%
S14345,0.0,Low (<50%),1.8,Pass,High Risk,
S14346,50.0,Medium (50-75%),3.25,Distinction,Low Risk,25-50%
S14347,77.78,High (>75%),1.8333333333333333,Pass,Low Risk,75-100%
S14348,83.33,High (>75%),3.0,Distinction,Low Risk,75-100%
S14350,100.0,High (>75%),2.8333333333333335,Pass,Low Risk,75-100%
S14351,75.0,High (>75%),2.2,Pass,Low Risk,50-75%
S14352,75.0,High (>75%),4.0,Distinction,Low Risk,50-75%
S14353,100.0,High (>75%),1.3333333333333333,Fail,High Risk,75-100%
S14354,100.0,High (>75%),2.0,Pass,Low Risk,75-100%
S14355,50.0,Medium (50-75%),1.4,Fail,High Risk,25-50%
S14356,100.0,High (>75%),3.3333333333333335,Distinction,Low Risk,75-100%
S14357,0.0,Low (<50%),1.6,Pass,High Risk,
S14358,50.0,Medium (50-75%),3.0,Distinction,Low Risk,25-50%
S14359,100.0,High (>75%),0.5,Fail,High Risk,75-100%
S14360,100.0,High (>75%),2.8,Pass,Low Risk,75-100%
S14361,75.0,High (>75%),1.4,Fail,High Risk,50-75%
S14362,66.67,Medium (50-75%),0.5,Fail,High Risk,50-75%
S14363,100.0,High (>75%),1.6,Pass,Low Risk,75-100%
S14364,0.0,Low (<50%),2.75,Pass,High Risk,
S14365,100.0,High (>75%),2.0,Pass,Low Risk,75-100%
S14366,100.0,High (>75%),3.0,Distinction,Low Risk,75-100%
S14367,80.0,High (>75%),2.6666666666666665,Pass,Low Risk,75-100%
S14368,50.0,Medium (50-75%),2.0,Pass,Low Risk,25-50%
S14369,50.0,Medium (50-75%),3.0,Distinction,Low Risk,25-50%
S14370,0.0,Low (<50%),2.0,Pass,High Risk,
S14371,75.0,High (>75%),2.5,Pass,Low Risk,50-75%
S14372,100.0,High (>75%),2.75,Pass,Low Risk,75-100%
S14373,33.33,Low (<50%),2.4,Pass,High Risk,25-50%
S14374,50.0,Medium (50-75%),1.6666666666666667,Pass,Low Risk,25-50%
S14375,25.0,Low (<50%),1.75,Pass,High Risk,0-25%
S14376,0.0,Low (<50%),3.0,Distinction,High Risk,
S14377,100.0,High (>75%),2.5,Pass,Low Risk,75-100%
S14378,100.0,High (>75%),0.0,Fail,High Risk,75-100%
S14379,20.0,Low (<50%),1.8,Pass,High Risk,0-25%
S14380,50.0,Medium (50-75%),1.5,Fail,Low Risk,25-50%
S14381,0.0,Low (<50%),2.0,Pass,High Risk,
S14382,60.0,Medium (50-75%),2.5,Pass,Low Risk,50-75%
S14383,100.0,High (>75%),1.8,Pass,Low Risk,75-100%
S14384,40.0,Low (<50%),2.0,Pass,High Risk,25-50%
S14385,50.0,Medium (50-75%),1.8571428571428572,Pass,Low Risk,25-50%
S14386,33.33,Low (<50%),1.75,Pass,High Risk,25-50%
S14387,33.33,Low (<50%),2.0,Pass,High Risk,25-50%
S14388,40.0,Low (<50%),3.0,Distinction,High Risk,25-50%
S14389,60.0,Medium (50-75%),0.5,Fail,High Risk,50-75%
S14390,66.67,Medium (50-75%),2.0,Pass,Low Risk,50-75%
S14391,50.0,Medium (50-75%),1.6666666666666667,Pass,Low Risk,25-50%
S14392,100.0,High (>75%),2.0,Pass,Low Risk,75-100%
S14393,100.0,High (>75%),0.75,Fail,High Risk,75-100%
S14394,66.67,Medium (50-75%),2.0,Pass,Low Risk,50-75%
S14395,66.67,Medium (50-75%),2.0,Pass,Low Risk,50-75%
S14396,66.67,Medium (50-75%),2.3333333333333335,Pass,Low Risk,50-75%
S14397,50.0,Medium (50-75%),3.0,Distinction,Low Risk,25-50%
S14398,100.0,High (>75%),1.2,Fail,High Risk,75-100%
S14399,66.67,Medium (50-75%),0.5,Fail,High Risk,50-75%
S14400,100.0,High (>75%),2.25,Pass,Low Risk,75-100%
S14401,66.67,Medium (50-75%),1.0,Fail,High Risk,50-75%
S14402,66.67,Medium (50-75%),1.8,Pass,Low Risk,50-75%
S14403,40.0,Low (<50%),1.25,Fail,High Risk,25-50%
S14404,100.0,High (>75%),2.5,Pass,Low Risk,75-100%
S14405,50.0,Medium (50-75%),2.6666666666666665,Pass,Low Risk,25-50%
S14406,100.0,High (>75%),2.2,Pass,Low Risk,75-100%
S14407,50.0,Medium (50-75%),2.2,Pass,Low Risk,25-50%
S14408,100.0,High (>75%),3.0,Distinction,Low Risk,75-100%
S14409,25.0,Low (<50%),0.75,Fail,High Risk,0-25%
S14410,100.0,High (>75%),1.0,Fail,High Risk,75-100%
S14411,0.0,Low (<50%),0.6666666666666666,Fail,High Risk,
S14412,60.0,Medium (50-75%),0.0,Fail,High Risk,50-75%
S14413,100.0,High (>75%),1.6666666666666667,Pass,Low Risk,75-100%
S14414,66.67,Medium (50-75%),2.4285714285714284,Pass,Low Risk,50-75%
S14415,50.0,Medium (50-75%),2.0,Pass,Low Risk,25-50%
S14416,0.0,Low (<50%),2.6,Pass,High Risk,
S14417,50.0,Medium (50-75%),1.3333333333333333,Fail,High Risk,25-50%
S14418,50.0,Medium (50-75%),1.25,Fail,High Risk,25-50%
S14419,66.67,Medium (50-75%),2.0,Pass,Low Risk,50-75%
S14420,100.0,High (>75%),0.6666666666666666,Fail,High Risk,75-100%
S14421,100.0,High (>75%),2.3333333333333335,Pass,Low Risk,75-100%
S14422,66.67,Medium (50-75%),2.4285714285714284,Pass,Low Risk,50-75%
S14423,66.67,Medium (50-75%),1.6666666666666667,Pass,Low Risk,50-75%
S14424,100.0,High (>75%),2.0,Pass,Low Risk,75-100%
S14425,50.0,Medium (50-75%),2.0,Pass,Low Risk,25-50%
S14426,50.0,Medium (50-75%),2.0,Pass,Low Risk,25-50%
S14427,85.71,High (>75%),2.75,Pass,Low Risk,75-100%
S14428,66.67,Medium (50-75%),1.6666666666666667,Pass,Low Risk,50-75%
S14429,100.0,High (>75%),2.6666666666666665,Pass,Low Risk,75-100%
S14430,0.0,Low (<50%),2.0,Pass,High Risk,
S14431,66.67,Medium (50-75%),1.4,Fail,High Risk,50-75%
S14432,66.67,Medium (50-75%),2.25,Pass,Low Risk,50-75%
S14433,33.33,Low (<50%),1.0,Fail,High Risk,25-50%
S14434,100.0,High (>75%),1.2,Fail,High Risk,75-100%
S14435,100.0,High (>75%),2.0,Pass,Low Risk,75-100%
S14436,83.33,High (>75%),3.0,Distinction,Low Risk,75-100%
S14437,83.33,High (>75%),2.8,Pass,Low Risk,75-100%
S14438,50.0,Medium (50-75%),1.75,Pass,Low Risk,25-50%
S14439,50.0,Medium (50-75%),1.3333333333333333,Fail,High Risk,25-50%
S14440,0.0,Low (<50%),3.0,Distinction,High Risk,
S14441,50.0,Medium (50-75%),0.6666666666666666,Fail,High Risk,25-50%
S14442,66.67,Medium (50-75%),2.0,Pass,Low Risk,50-75%
S14443,50.0,Medium (50-75%),2.6,Pass,Low Risk,25-50%
S14444,100.0,High (>75%),2.0,Pass,Low Risk,75-100%
S14445,50.0,Medium (50-75%),3.0,Distinction,Low Risk,25-50%
S14446,20.0,Low (<50%),2.5,Pass,High Risk,0-25%
S14447,33.33,Low (<50%),2.25,Pass,High Risk,25-50%
S14448,100.0,High (>75%),1.0,Fail,High Risk,75-100%
S14449,33.33,Low (<50%),2.75,Pass,High Risk,25-50%
S14451,100.0,High (>75%),0.5,Fail,High Risk,75-100%
S14452,50.0,Medium (50-75%),3.0,Distinction,Low Risk,25-50%
S14453,33.33,Low (<50%),1.0,Fail,High Risk,25-50%
S14454,100.0,High (>75%),1.75,Pass,Low Risk,75-100%
S14455,50.0,Medium (50-75%),2.0,Pass,Low Risk,25-50%
S14456,100.0,High (>75%),2.0,Pass,Low Risk,75-100%
S14457,66.67,Medium (50-75%),1.75,Pass,Low Risk,50-75%
S14458,100.0,High (>75%),2.6666666666666665,Pass,Low Risk,75-100%
S14459,100.0,High (>75%),2.0,Pass,Low Risk,75-100%
S14460,50.0,Medium (50-75%),0.5,Fail,High Risk,25-50%
S14461,66.67,Medium (50-75%),2.3333333333333335,Pass,Low Risk,50-75%
S14462,40.0,Low (<50%),3.0,Distinction,High Risk,25-50%
S14463,66.67,Medium (50-75%),1.3333333333333333,Fail,High Risk,50-75%
S14464,100.0,High (>75%),1.0,Fail,High Risk,75-100%
S14465,80.0,High (>75%),2.0,Pass,Low Risk,75-100%
S14466,33.33,Low (<50%),1.6666666666666667,Pass,High Risk,25-50%
S14467,40.0,Low (<50%),2.0,Pass,High Risk,25-50%
S14468,83.33,High (>75%),1.0,Fail,High Risk,75-100%
S14469,50.0,Medium (50-75%),1.5,Fail,Low Risk,25-50%
S14470,100.0,High (>75%),2.0,Pass,Low Risk,75-100%
S14471,100.0,High (>75%),2.4285714285714284,Pass,Low Risk,75-100%
S14472,100.0,High (>75%),1.7777777777777777,Pass,Low Risk,75-100%
S14473,0.0,Low (<50%),1.4,Fail,High Risk,
S14474,100.0,High (>75%),2.2857142857142856,Pass,Low Risk,75-100%
S14475,33.33,Low (<50%),1.25,Fail,High Risk,25-50%
S14476,50.0,Medium (50-75%),1.25,Fail,High Risk,25-50%
S14477,50.0,Medium (50-75%),3.25,Distinction,Low Risk,25-50%
S14478,0.0,Low (<50%),1.5,Fail,High Risk,
S14479,100.0,High (>75%),2.6666666666666665,Pass,Low Risk,75-100%
S14480,0.0,Low (<50%),2.0,Pass,High Risk,
S14481,50.0,Medium (50-75%),2.2,Pass,Low Risk,25-50%
S14482,50.0,Medium (50-75%),0.5,Fail,High Risk,25-50%
S14483,0.0,Low (<50%),2.0,Pass,High Risk,
S14485,50.0,Medium (50-75%),2.75,Pass,Low Risk,25-50%
S14486,75.0,High (>75%),3.0,Distinction,Low Risk,50-75%
S14487,80.0,High (>75%),0.5,Fail,High Risk,75-100%
S14488,0.0,Low (<50%),2.3333333333333335,Pass,High Risk,
S14489,66.67,Medium (50-75%),1.3333333333333333,Fail,High Risk,50-75%
S14491,100.0,High (>75%),2.3333333333333335,Pass,Low Risk,75-100%
S14492,50.0,Medium (50-75%),2.0,Pass,Low Risk,25-50%
S14493,50.0,Medium (50-75%),2.4,Pass,Low Risk,25-50%
S14494,66.67,Medium (50-75%),3.0,Distinction,Low Risk,50-75%
S14495,100.0,High (>75%),1.3333333333333333,Fail,High Risk,75-100%
S14496,66.67,Medium (50-75%),3.6666666666666665,Distinction,Low Risk,50-75%
S14497,100.0,High (>75%),2.0,Pass,Low Risk,75-100%
S14498,66.67,Medium (50-75%),2.0,Pass,Low Risk,50-75%
S14499,80.0,High (>75%),1.0,Fail,High Risk,75-100%
S14501,0.0,Low (<50%),2.4,Pass,High Risk,
S14502,40.0,Low (<50%),2.0,Pass,High Risk,25-50%
S14503,66.67,Medium (50-75%),2.5,Pass,Low Risk,50-75%
S14504,50.0,Medium (50-75%),2.0,Pass,Low Risk,25-50%
S14505,33.33,Low (<50%),1.3333333333333333,Fail,High Risk,25-50%
S14506,71.43,Medium (50-75%),0.0,Fail,High Risk,50-75%
S14507,100.0,High (>75%),3.5,Distinction,Low Risk,75-100%
S14508,100.0,High (>75%),2.25,Pass,Low Risk,75-100%
S14509,75.0,High (>75%),2.0,Pass,Low Risk,50-75%
S14510,50.0,Medium (50-75%),1.6666666666666667,Pass,Low Risk,25-50%
S14511,0.0,Low (<50%),1.3333333333333333,Fail,High Risk,
S14512,66.67,Medium (50-75%),1.0,Fail,High Risk,50-75%
S14514,75.0,High (>75%),1.3333333333333333,Fail,High Risk,50-75%
S14515,100.0,High (>75%),3.0,Distinction,Low Risk,75-100%
S14516,100.0,High (>75%),1.0,Fail,High Risk,75-100%
S14517,33.33,Low (<50%),2.6,Pass,High Risk,25-50%
S14518,100.0,High (>75%),1.0,Fail,High Risk,75-100%
S14519,100.0,High (>75%),2.5,Pass,Low Risk,75-100%
S14520,60.0,Medium (50-75%),1.5,Fail,Low Risk,50-75%
S14521,33.33,Low (<50%),1.25,Fail,High Risk,25-50%
S14522,66.67,Medium (50-75%),2.0,Pass,Low Risk,50-75%
S14523,0.0,Low (<50%),1.0,Fail,High Risk,
S14524,100.0,High (>75%),2.0,Pass,Low Risk,75-100%
S14525,0.0,Low (<50%),1.25,Fail,High Risk,
S14526,0.0,Low (<50%),2.5,Pass,High Risk,
S14527,50.0,Medium (50-75%),1.6666666666666667,Pass,Low Risk,25-50%
S14528,100.0,High (>75%),0.3333333333333333,Fail,High Risk,75-100%
S14529,33.33,Low (<50%),1.75,Pass,High Risk,25-50%
S14530,100.0,High (>75%),1.5,Fail,Low Risk,75-100%
S14531,100.0,High (>75%),1.0,Fail,High Risk,75-100%
S14532,100.0,High (>75%),2.5,Pass,Low Risk,75-100%
S14533,50.0,Medium (50-75%),2.5,Pass,Low Risk,25-50%
S14534,100.0,High (>75%),2.0,Pass,Low Risk,75-100%
S14535,75.0,High (>75%),2.75,Pass,Low Risk,50-75%
S14536,100.0,High (>75%),1.3333333333333333,Fail,High Risk,75-100%
S14537,66.67,Medium (50-75%),1.25,Fail,High Risk,50-75%
S14538,100.0,High (>75%),0.3333333333333333,Fail,High Risk,75-100%
S14539,100.0,High (>75%),2.2,Pass,Low Risk,75-100%
S14540,75.0,High (>75%),3.0,Distinction,Low Risk,50-75%
S14541,66.67,Medium (50-75%),0.25,Fail,High Risk,50-75%
S14542,66.67,Medium (50-75%),1.4,Fail,High Risk,50-75%
S14543,100.0,High (>75%),3.0,Distinction,Low Risk,75-100%
S14544,66.67,Medium (50-75%),3.0,Distinction,Low Risk,50-75%
S14545,100.0,High (>75%),2.4,Pass,Low Risk,75-100%
S14546,80.0,High (>75%),2.8,Pass,Low Risk,75-100%
S14547,50.0,Medium (50-75%),1.6666666666666667,Pass,Low Risk,25-50%
S14548,66.67,Medium (50-75%),0.0,Fail,High Risk,50-75%
S14549,100.0,High (>75%),1.2,Fail,High Risk,75-100%
S14550,50.0,Medium (50-75%),0.0,Fail,High Risk,25-50%
S14551,100.0,High (>75%),1.625,Pass,Low Risk,75-100%
S14552,100.0,High (>75%),1.2,Fail,High Risk,75-100%
S14553,100.0,High (>75%),0.3333333333333333,Fail,High Risk,75-100%
S14554,100.0,High (>75%),2.0,Pass,Low Risk,75-100%
S14555,100.0,High (>75%),2.0,Pass,Low Risk,75-100%
S14556,50.0,Medium (50-75%),1.8333333333333333,Pass,Low Risk,25-50%
S14557,80.0,High (>75%),2.0,Pass,Low Risk,75-100%
S14558,50.0,Medium (50-75%),4.0,Distinction,Low Risk,25-50%
S14559,57.14,Medium (50-75%),0.0,Fail,High Risk,50-75%
S14560,100.0,High (>75%),2.5,Pass,Low Risk,75-100%
S14561,60.0,Medium (50-75%),2.0,Pass,Low Risk,50-75%
S14562,100.0,High (>75%),2.5555555555555554,Pass,Low Risk,75-100%
S14563,66.67,Medium (50-75%),2.3333333333333335,Pass,Low Risk,50-75%
S14564,100.0,High (>75%),0.0,Fail,High Risk,75-100%
S14565,100.0,High (>75%),3.0,Distinction,Low Risk,75-100%
S14566,100.0,High (>75%),2.0,Pass,Low Risk,75-100%
S14567,66.67,Medium (50-75%),2.3333333333333335,Pass,Low Risk,50-75%
S14568,100.0,High (>75%),2.0,Pass,Low Risk,75-100%
S14569,100.0,High (>75%),2.0,Pass,Low Risk,75-100%
S14570,100.0,High (>75%),2.0,Pass,Low Risk,75-100%
S14571,75.0,High (>75%),2.5,Pass,Low Risk,50-75%
S14572,50.0,Medium (50-75%),2.5,Pass,Low Risk,25-50%
S14573,100.0,High (>75%),2.5,Pass,Low Risk,75-100%
S14574,66.67,Medium (50-75%),2.0,Pass,Low Risk,50-75%
S14575,100.0,High (>75%),2.6666666666666665,Pass,Low Risk,75-100%
S14576,75.0,High (>75%),2.0,Pass,Low Risk,50-75%
S14577,50.0,Medium (50-75%),1.75,Pass,Low Risk,25-50%
S14578,57.14,Medium (50-75%),2.5,Pass,Low Risk,50-75%
S14579,50.0,Medium (50-75%),2.4,Pass,Low Risk,25-50%
S14580,75.0,High (>75%),3.0,Distinction,Low Risk,50-75%
S14581,60.0,Medium (50-75%),2.0,Pass,Low Risk,50-75%
S14582,50.0,Medium (50-75%),2.0,Pass,Low Risk,25-50%
S14583,33.33,Low (<50%),2.0,Pass,High Risk,25-50%
S14584,100.0,High (>75%),1.8,Pass,Low Risk,75-100%
S14585,50.0,Medium (50-75%),2.2,Pass,Low Risk,25-50%
S14586,50.0,Medium (50-75%),2.0,Pass,Low Risk,25-50%
S14587,33.33,Low (<50%),2.0,Pass,High Risk,25-50%
S14588,100.0,High (>75%),1.6666666666666667,Pass,Low Risk,75-100%
S14589,100.0,High (>75%),1.7142857142857142,Pass,Low Risk,75-100%
S14590,66.67,Medium (50-75%),1.6,Pass,Low Risk,50-75%
S14591,100.0,High (>75%),2.0,Pass,Low Risk,75-100%
S14592,62.5,Medium (50-75%),1.75,Pass,Low Risk,50-75%
S14594,100.0,High (>75%),3.25,Distinction,Low Risk,75-100%
S14595,66.67,Medium (50-75%),1.4,Fail,High Risk,50-75%
S14596,100.0,High (>75%),2.3333333333333335,Pass,Low Risk,75-100%
S14597,85.71,High (>75%),1.5,Fail,Low Risk,75-100%
S14598,50.0,Medium (50-75%),1.0,Fail,High Risk,25-50%
S14599,0.0,Low (<50%),1.0,Fail,High Risk,
S14600,0.0,Low (<50%),1.0,Fail,High Risk,
S14601,57.14,Medium (50-75%),2.888888888888889,Pass,Low Risk,50-75%
S14602,75.0,High (>75%),1.0,Fail,High Risk,50-75%
S14603,80.0,High (>75%),1.3333333333333333,Fail,High Risk,75-100%
S14604,66.67,Medium (50-75%),3.5,Distinction,Low Risk,50-75%
S14605,50.0,Medium (50-75%),2.1666666666666665,Pass,Low Risk,25-50%
S14606,100.0,High (>75%),2.0,Pass,Low Risk,75-100%
S14607,40.0,Low (<50%),2.0,Pass,High Risk,25-50%
S14608,100.0,High (>75%),3.2,Distinction,Low Risk,75-100%
S14609,60.0,Medium (50-75%),4.0,Distinction,Low Risk,50-75%
S14610,100.0,High (>75%),2.0,Pass,Low Risk,75-100%
S14611,100.0,High (>75%),1.5,Fail,Low Risk,75-100%
S14612,33.33,Low (<50%),1.3333333333333333,Fail,High Risk,25-50%
S14613,75.0,High (>75%),1.6666666666666667,Pass,Low Risk,50-75%
S14614,50.0,Medium (50-75%),1.0,Fail,High Risk,25-50%
S14615,50.0,Medium (50-75%),3.3333333333333335,Distinction,Low Risk,25-50%
S14616,100.0,High (>75%),1.6666666666666667,Pass,Low Risk,75-100%
S14617,75.0,High (>75%),2.2,Pass,Low Risk,50-75%
S14618,50.0,Medium (50-75%),1.4,Fail,High Risk,25-50%
S14619,75.0,High (>75%),2.6,Pass,Low Risk,50-75%
S14620,75.0,High (>75%),2.0,Pass,Low Risk,50-75%
S14621,100.0,High (>75%),3.0,Distinction,Low Risk,75-100%
S14622,60.0,Medium (50-75%),2.5714285714285716,Pass,Low Risk,50-75%
S14623,75.0,High (>75%),2.75,Pass,Low Risk,50-75%
S14624,50.0,Medium (50-75%),2.6666666666666665,Pass,Low Risk,25-50%
S14625,75.0,High (>75%),2.0,Pass,Low Risk,50-75%
S14626,100.0,High (>75%),1.8,Pass,Low Risk,75-100%
S14627,100.0,High (>75%),2.0,Pass,Low Risk,75-100%
S14628,50.0,Medium (50-75%),2.0,Pass,Low Risk,25-50%
S14629,0.0,Low (<50%),1.0,Fail,High Risk,
S14630,80.0,High (>75%),2.0,Pass,Low Risk,75-100%
S14631,100.0,High (>75%),2.0,Pass,Low Risk,75-100%
S14632,100.0,High (>75%),2.25,Pass,Low Risk,75-100%
S14633,75.0,High (>75%),1.4,Fail,High Risk,50-75%
S14634,75.0,High (>75%),0.5,Fail,High Risk,50-75%
S14635,83.33,High (>75%),3.5,Distinction,Low Risk,75-100%
S14636,75.0,High (>75%),1.0,Fail,High Risk,50-75%
S14637,33.33,Low (<50%),1.5,Fail,High Risk,25-50%
S14638,75.0,High (>75%),1.0,Fail,High Risk,50-75%
S14639,50.0,Medium (50-75%),2.3333333333333335,Pass,Low Risk,25-50%
S14640,50.0,Medium (50-75%),1.5,Fail,Low Risk,25-50%
S14641,50.0,Medium (50-75%),1.5,Fail,Low Risk,25-50%
S14642,100.0,High (>75%),2.3333333333333335,Pass,Low Risk,75-100%
S14643,100.0,High (>75%),3.0,Distinction,Low Risk,75-100%
S14644,100.0,High (>75%),1.25,Fail,High Risk,75-100%
S14645,33.33,Low (<50%),1.8333333333333333,Pass,High Risk,25-50%
S14646,100.0,High (>75%),1.3333333333333333,Fail,High Risk,75-100%
S14647,100.0,High (>75%),1.25,Fail,High Risk,75-100%
S14648,66.67,Medium (50-75%),2.0,Pass,Low Risk,50-75%
S14649,66.67,Medium (50-75%),1.5,Fail,Low Risk,50-75%
S14650,0.0,Low (<50%),1.3333333333333333,Fail,High Risk,
S14652,50.0,Medium (50-75%),1.8,Pass,Low Risk,25-50%
S14653,100.0,High (>75%),2.6666666666666665,Pass,Low Risk,75-100%
S14654,75.0,High (>75%),2.4,Pass,Low Risk,50-75%
S14655,100.0,High (>75%),2.75,Pass,Low Risk,75-100%
S14656,100.0,High (>75%),3.0,Distinction,Low Risk,75-100%
S14657,0.0,Low (<50%),2.8,Pass,High Risk,
S14658,0.0,Low (<50%),3.4,Distinction,High Risk,
S14659,100.0,High (>75%),1.8333333333333333,Pass,Low Risk,75-100%
S14660,50.0,Medium (50-75%),3.5,Distinction,Low Risk,25-50%
S14661,50.0,Medium (50-75%),2.0,Pass,Low Risk,25-50%
S14662,66.67,Medium (50-75%),0.0,Fail,High Risk,50-75%
S14663,100.0,High (>75%),2.0,Pass,Low Risk,75-100%
S14664,100.0,High (>75%),2.0,Pass,Low Risk,75-100%
S14665,80.0,High (>75%),2.0,Pass,Low Risk,75-100%
S14666,50.0,Medium (50-75%),2.0,Pass,Low Risk,25-50%
S14667,100.0,High (>75%),0.6666666666666666,Fail,High Risk,75-100%
S14670,66.67,Medium (50-75%),2.0,Pass,Low Risk,50-75%
S14671,25.0,Low (<50%),1.0,Fail,High Risk,0-25%
S14672,0.0,Low (<50%),1.6666666666666667,Pass,High Risk,
S14673,100.0,High (>75%),3.0,Distinction,Low Risk,75-100%
S14674,33.33,Low (<50%),2.0,Pass,High Risk,25-50%
S14675,0.0,Low (<50%),2.0,Pass,High Risk,
S14676,50.0,Medium (50-75%),1.3333333333333333,Fail,High Risk,25-50%
S14677,80.0,High (>75%),2.6,Pass,Low Risk,75-100%
S14678,80.0,High (>75%),2.0,Pass,Low Risk,75-100%
S14679,66.67,Medium (50-75%),2.75,Pass,Low Risk,50-75%
S14680,50.0,Medium (50-75%),1.0,Fail,High Risk,25-50%
S14681,66.67,Medium (50-75%),3.0,Distinction,Low Risk,50-75%
S14682,75.0,High (>75%),0.0,Fail,High Risk,50-75%
S14683,50.0,Medium (50-75%),3.0,Distinction,Low Risk,25-50%
S14684,100.0,High (>75%),2.125,Pass,Low Risk,75-100%
S14685,100.0,High (>75%),1.5,Fail,Low Risk,75-100%
S14686,33.33,Low (<50%),3.2,Distinction,High Risk,25-50%
S14687,100.0,High (>75%),1.3333333333333333,Fail,High Risk,75-100%
S14688,100.0,High (>75%),2.5,Pass,Low Risk,75-100%
S14689,60.0,Medium (50-75%),2.2857142857142856,Pass,Low Risk,50-75%
S14690,75.0,High (>75%),2.0,Pass,Low Risk,50-75%
S14691,25.0,Low (<50%),3.3333333333333335,Distinction,High Risk,0-25%
S14692,100.0,High (>75%),2.5,Pass,Low Risk,75-100%
S14693,100.0,High (>75%),3.0,Distinction,Low Risk,75-100%
S14694,100.0,High (>75%),2.2,Pass,Low Risk,75-100%
S14695,50.0,Medium (50-75%),2.3,Pass,Low Risk,25-50%
S14696,100.0,High (>75%),1.0,Fail,High Risk,75-100%
S14698,100.0,High (>75%),2.0,Pass,Low Risk,75-100%
S14700,66.67,Medium (50-75%),0.0,Fail,High Risk,50-75%
S14701,100.0,High (>75%),3.6666666666666665,Distinction,Low Risk,75-100%
S14702,60.0,Medium (50-75%),2.0,Pass,Low Risk,50-75%
S14703,0.0,Low (<50%),2.5,Pass,High Risk,
S14704,60.0,Medium (50-75%),1.4,Fail,High Risk,50-75%
S14705,50.0,Medium (50-75%),1.5,Fail,Low Risk,25-50%
S14706,100.0,High (>75%),2.25,Pass,Low Risk,75-100%
S14707,75.0,High (>75%),1.5,Fail,Low Risk,50-75%
S14708,100.0,High (>75%),1.6666666666666667,Pass,Low Risk,75-100%
S14709,40.0,Low (<50%),2.8,Pass,High Risk,25-50%
S14710,0.0,Low (<50%),2.0,Pass,High Risk,
S14711,100.0,High (>75%),1.5714285714285714,Fail,Low Risk,75-100%
S14712,100.0,High (>75%),3.0,Distinction,Low Risk,75-100%
S14713,80.0,High (>75%),2.3333333333333335,Pass,Low Risk,75-100%
S14714,0.0,Low (<50%),2.0,Pass,High Risk,
S14715,50.0,Medium (50-75%),2.0,Pass,Low Risk,25-50%
S14716,100.0,High (>75%),2.25,Pass,Low Risk,75-100%
S14717,50.0,Medium (50-75%),2.0,Pass,Low Risk,25-50%
S14718,66.67,Medium (50-75%),2.75,Pass,Low Risk,50-75%
S14719,66.67,Medium (50-75%),3.0,Distinction,Low Risk,50-75%
S14720,100.0,High (>75%),2.0,Pass,Low Risk,75-100%
S14721,50.0,Medium (50-75%),1.2857142857142858,Fail,High Risk,25-50%
S14722,66.67,Medium (50-75%),2.0,Pass,Low Risk,50-75%
S14723,33.33,Low (<50%),2.2857142857142856,Pass,High Risk,25-50%
S14724,66.67,Medium (50-75%),2.0,Pass,Low Risk,50-75%
S14725,100.0,High (>75%),1.0,Fail,High Risk,75-100%
S14726,100.0,High (>75%),1.0,Fail,High Risk,75-100%
S14727,25.0,Low (<50%),2.142857142857143,Pass,High Risk,0-25%
S14728,50.0,Medium (50-75%),1.5,Fail,Low Risk,25-50%
S14730,0.0,Low (<50%),2.5,Pass,High Risk,
S14731,0.0,Low (<50%),2.4,Pass,High Risk,
S14732,50.0,Medium (50-75%),1.0,Fail,High Risk,25-50%
S14733,66.67,Medium (50-75%),2.0,Pass,Low Risk,50-75%
S14734,66.67,Medium (50-75%),1.6666666666666667,Pass,Low Risk,50-75%
S14735,66.67,Medium (50-75%),2.1666666666666665,Pass,Low Risk,50-75%
S14736,100.0,High (>75%),1.75,Pass,Low Risk,75-100%
S14737,60.0,Medium (50-75%),2.6,Pass,Low Risk,50-75%
S14738,33.33,Low (<50%),4.0,Distinction,High Risk,25-50%
S14739,50.0,Medium (50-75%),2.5,Pass,Low Risk,25-50%
S14740,66.67,Medium (50-75%),1.5,Fail,Low Risk,50-75%
S14742,66.67,Medium (50-75%),1.4,Fail,High Risk,50-75%
S14743,0.0,Low (<50%),2.0,Pass,High Risk,
S14744,60.0,Medium (50-75%),1.5,Fail,Low Risk,50-75%
S14745,66.67,Medium (50-75%),3.0,Distinction,Low Risk,50-75%
S14746,66.67,Medium (50-75%),0.0,Fail,High Risk,50-75%
S14747,0.0,Low (<50%),2.5,Pass,High Risk,
S14748,100.0,High (>75%),1.6,Pass,Low Risk,75-100%
S14749,66.67,Medium (50-75%),2.0,Pass,Low Risk,50-75%
S14750,25.0,Low (<50%),2.0,Pass,High Risk,0-25%
S14751,50.0,Medium (50-75%),1.0,Fail,High Risk,25-50%
S14752,100.0,High (>75%),2.0,Pass,Low Risk,75-100%
S14753,66.67,Medium (50-75%),3.0,Distinction,Low Risk,50-75%
S14754,100.0,High (>75%),2.75,Pass,Low Risk,75-100%
S14755,33.33,Low (<50%),2.5,Pass,High Risk,25-50%
S14756,50.0,Medium (50-75%),2.0,Pass,Low Risk,25-50%
S14757,100.0,High (>75%),2.2,Pass,Low Risk,75-100%
S14758,66.67,Medium (50-75%),2.0,Pass,Low Risk,50-75%
S14759,33.33,Low (<50%),2.0,Pass,High Risk,25-50%
S14760,100.0,High (>75%),2.4,Pass,Low Risk,75-100%
S14761,57.14,Medium (50-75%),1.5,Fail,Low Risk,50-75%
S14762,66.67,Medium (50-75%),1.8571428571428572,Pass,Low Risk,50-75%
S14763,100.0,High (>75%),2.4,Pass,Low Risk,75-100%
S14765,50.0,Medium (50-75%),1.4,Fail,High Risk,25-50%
S14766,71.43,Medium (50-75%),1.4,Fail,High Risk,50-75%
S14767,0.0,Low (<50%),2.5,Pass,High Risk,
S14768,100.0,High (>75%),3.25,Distinction,Low Risk,75-100%
S14769,50.0,Medium (50-75%),1.8,Pass,Low Risk,25-50%
S14770,100.0,High (>75%),1.5,Fail,Low Risk,75-100%
S14771,100.0,High (>75%),0.875,Fail,High Risk,75-100%
S14772,66.67,Medium (50-75%),2.8,Pass,Low Risk,50-75%
S14773,0.0,Low (<50%),3.5,Distinction,High Risk,
S14774,25.0,Low (<50%),1.0,Fail,High Risk,0-25%
S14776,100.0,High (>75%),1.75,Pass,Low Risk,75-100%
S14777,75.0,High (>75%),1.625,Pass,Low Risk,50-75%
S14778,50.0,Medium (50-75%),1.6666666666666667,Pass,Low Risk,25-50%
S14779,66.67,Medium (50-75%),2.5,Pass,Low Risk,50-75%
S14780,66.67,Medium (50-75%),1.0,Fail,High Risk,50-75%
S14782,80.0,High (>75%),1.0,Fail,High Risk,75-100%
S14783,33.33,Low (<50%),2.3333333333333335,Pass,High Risk,25-50%
S14784,75.0,High (>75%),2.0,Pass,Low Risk,50-75%
S14785,57.14,Medium (50-75%),1.5,Fail,Low Risk,50-75%
S14786,33.33,Low (<50%),3.5,Distinction,High Risk,25-50%
S14787,100.0,High (>75%),3.0,Distinction,Low Risk,75-100%
S14788,100.0,High (>75%),2.0,Pass,Low Risk,75-100%
S14789,100.0,High (>75%),3.0,Distinction,Low Risk,75-100%
S14790,100.0,High (>75%),1.0,Fail,High Risk,75-100%
S14791,100.0,High (>75%),2.25,Pass,Low Risk,75-100%
S14792,50.0,Medium (50-75%),3.0,Distinction,Low Risk,25-50%
S14793,66.67,Medium (50-75%),2.0,Pass,Low Risk,50-75%
S14794,50.0,Medium (50-75%),1.4,Fail,High Risk,25-50%
S14795,66.67,Medium (50-75%),2.8333333333333335,Pass,Low Risk,50-75%
S14796,50.0,Medium (50-75%),2.5,Pass,Low Risk,25-50%
S14797,66.67,Medium (50-75%),1.3333333333333333,Fail,High Risk,50-75%
S14798,50.0,Medium (50-75%),1.6666666666666667,Pass,Low Risk,25-50%
S14800,66.67,Medium (50-75%),1.5,Fail,Low Risk,50-75%
S14801,50.0,Medium (50-75%),1.75,Pass,Low Risk,25-50%
S14802,71.43,Medium (50-75%),2.5,Pass,Low Risk,50-75%
S14803,100.0,High (>75%),0.25,Fail,High Risk,75-100%
S14804,100.0,High (>75%),1.6666666666666667,Pass,Low Risk,75-100%
S14805,0.0,Low (<50%),1.8571428571428572,Pass,High Risk,
S14806,100.0,High (>75%),0.6666666666666666,Fail,High Risk,75-100%
S14807,33.33,Low (<50%),0.6666666666666666,Fail,High Risk,25-50%
S14808,50.0,Medium (50-75%),2.0,Pass,Low Risk,25-50%
S14809,75.0,High (>75%),1.8,Pass,Low Risk,50-75%
S14810,33.33,Low (<50%),1.5,Fail,High Risk,25-50%
S14811,40.0,Low (<50%),0.6666666666666666,Fail,High Risk,25-50%
S14812,100.0,High (>75%),0.5,Fail,High Risk,75-100%
S14813,66.67,Medium (50-75%),2.2,Pass,Low Risk,50-75%
S14814,57.14,Medium (50-75%),2.0,Pass,Low Risk,50-75%
S14815,100.0,High (>75%),1.7142857142857142,Pass,Low Risk,75-100%
S14816,25.0,Low (<50%),1.6,Pass,High Risk,0-25%
S14817,100.0,High (>75%),3.5,Distinction,Low Risk,75-100%
S14818,50.0,Medium (50-75%),2.0,Pass,Low Risk,25-50%
S14819,50.0,Medium (50-75%),1.3333333333333333,Fail,High Risk,25-50%
S14820,50.0,Medium (50-75%),4.0,Distinction,Low Risk,25-50%
S14821,66.67,Medium (50-75%),1.0,Fail,High Risk,50-75%
S14822,33.33,Low (<50%),1.0,Fail,High Risk,25-50%
S14823,100.0,High (>75%),2.0,Pass,Low Risk,75-100%
S14824,75.0,High (>75%),2.0,Pass,Low Risk,50-75%
S14825,100.0,High (>75%),2.0,Pass,Low Risk,75-100%
S14826,71.43,Medium (50-75%),3.5,Distinction,Low Risk,50-75%
S14827,100.0,High (>75%),1.0,Fail,High Risk,75-100%
S14828,50.0,Medium (50-75%),2.5,Pass,Low Risk,25-50%
S14829,100.0,High (>75%),2.3333333333333335,Pass,Low Risk,75-100%
S14830,80.0,High (>75%),2.0,Pass,Low Risk,75-100%
S14831,50.0,Medium (50-75%),1.3333333333333333,Fail,High Risk,25-50%
S14833,100.0,High (>75%),1.8,Pass,Low Risk,75-100%
S14834,57.14,Medium (50-75%),1.4444444444444444,Fail,High Risk,50-75%
S14835,100.0,High (>75%),1.8,Pass,Low Risk,75-100%
S14836,66.67,Medium (50-75%),2.0,Pass,Low Risk,50-75%
S14837,100.0,High (>75%),2.0,Pass,Low Risk,75-100%
S14838,66.67,Medium (50-75%),3.0,Distinction,Low Risk,50-75%
S14839,66.67,Medium (50-75%),3.6666666666666665,Distinction,Low Risk,50-75%
S14840,100.0,High (>75%),1.6,Pass,Low Risk,75-100%
S14841,50.0,Medium (50-75%),0.8,Fail,High Risk,25-50%
S14842,66.67,Medium (50-75%),2.75,Pass,Low Risk,50-75%
S14843,66.67,Medium (50-75%),2.4285714285714284,Pass,Low Risk,50-75%
S14845,66.67,Medium (50-75%),1.75,Pass,Low Risk,50-75%
S14846,0.0,Low (<50%),1.0,Fail,High Risk,
S14847,0.0,Low (<50%),2.25,Pass,High Risk,
S14848,100.0,High (>75%),2.0,Pass,Low Risk,75-100%
S14849,100.0,High (>75%),1.75,Pass,Low Risk,75-100%
S14851,100.0,High (>75%),0.0,Fail,High Risk,75-100%
S14852,0.0,Low (<50%),2.75,Pass,High Risk,
S14853,75.0,High (>75%),3.0,Distinction,Low Risk,50-75%
S14854,100.0,High (>75%),1.25,Fail,High Risk,75-100%
S14856,100.0,High (>75%),2.0,Pass,Low Risk,75-100%
S14857,100.0,High (>75%),2.3333333333333335,Pass,Low Risk,75-100%
S14858,33.33,Low (<50%),1.8,Pass,High Risk,25-50%
S14859,100.0,High (>75%),2.3333333333333335,Pass,Low Risk,75-100%
S14860,50.0,Medium (50-75%),0.3333333333333333,Fail,High Risk,25-50%
S14861,100.0,High (>75%),3.3333333333333335,Distinction,Low Risk,75-100%
S14863,100.0,High (>75%),1.8571428571428572,Pass,Low Risk,75-100%
S14864,100.0,High (>75%),3.0,Distinction,Low Risk,75-100%
S14865,50.0,Medium (50-75%),1.4,Fail,High Risk,25-50%
S14866,100.0,High (>75%),1.75,Pass,Low Risk,75-100%
S14867,66.67,Medium (50-75%),2.0,Pass,Low Risk,50-75%
S14868,40.0,Low (<50%),1.25,Fail,High Risk,25-50%
S14869,100.0,High (>75%),1.75,Pass,Low Risk,75-100%
S14870,100.0,High (>75%),3.0,Distinction,Low Risk,75-100%
S14871,75.0,High (>75%),1.25,Fail,High Risk,50-75%
S14872,33.33,Low (<50%),0.6666666666666666,Fail,High Risk,25-50%
S14873,0.0,Low (<50%),3.5,Distinction,High Risk,
S14874,50.0,Medium (50-75%),2.0,Pass,Low Risk,25-50%
S14875,66.67,Medium (50-75%),1.5,Fail,Low Risk,50-75%
S14876,100.0,High (>75%),3.0,Distinction,Low Risk,75-100%
S14877,33.33,Low (<50%),1.7777777777777777,Pass,High Risk,25-50%
S14878,75.0,High (>75%),2.0,Pass,Low Risk,50-75%
S14879,66.67,Medium (50-75%),0.5,Fail,High Risk,50-75%
S14880,100.0,High (>75%),1.6666666666666667,Pass,Low Risk,75-100%
S14881,80.0,High (>75%),3.0,Distinction,Low Risk,75-100%
S14882,50.0,Medium (50-75%),1.0,Fail,High Risk,25-50%
S14883,25.0,Low (<50%),1.3333333333333333,Fail,High Risk,0-25%
S14884,100.0,High (>75%),1.0,Fail,High Risk,75-100%
S14885,66.67,Medium (50-75%),4.0,Distinction,Low Risk,50-75%
S14886,100.0,High (>75%),0.6666666666666666,Fail,High Risk,75-100%
S14887,50.0,Medium (50-75%),4.0,Distinction,Low Risk,25-50%
S14888,100.0,High (>75%),2.75,Pass,Low Risk,75-100%
S14889,80.0,High (>75%),2.0,Pass,Low Risk,75-100%
S14890,50.0,Medium (50-75%),1.5,Fail,Low Risk,25-50%
S14891,66.67,Medium (50-75%),2.0,Pass,Low Risk,50-75%
S14893,75.0,High (>75%),1.6,Pass,Low Risk,50-75%
S14894,100.0,High (>75%),2.5,Pass,Low Risk,75-100%
S14895,50.0,Medium (50-75%),2.3333333333333335,Pass,Low Risk,25-50%
S14896,25.0,Low (<50%),2.0,Pass,High Risk,0-25%
S14897,0.0,Low (<50%),3.3333333333333335,Distinction,High Risk,
S14898,80.0,High (>75%),2.75,Pass,Low Risk,75-100%
S14899,50.0,Medium (50-75%),2.5,Pass,Low Risk,25-50%
S14900,100.0,High (>75%),2.25,Pass,Low Risk,75-100%
S14901,100.0,High (>75%),1.8,Pass,Low Risk,75-100%
S14902,25.0,Low (<50%),2.0,Pass,High Risk,0-25%
S14903,100.0,High (>75%),1.5,Fail,Low Risk,75-100%
S14904,66.67,Medium (50-75%),1.75,Pass,Low Risk,50-75%
S14905,66.67,Medium (50-75%),2.1666666666666665,Pass,Low Risk,50-75%
S14906,50.0,Medium (50-75%),2.0,Pass,Low Risk,25-50%
S14907,100.0,High (>75%),1.0,Fail,High Risk,75-100%
S14908,100.0,High (>75%),2.6666666666666665,Pass,Low Risk,75-100%
S14909,80.0,High (>75%),2.3333333333333335,Pass,Low Risk,75-100%
S14910,100.0,High (>75%),2.0,Pass,Low Risk,75-100%
S14911,60.0,Medium (50-75%),1.8333333333333333,Pass,Low Risk,50-75%
S14912,100.0,High (>75%),0.3333333333333333,Fail,High Risk,75-100%
S14913,75.0,High (>75%),2.75,Pass,Low Risk,50-75%
S14914,100.0,High (>75%),2.0,Pass,Low Risk,75-100%
S14915,75.0,High (>75%),1.0,Fail,High Risk,50-75%
S14916,66.67,Medium (50-75%),1.6666666666666667,Pass,Low Risk,50-75%
S14917,100.0,High (>75%),2.3333333333333335,Pass,Low Risk,75-100%
S14918,50.0,Medium (50-75%),1.5,Fail,Low Risk,25-50%
S14919,50.0,Medium (50-75%),0.6666666666666666,Fail,High Risk,25-50%
S14920,100.0,High (>75%),2.0,Pass,Low Risk,75-100%
S14921,100.0,High (>75%),3.3333333333333335,Distinction,Low Risk,75-100%
S14922,100.0,High (>75%),2.0,Pass,Low Risk,75-100%
S14923,33.33,Low (<50%),1.5,Fail,High Risk,25-50%
S14924,100.0,High (>75%),1.75,Pass,Low Risk,75-100%
S14925,100.0,High (>75%),3.142857142857143,Distinction,Low Risk,75-100%
S14926,20.0,Low (<50%),1.0,Fail,High Risk,0-25%
S14927,66.67,Medium (50-75%),3.3333333333333335,Distinction,Low Risk,50-75%
S14928,33.33,Low (<50%),1.0,Fail,High Risk,25-50%
S14929,50.0,Medium (50-75%),2.0,Pass,Low Risk,25-50%
S14930,75.0,High (>75%),1.3333333333333333,Fail,High Risk,50-75%
S14931,75.0,High (>75%),1.5,Fail,Low Risk,50-75%
S14932,50.0,Medium (50-75%),1.6666666666666667,Pass,Low Risk,25-50%
S14933,50.0,Medium (50-75%),2.0,Pass,Low Risk,25-50%
S14934,50.0,Medium (50-75%),2.75,Pass,Low Risk,25-50%
S14935,100.0,High (>75%),3.0,Distinction,Low Risk,75-100%
S14936,100.0,High (>75%),3.0,Distinction,Low Risk,75-100%
S14937,66.67,Medium (50-75%),3.0,Distinction,Low Risk,50-75%
S14938,100.0,High (>75%),2.0,Pass,Low Risk,75-100%
S14939,75.0,High (>75%),0.5,Fail,High Risk,50-75%
S14941,100.0,High (>75%),1.3333333333333333,Fail,High Risk,75-100%
S14942,66.67,Medium (50-75%),2.0,Pass,Low Risk,50-75%
S14943,33.33,Low (<50%),2.0,Pass,High Risk,25-50%
S14944,100.0,High (>75%),2.6666666666666665,Pass,Low Risk,75-100%
S14946,50.0,Medium (50-75%),2.0,Pass,Low Risk,25-50%
S14947,50.0,Medium (50-75%),2.0,Pass,Low Risk,25-50%
S14948,66.67,Medium (50-75%),1.0,Fail,High Risk,50-75%
S14949,50.0,Medium (50-75%),2.0,Pass,Low Risk,25-50%
S14950,50.0,Medium (50-75%),2.6,Pass,Low Risk,25-50%
S14951,66.67,Medium (50-75%),1.5,Fail,Low Risk,50-75%
S14952,100.0,High (>75%),3.0,Distinction,Low Risk,75-100%
S14953,100.0,High (>75%),2.0,Pass,Low Risk,75-100%
S14954,100.0,High (>75%),2.0,Pass,Low Risk,75-100%
S14955,100.0,High (>75%),2.0,Pass,Low Risk,75-100%
S14956,33.33,Low (<50%),2.75,Pass,High Risk,25-50%
S14957,80.0,High (>75%),1.75,Pass,Low Risk,75-100%
S14959,50.0,Medium (50-75%),1.5,Fail,Low Risk,25-50%
S14960,66.67,Medium (50-75%),1.6666666666666667,Pass,Low Risk,50-75%
S14961,100.0,High (>75%),2.3333333333333335,Pass,Low Risk,75-100%
S14962,83.33,High (>75%),1.6666666666666667,Pass,Low Risk,75-100%
S14963,100.0,High (>75%),3.0,Distinction,Low Risk,75-100%
S14964,75.0,High (>75%),2.4,Pass,Low Risk,50-75%
S14965,50.0,Medium (50-75%),3.0,Distinction,Low Risk,25-50%
S14966,100.0,High (>75%),1.75,Pass,Low Risk,75-100%
S14967,100.0,High (>75%),2.25,Pass,Low Risk,75-100%
S14968,75.0,High (>75%),2.0,Pass,Low Risk,50-75%
S14969,100.0,High (>75%),3.0,Distinction,Low Risk,75-100%
S14970,75.0,High (>75%),1.0,Fail,High Risk,50-75%
S14971,0.0,Low (<50%),2.5555555555555554,Pass,High Risk,
S14972,100.0,High (>75%),2.5,Pass,Low Risk,75-100%
S14973,100.0,High (>75%),2.0,Pass,Low Risk,75-100%
S14974,75.0,High (>75%),2.2857142857142856,Pass,Low Risk,50-75%
S14975,100.0,High (>75%),0.0,Fail,High Risk,75-100%
S14976,50.0,Medium (50-75%),1.5,Fail,Low Risk,25-50%
S14977,33.33,Low (<50%),1.6666666666666667,Pass,High Risk,25-50%
S14978,50.0,Medium (50-75%),1.625,Pass,Low Risk,25-50%
S14979,87.5,High (>75%),2.0,Pass,Low Risk,75-100%
S14980,100.0,High (>75%),2.6,Pass,Low Risk,75-100%
S14981,100.0,High (>75%),1.8571428571428572,Pass,Low Risk,75-100%
S14982,42.86,Low (<50%),2.2,Pass,High Risk,25-50%
S14983,100.0,High (>75%),1.0,Fail,High Risk,75-100%
S14984,100.0,High (>75%),1.2,Fail,High Risk,75-100%
S14985,100.0,High (>75%),2.6666666666666665,Pass,Low Risk,75-100%
S14986,75.0,High (>75%),1.0,Fail,High Risk,50-75%
S14987,100.0,High (>75%),2.0,Pass,Low Risk,75-100%
S14988,66.67,Medium (50-75%),1.0,Fail,High Risk,50-75%
S14989,80.0,High (>75%),2.25,Pass,Low Risk,75-100%
S14990,100.0,High (>75%),2.142857142857143,Pass,Low Risk,75-100%
S14991,0.0,Low (<50%),1.3333333333333333,Fail,High Risk,
S14992,33.33,Low (<50%),2.5,Pass,High Risk,25-50%
S14993,50.0,Medium (50-75%),3.0,Distinction,Low Risk,25-50%
S14994,0.0,Low (<50%),2.3333333333333335,Pass,High Risk,
S14995,100.0,High (>75%),1.2,Fail,High Risk,75-100%
S14996,25.0,Low (<50%),2.0,Pass,High Risk,0-25%
S14997,100.0,High (>75%),4.0,Distinction,Low Risk,75-100%
S14998,100.0,High (>75%),1.75,Pass,Low Risk,75-100%
S14999,100.0,High (>75%),2.5,Pass,Low Risk,75-100%
S15000,100.0,High (>75%),2.0,Pass,Low Risk,75-100%
S15001,100.0,High (>75%),3.3333333333333335,Distinction,Low Risk,75-100%
S15002,66.67,Medium (50-75%),2.0,Pass,Low Risk,50-75%
S15003,100.0,High (>75%),0.0,Fail,High Risk,75-100%
S15004,0.0,Low (<50%),2.0,Pass,High Risk,
S15005,0.0,Low (<50%),2.6,Pass,High Risk,
S15006,83.33,High (>75%),3.0,Distinction,Low Risk,75-100%
S15007,66.67,Medium (50-75%),2.5,Pass,Low Risk,50-75%
S15008,50.0,Medium (50-75%),2.3333333333333335,Pass,Low Risk,25-50%
S15009,40.0,Low (<50%),1.5714285714285714,Fail,High Risk,25-50%
S15010,66.67,Medium (50-75%),1.0,Fail,High Risk,50-75%
S15011,0.0,Low (<50%),1.3333333333333333,Fail,High Risk,
S15012,100.0,High (>75%),3.6666666666666665,Distinction,Low Risk,75-100%
S15013,100.0,High (>75%),2.0,Pass,Low Risk,75-100%
S15014,100.0,High (>75%),2.0,Pass,Low Risk,75-100%
S15015,100.0,High (>75%),3.0,Distinction,Low Risk,75-100%
S15016,50.0,Medium (50-75%),2.0,Pass,Low Risk,25-50%
S15017,57.14,Medium (50-75%),1.6666666666666667,Pass,Low Risk,50-75%
S15018,100.0,High (>75%),3.0,Distinction,Low Risk,75-100%
S15019,66.67,Medium (50-75%),1.4,Fail,High Risk,50-75%
S15020,50.0,Medium (50-75%),1.6666666666666667,Pass,Low Risk,25-50%
S15021,40.0,Low (<50%),2.1666666666666665,Pass,High Risk,25-50%
S15022,57.14,Medium (50-75%),2.5,Pass,Low Risk,50-75%
S15023,100.0,High (>75%),2.0,Pass,Low Risk,75-100%
S15024,33.33,Low (<50%),2.0,Pass,High Risk,25-50%
S15025,75.0,High (>75%),2.2,Pass,Low Risk,50-75%
S15026,50.0,Medium (50-75%),1.4,Fail,High Risk,25-50%
S15027,83.33,High (>75%),2.0,Pass,Low Risk,75-100%
S15028,75.0,High (>75%),2.3333333333333335,Pass,Low Risk,50-75%
S15029,100.0,High (>75%),2.0,Pass,Low Risk,75-100%
S15030,50.0,Medium (50-75%),1.3333333333333333,Fail,High Risk,25-50%
S15031,100.0,High (>75%),4.0,Distinction,Low Risk,75-100%
S15032,66.67,Medium (50-75%),1.5,Fail,Low Risk,50-75%
S15033,0.0,Low (<50%),2.125,Pass,High Risk,
S15034,0.0,Low (<50%),2.5,Pass,High Risk,
S15035,100.0,High (>75%),1.75,Pass,Low Risk,75-100%
S15036,100.0,High (>75%),1.6666666666666667,Pass,Low Risk,75-100%
S15037,66.67,Medium (50-75%),3.0,Distinction,Low Risk,50-75%
S15038,71.43,Medium (50-75%),1.0,Fail,High Risk,50-75%
S15039,80.0,High (>75%),4.0,Distinction,Low Risk,75-100%
S15040,100.0,High (>75%),1.25,Fail,High Risk,75-100%
S15041,33.33,Low (<50%),2.0,Pass,High Risk,25-50%
S15042,50.0,Medium (50-75%),3.25,Distinction,Low Risk,25-50%
S15043,66.67,Medium (50-75%),1.6666666666666667,Pass,Low Risk,50-75%
S15044,50.0,Medium (50-75%),1.3333333333333333,Fail,High Risk,25-50%
S15045,50.0,Medium (50-75%),1.75,Pass,Low Risk,25-50%
S15046,100.0,High (>75%),1.5,Fail,Low Risk,75-100%
S15047,66.67,Medium (50-75%),2.0,Pass,Low Risk,50-75%
S15048,66.67,Medium (50-75%),1.75,Pass,Low Risk,50-75%
S15049,50.0,Medium (50-75%),2.25,Pass,Low Risk,25-50%
S15050,100.0,High (>75%),4.0,Distinction,Low Risk,75-100%
S15051,60.0,Medium (50-75%),2.142857142857143,Pass,Low Risk,50-75%
S15052,50.0,Medium (50-75%),1.0,Fail,High Risk,25-50%
S15053,66.67,Medium (50-75%),1.0,Fail,High Risk,50-75%
S15055,100.0,High (>75%),0.5,Fail,High Risk,75-100%
S15056,100.0,High (>75%),2.0,Pass,Low Risk,75-100%
S15058,100.0,High (>75%),2.1666666666666665,Pass,Low Risk,75-100%
S15060,100.0,High (>75%),2.2857142857142856,Pass,Low Risk,75-100%
S15061,100.0,High (>75%),0.0,Fail,High Risk,75-100%
S15062,100.0,High (>75%),2.25,Pass,Low Risk,75-100%
S15064,60.0,Medium (50-75%),1.0,Fail,High Risk,50-75%
S15065,66.67,Medium (50-75%),3.0,Distinction,Low Risk,50-75%
S15066,60.0,Medium (50-75%),4.0,Distinction,Low Risk,50-75%
S15067,0.0,Low (<50%),1.0,Fail,High Risk,
S15068,100.0,High (>75%),3.3333333333333335,Distinction,Low Risk,75-100%
S15069,0.0,Low (<50%),4.0,Distinction,High Risk,
S15070,50.0,Medium (50-75%),2.2,Pass,Low Risk,25-50%
S15071,40.0,Low (<50%),2.5,Pass,High Risk,25-50%
S15072,33.33,Low (<50%),3.0,Distinction,High Risk,25-50%
S15073,33.33,Low (<50%),1.6666666666666667,Pass,High Risk,25-50%
S15074,80.0,High (>75%),2.8,Pass,Low Risk,75-100%
S15075,66.67,Medium (50-75%),1.1666666666666667,Fail,High Risk,50-75%
S15076,100.0,High (>75%),2.4,Pass,Low Risk,75-100%
S15077,75.0,High (>75%),3.0,Distinction,Low Risk,50-75%
S15078,100.0,High (>75%),2.25,Pass,Low Risk,75-100%
S15079,100.0,High (>75%),3.0,Distinction,Low Risk,75-100%
S15080,100.0,High (>75%),1.6,Pass,Low Risk,75-100%
S15081,100.0,High (>75%),1.3333333333333333,Fail,High Risk,75-100%
S15082,100.0,High (>75%),1.0,Fail,High Risk,75-100%
S15083,80.0,High (>75%),1.3333333333333333,Fail,High Risk,75-100%
S15084,100.0,High (>75%),4.0,Distinction,Low Risk,75-100%
S15085,100.0,High (>75%),2.0,Pass,Low Risk,75-100%
S15086,50.0,Medium (50-75%),2.0,Pass,Low Risk,25-50%
S15087,33.33,Low (<50%),3.0,Distinction,High Risk,25-50%
S15088,33.33,Low (<50%),3.5,Distinction,High Risk,25-50%
S15089,50.0,Medium (50-75%),1.0,Fail,High Risk,25-50%
S15090,50.0,Medium (50-75%),4.0,Distinction,Low Risk,25-50%
S15091,100.0,High (>75%),3.0,Distinction,Low Risk,75-100%
S15092,50.0,Medium (50-75%),3.6666666666666665,Distinction,Low Risk,25-50%
S15093,75.0,High (>75%),1.75,Pass,Low Risk,50-75%
S15094,66.67,Medium (50-75%),2.1666666666666665,Pass,Low Risk,50-75%
S15095,100.0,High (>75%),2.0,Pass,Low Risk,75-100%
S15096,50.0,Medium (50-75%),1.0,Fail,High Risk,25-50%
S15097,75.0,High (>75%),1.0,Fail,High Risk,50-75%
S15098,75.0,High (>75%),2.0,Pass,Low Risk,50-75%
S15099,66.67,Medium (50-75%),1.6,Pass,Low Risk,50-75%
S15100,33.33,Low (<50%),2.0,Pass,High Risk,25-50%
S15101,33.33,Low (<50%),1.5,Fail,High Risk,25-50%
S15102,60.0,Medium (50-75%),3.0,Distinction,Low Risk,50-75%
S15103,66.67,Medium (50-75%),0.0,Fail,High Risk,50-75%
S15104,100.0,High (>75%),1.25,Fail,High Risk,75-100%
S15105,100.0,High (>75%),2.875,Pass,Low Risk,75-100%
S15106,100.0,High (>75%),1.3333333333333333,Fail,High Risk,75-100%
S15107,20.0,Low (<50%),3.0,Distinction,High Risk,0-25%
S15108,100.0,High (>75%),1.75,Pass,Low Risk,75-100%
S15109,80.0,High (>75%),2.3333333333333335,Pass,Low Risk,75-100%
S15111,100.0,High (>75%),1.0,Fail,High Risk,75-100%
S15113,100.0,High (>75%),0.5,Fail,High Risk,75-100%
S15114,75.0,High (>75%),1.5,Fail,Low Risk,50-75%
S15115,60.0,Medium (50-75%),3.5,Distinction,Low Risk,50-75%
S15116,71.43,Medium (50-75%),1.0,Fail,High Risk,50-75%
S15117,75.0,High (>75%),3.0,Distinction,Low Risk,50-75%
S15119,100.0,High (>75%),2.3333333333333335,Pass,Low Risk,75-100%
S15120,80.0,High (>75%),2.2,Pass,Low Risk,75-100%
S15121,33.33,Low (<50%),2.0,Pass,High Risk,25-50%
S15122,80.0,High (>75%),2.6666666666666665,Pass,Low Risk,75-100%
S15123,33.33,Low (<50%),2.1666666666666665,Pass,High Risk,25-50%
S15124,0.0,Low (<50%),3.3333333333333335,Distinction,High Risk,
S15125,100.0,High (>75%),4.0,Distinction,Low Risk,75-100%
S15126,50.0,Medium (50-75%),2.3333333333333335,Pass,Low Risk,25-50%
S15127,80.0,High (>75%),2.3333333333333335,Pass,Low Risk,75-100%
S15128,100.0,High (>75%),1.6666666666666667,Pass,Low Risk,75-100%
S15130,100.0,High (>75%),2.0,Pass,Low Risk,75-100%
S15131,100.0,High (>75%),2.0,Pass,Low Risk,75-100%
S15132,50.0,Medium (50-75%),1.2,Fail,High Risk,25-50%
S15133,50.0,Medium (50-75%),1.6666666666666667,Pass,Low Risk,25-50%
S15134,75.0,High (>75%),1.5,Fail,Low Risk,50-75%
S15135,25.0,Low (<50%),0.0,Fail,High Risk,0-25%
S15136,33.33,Low (<50%),1.0,Fail,High Risk,25-50%
S15137,50.0,Medium (50-75%),2.0,Pass,Low Risk,25-50%
S15139,66.67,Medium (50-75%),0.0,Fail,High Risk,50-75%
S15140,66.67,Medium (50-75%),1.6,Pass,Low Risk,50-75%
S15141,0.0,Low (<50%),1.0,Fail,High Risk,
S15142,60.0,Medium (50-75%),2.4,Pass,Low Risk,50-75%
S15143,100.0,High (>75%),2.0,Pass,Low Risk,75-100%
S15144,100.0,High (>75%),3.0,Distinction,Low Risk,75-100%
S15145,66.67,Medium (50-75%),2.6666666666666665,Pass,Low Risk,50-75%
S15146,66.67,Medium (50-75%),2.0,Pass,Low Risk,50-75%
S15147,33.33,Low (<50%),2.6,Pass,High Risk,25-50%
S15148,66.67,Medium (50-75%),0.5,Fail,High Risk,50-75%
S15149,50.0,Medium (50-75%),3.0,Distinction,Low Risk,25-50%
S15150,0.0,Low (<50%),1.8,Pass,High Risk,
S15151,80.0,High (>75%),2.0,Pass,Low Risk,75-100%
S15152,100.0,High (>75%),1.5,Fail,Low Risk,75-100%
S15154,100.0,High (>75%),0.5,Fail,High Risk,75-100%
S15155,83.33,High (>75%),2.25,Pass,Low Risk,75-100%
S15156,50.0,Medium (50-75%),1.0,Fail,High Risk,25-50%
S15157,50.0,Medium (50-75%),2.3333333333333335,Pass,Low Risk,25-50%
S15158,60.0,Medium (50-75%),3.0,Distinction,Low Risk,50-75%
S15160,25.0,Low (<50%),2.0,Pass,High Risk,0-25%
S15161,75.0,High (>75%),4.0,Distinction,Low Risk,50-75%
S15162,100.0,High (>75%),0.8,Fail,High Risk,75-100%
S15164,100.0,High (>75%),3.0,Distinction,Low Risk,75-100%
S15165,33.33,Low (<50%),0.5,Fail,High Risk,25-50%
S15166,83.33,High (>75%),3.6666666666666665,Distinction,Low Risk,75-100%
S15167,100.0,High (>75%),2.0,Pass,Low Risk,75-100%
S15168,60.0,Medium (50-75%),1.0,Fail,High Risk,50-75%
S15169,100.0,High (>75%),2.25,Pass,Low Risk,75-100%
S15170,50.0,Medium (50-75%),1.5,Fail,Low Risk,25-50%
S15171,66.67,Medium (50-75%),1.0,Fail,High Risk,50-75%
S15172,66.67,Medium (50-75%),1.75,Pass,Low Risk,50-75%
S15173,100.0,High (>75%),0.25,Fail,High Risk,75-100%
S15174,100.0,High (>75%),2.5,Pass,Low Risk,75-100%
S15175,50.0,Medium (50-75%),2.0,Pass,Low Risk,25-50%
S15176,33.33,Low (<50%),1.0,Fail,High Risk,25-50%
S15177,50.0,Medium (50-75%),2.0,Pass,Low Risk,25-50%
S15178,100.0,High (>75%),4.0,Distinction,Low Risk,75-100%
S15179,50.0,Medium (50-75%),1.0,Fail,High Risk,25-50%
S15180,100.0,High (>75%),3.5,Distinction,Low Risk,75-100%
S15181,100.0,High (>75%),0.3333333333333333,Fail,High Risk,75-100%
S15182,25.0,Low (<50%),2.6666666666666665,Pass,High Risk,0-25%
S15183,100.0,High (>75%),1.75,Pass,Low Risk,75-100%
S15184,66.67,Medium (50-75%),2.0,Pass,Low Risk,50-75%
S15186,100.0,High (>75%),2.0,Pass,Low Risk,75-100%
S15187,50.0,Medium (50-75%),2.3333333333333335,Pass,Low Risk,25-50%
S15188,100.0,High (>75%),2.6,Pass,Low Risk,75-100%
S15189,100.0,High (>75%),2.0,Pass,Low Risk,75-100%
S15190,71.43,Medium (50-75%),3.2,Distinction,Low Risk,50-75%
S15191,66.67,Medium (50-75%),1.6666666666666667,Pass,Low Risk,50-75%
S15192,75.0,High (>75%),3.25,Distinction,Low Risk,50-75%
S15193,100.0,High (>75%),2.0,Pass,Low Risk,75-100%
S15194,100.0,High (>75%),0.0,Fail,High Risk,75-100%
S15195,0.0,Low (<50%),1.6,Pass,High Risk,
S15196,33.33,Low (<50%),1.4285714285714286,Fail,High Risk,25-50%
S15197,33.33,Low (<50%),4.0,Distinction,High Risk,25-50%
S15198,50.0,Medium (50-75%),0.6666666666666666,Fail,High Risk,25-50%
S15200,66.67,Medium (50-75%),2.0,Pass,Low Risk,50-75%
S15201,100.0,High (>75%),2.6,Pass,Low Risk,75-100%
S15202,75.0,High (>75%),3.75,Distinction,Low Risk,50-75%
S15203,50.0,Medium (50-75%),1.6666666666666667,Pass,Low Risk,25-50%
S15204,66.67,Medium (50-75%),2.25,Pass,Low Risk,50-75%
S15205,100.0,High (>75%),2.0,Pass,Low Risk,75-100%
S15206,75.0,High (>75%),2.1666666666666665,Pass,Low Risk,50-75%
S15207,66.67,Medium (50-75%),2.8,Pass,Low Risk,50-75%
S15208,75.0,High (>75%),4.0,Distinction,Low Risk,50-75%
S15209,75.0,High (>75%),3.3333333333333335,Distinction,Low Risk,50-75%
S15210,60.0,Medium (50-75%),2.5,Pass,Low Risk,50-75%
S15211,75.0,High (>75%),2.142857142857143,Pass,Low Risk,50-75%
S15212,50.0,Medium (50-75%),0.0,Fail,High Risk,25-50%
S15214,50.0,Medium (50-75%),3.0,Distinction,Low Risk,25-50%
S15216,66.67,Medium (50-75%),2.5,Pass,Low Risk,50-75%
S15217,66.67,Medium (50-75%),0.6666666666666666,Fail,High Risk,50-75%
S15218,80.0,High (>75%),2.0,Pass,Low Risk,75-100%
S15220,80.0,High (>75%),0.0,Fail,High Risk,75-100%
S15221,83.33,High (>75%),2.0,Pass,Low Risk,75-100%
S15222,50.0,Medium (50-75%),1.0,Fail,High Risk,25-50%
S15223,50.0,Medium (50-75%),1.6666666666666667,Pass,Low Risk,25-50%
S15224,100.0,High (>75%),2.0,Pass,Low Risk,75-100%
S15225,100.0,High (>75%),1.5,Fail,Low Risk,75-100%
S15226,66.67,Medium (50-75%),2.0,Pass,Low Risk,50-75%
S15227,33.33,Low (<50%),1.6666666666666667,Pass,High Risk,25-50%
S15228,66.67,Medium (50-75%),2.25,Pass,Low Risk,50-75%
S15229,100.0,High (>75%),1.8,Pass,Low Risk,75-100%
S15231,100.0,High (>75%),1.0,Fail,High Risk,75-100%
S15232,50.0,Medium (50-75%),2.75,Pass,Low Risk,25-50%
S15233,100.0,High (>75%),1.5,Fail,Low Risk,75-100%
S15234,0.0,Low (<50%),1.4,Fail,High Risk,
S15235,50.0,Medium (50-75%),2.0,Pass,Low Risk,25-50%
S15237,100.0,High (>75%),2.3333333333333335,Pass,Low Risk,75-100%
S15239,50.0,Medium (50-75%),2.75,Pass,Low Risk,25-50%
S15240,66.67,Medium (50-75%),3.0,Distinction,Low Risk,50-75%
S15241,50.0,Medium (50-75%),1.5,Fail,Low Risk,25-50%
S15242,66.67,Medium (50-75%),1.25,Fail,High Risk,50-75%
S15243,100.0,High (>75%),2.0,Pass,Low Risk,75-100%
S15244,100.0,High (>75%),2.0,Pass,Low Risk,75-100%
S15246,42.86,Low (<50%),2.0,Pass,High Risk,25-50%
S15247,80.0,High (>75%),1.3333333333333333,Fail,High Risk,75-100%
S15248,0.0,Low (<50%),0.5,Fail,High Risk,
S15249,100.0,High (>75%),0.75,Fail,High Risk,75-100%
S15250,75.0,High (>75%),1.8,Pass,Low Risk,50-75%
S15251,60.0,Medium (50-75%),1.0,Fail,High Risk,50-75%
S15252,100.0,High (>75%),0.0,Fail,High Risk,75-100%
S15253,75.0,High (>75%),1.25,Fail,High Risk,50-75%
S15254,100.0,High (>75%),2.8,Pass,Low Risk,75-100%
S15255,66.67,Medium (50-75%),2.5,Pass,Low Risk,50-75%
S15257,66.67,Medium (50-75%),2.6666666666666665,Pass,Low Risk,50-75%
S15258,75.0,High (>75%),2.1666666666666665,Pass,Low Risk,50-75%
S15259,50.0,Medium (50-75%),2.0,Pass,Low Risk,25-50%
S15261,0.0,Low (<50%),3.4,Distinction,High Risk,
S15262,100.0,High (>75%),1.2,Fail,High Risk,75-100%
S15263,100.0,High (>75%),1.0,Fail,High Risk,75-100%
S15264,100.0,High (>75%),1.0,Fail,High Risk,75-100%
S15265,60.0,Medium (50-75%),2.2,Pass,Low Risk,50-75%
S15266,0.0,Low (<50%),1.0,Fail,High Risk,
S15267,100.0,High (>75%),2.5,Pass,Low Risk,75-100%
S15268,50.0,Medium (50-75%),2.5,Pass,Low Risk,25-50%
S15271,66.67,Medium (50-75%),3.0,Distinction,Low Risk,50-75%
S15272,33.33,Low (<50%),2.0,Pass,High Risk,25-50%
S15273,50.0,Medium (50-75%),2.4,Pass,Low Risk,25-50%
S15274,60.0,Medium (50-75%),3.0,Distinction,Low Risk,50-75%
S15275,100.0,High (>75%),3.0,Distinction,Low Risk,75-100%
S15276,33.33,Low (<50%),2.0,Pass,High Risk,25-50%
S15277,66.67,Medium (50-75%),1.6666666666666667,Pass,Low Risk,50-75%
S15278,100.0,High (>75%),2.25,Pass,Low Risk,75-100%
S15279,100.0,High (>75%),1.4,Fail,High Risk,75-100%
S15283,100.0,High (>75%),3.0,Distinction,Low Risk,75-100%
S15284,50.0,Medium (50-75%),3.6666666666666665,Distinction,Low Risk,25-50%
S15285,60.0,Medium (50-75%),2.5,Pass,Low Risk,50-75%
S15286,100.0,High (>75%),2.0,Pass,Low Risk,75-100%
S15287,71.43,Medium (50-75%),2.5,Pass,Low Risk,50-75%
S15288,0.0,Low (<50%),0.5,Fail,High Risk,
S15289,0.0,Low (<50%),2.0,Pass,High Risk,
S15290,100.0,High (>75%),1.3333333333333333,Fail,High Risk,75-100%
S15291,100.0,High (>75%),1.6666666666666667,Pass,Low Risk,75-100%
S15292,66.67,Medium (50-75%),1.6,Pass,Low Risk,50-75%
S15293,50.0,Medium (50-75%),2.5,Pass,Low Risk,25-50%
S15294,80.0,High (>75%),2.5,Pass,Low Risk,75-100%
S15295,100.0,High (>75%),2.5,Pass,Low Risk,75-100%
S15296,50.0,Medium (50-75%),2.25,Pass,Low Risk,25-50%
S15297,50.0,Medium (50-75%),1.3333333333333333,Fail,High Risk,25-50%
S15298,80.0,High (>75%),2.0,Pass,Low Risk,75-100%
S15299,100.0,High (>75%),3.0,Distinction,Low Risk,75-100%
S15300,66.67,Medium (50-75%),2.3333333333333335,Pass,Low Risk,50-75%
S15301,80.0,High (>75%),2.0,Pass,Low Risk,75-100%
S15302,66.67,Medium (50-75%),2.0,Pass,Low Risk,50-75%
S15303,50.0,Medium (50-75%),2.5,Pass,Low Risk,25-50%
S15304,100.0,High (>75%),2.0,Pass,Low Risk,75-100%
S15305,50.0,Medium (50-75%),2.0,Pass,Low Risk,25-50%
S15306,33.33,Low (<50%),1.5,Fail,High Risk,25-50%
S15307,66.67,Medium (50-75%),2.5,Pass,Low Risk,50-75%
S15308,33.33,Low (<50%),3.0,Distinction,High Risk,25-50%
S15309,100.0,High (>75%),1.5,Fail,Low Risk,75-100%
S15310,100.0,High (>75%),1.6666666666666667,Pass,Low Risk,75-100%
S15311,60.0,Medium (50-75%),2.6666666666666665,Pass,Low Risk,50-75%
S15312,83.33,High (>75%),1.0,Fail,High Risk,75-100%
S15313,100.0,High (>75%),2.5,Pass,Low Risk,75-100%
S15314,100.0,High (>75%),2.6666666666666665,Pass,Low Risk,75-100%
S15315,0.0,Low (<50%),1.6666666666666667,Pass,High Risk,
S15316,0.0,Low (<50%),1.5,Fail,High Risk,
S15317,100.0,High (>75%),2.0,Pass,Low Risk,75-100%
S15318,100.0,High (>75%),1.0,Fail,High Risk,75-100%
S15319,75.0,High (>75%),2.6,Pass,Low Risk,50-75%
S15321,16.67,Low (<50%),3.0,Distinction,High Risk,0-25%
S15322,25.0,Low (<50%),0.5,Fail,High Risk,0-25%
S15323,66.67,Medium (50-75%),2.25,Pass,Low Risk,50-75%
S15324,100.0,High (>75%),0.0,Fail,High Risk,75-100%
S15325,0.0,Low (<50%),2.0,Pass,High Risk,
S15326,66.67,Medium (50-75%),2.0,Pass,Low Risk,50-75%
S15327,0.0,Low (<50%),2.0,Pass,High Risk,
S15328,66.67,Medium (50-75%),4.0,Distinction,Low Risk,50-75%
S15329,100.0,High (>75%),2.2,Pass,Low Risk,75-100%
S15330,50.0,Medium (50-75%),1.0,Fail,High Risk,25-50%
S15331,66.67,Medium (50-75%),0.0,Fail,High Risk,50-75%
S15332,66.67,Medium (50-75%),1.2,Fail,High Risk,50-75%
S15333,50.0,Medium (50-75%),0.5,Fail,High Risk,25-50%
S15334,75.0,High (>75%),2.0,Pass,Low Risk,50-75%
S15335,100.0,High (>75%),2.0,Pass,Low Risk,75-100%
S15336,88.89,High (>75%),3.0,Distinction,Low Risk,75-100%
S15337,50.0,Medium (50-75%),2.4,Pass,Low Risk,25-50%
S15338,100.0,High (>75%),1.0,Fail,High Risk,75-100%
S15339,66.67,Medium (50-75%),2.2,Pass,Low Risk,50-75%
S15340,60.0,Medium (50-75%),1.5,Fail,Low Risk,50-75%
S15341,100.0,High (>75%),2.2,Pass,Low Risk,75-100%
S15342,75.0,High (>75%),1.3333333333333333,Fail,High Risk,50-75%
S15343,78.57,High (>75%),1.25,Fail,High Risk,75-100%
S15344,100.0,High (>75%),2.0,Pass,Low Risk,75-100%
S15346,100.0,High (>75%),2.3333333333333335,Pass,Low Risk,75-100%
S15347,50.0,Medium (50-75%),1.2,Fail,High Risk,25-50%
S15348,100.0,High (>75%),2.0,Pass,Low Risk,75-100%
S15349,50.0,Medium (50-75%),2.3333333333333335,Pass,Low Risk,25-50%
S15350,75.0,High (>75%),2.4,Pass,Low Risk,50-75%
S15351,80.0,High (>75%),0.75,Fail,High Risk,75-100%
S15352,66.67,Medium (50-75%),1.5,Fail,Low Risk,50-75%
S15353,100.0,High (>75%),1.3333333333333333,Fail,High Risk,75-100%
S15354,100.0,High (>75%),1.0,Fail,High Risk,75-100%
S15356,100.0,High (>75%),2.5,Pass,Low Risk,75-100%
S15357,66.67,Medium (50-75%),2.0,Pass,Low Risk,50-75%
S15358,100.0,High (>75%),2.0,Pass,Low Risk,75-100%
S15359,100.0,High (>75%),1.5,Fail,Low Risk,75-100%
S15360,25.0,Low (<50%),2.0,Pass,High Risk,0-25%
S15361,0.0,Low (<50%),2.875,Pass,High Risk,
S15362,100.0,High (>75%),4.0,Distinction,Low Risk,75-100%
S15363,100.0,High (>75%),2.6666666666666665,Pass,Low Risk,75-100%
S15365,50.0,Medium (50-75%),1.5,Fail,Low Risk,25-50%
S15366,40.0,Low (<50%),1.6666666666666667,Pass,High Risk,25-50%
S15367,66.67,Medium (50-75%),1.0,Fail,High Risk,50-75%
S15368,33.33,Low (<50%),2.2,Pass,High Risk,25-50%
S15369,50.0,Medium (50-75%),2.25,Pass,Low Risk,25-50%
S15370,0.0,Low (<50%),2.1666666666666665,Pass,High Risk,
S15371,100.0,High (>75%),1.6666666666666667,Pass,Low Risk,75-100%
S15372,100.0,High (>75%),2.6666666666666665,Pass,Low Risk,75-100%
S15373,100.0,High (>75%),2.0,Pass,Low Risk,75-100%
S15374,50.0,Medium (50-75%),1.0,Fail,High Risk,25-50%
S15375,50.0,Medium (50-75%),2.3333333333333335,Pass,Low Risk,25-50%
S15376,100.0,High (>75%),1.4,Fail,High Risk,75-100%
S15377,75.0,High (>75%),1.2,Fail,High Risk,50-75%
S15378,50.0,Medium (50-75%),1.8571428571428572,Pass,Low Risk,25-50%
S15379,50.0,Medium (50-75%),2.0,Pass,Low Risk,25-50%
S15380,66.67,Medium (50-75%),2.0,Pass,Low Risk,50-75%
S15381,100.0,High (>75%),1.6666666666666667,Pass,Low Risk,75-100%
S15382,33.33,Low (<50%),1.4,Fail,High Risk,25-50%
S15383,50.0,Medium (50-75%),1.5,Fail,Low Risk,25-50%
S15384,100.0,High (>75%),2.1666666666666665,Pass,Low Risk,75-100%
S15385,28.57,Low (<50%),1.75,Pass,High Risk,25-50%
S15386,100.0,High (>75%),0.75,Fail,High Risk,75-100%
S15387,60.0,Medium (50-75%),2.0,Pass,Low Risk,50-75%
S15388,66.67,Medium (50-75%),2.0,Pass,Low Risk,50-75%
S15389,85.71,High (>75%),2.3333333333333335,Pass,Low Risk,75-100%
S15390,66.67,Medium (50-75%),1.25,Fail,High Risk,50-75%
S15391,100.0,High (>75%),3.0,Distinction,Low Risk,75-100%
S15392,100.0,High (>75%),2.0,Pass,Low Risk,75-100%
S15393,0.0,Low (<50%),2.5,Pass,High Risk,
S15394,66.67,Medium (50-75%),2.0,Pass,Low Risk,50-75%
S15395,50.0,Medium (50-75%),2.0,Pass,Low Risk,25-50%
S15396,66.67,Medium (50-75%),0.3333333333333333,Fail,High Risk,50-75%
S15397,60.0,Medium (50-75%),2.0,Pass,Low Risk,50-75%
S15398,50.0,Medium (50-75%),2.0,Pass,Low Risk,25-50%
S15399,100.0,High (>75%),4.0,Distinction,Low Risk,75-100%
S15400,0.0,Low (<50%),1.75,Pass,High Risk,
S15401,50.0,Medium (50-75%),0.75,Fail,High Risk,25-50%
S15402,50.0,Medium (50-75%),2.0,Pass,Low Risk,25-50%
S15404,100.0,High (>75%),2.0,Pass,Low Risk,75-100%
S15405,100.0,High (>75%),2.5,Pass,Low Risk,75-100%
S15406,50.0,Medium (50-75%),2.0,Pass,Low Risk,25-50%
S15408,40.0,Low (<50%),3.0,Distinction,High Risk,25-50%
S15409,0.0,Low (<50%),1.6,Pass,High Risk,
S15410,20.0,Low (<50%),1.0,Fail,High Risk,0-25%
S15411,100.0,High (>75%),2.0,Pass,Low Risk,75-100%
S15412,100.0,High (>75%),2.3333333333333335,Pass,Low Risk,75-100%
S15413,100.0,High (>75%),2.6666666666666665,Pass,Low Risk,75-100%
S15414,50.0,Medium (50-75%),2.0,Pass,Low Risk,25-50%
S15416,50.0,Medium (50-75%),2.25,Pass,Low Risk,25-50%
S15417,33.33,Low (<50%),0.0,Fail,High Risk,25-50%
S15418,50.0,Medium (50-75%),1.25,Fail,High Risk,25-50%
S15419,0.0,Low (<50%),2.5,Pass,High Risk,
S15420,33.33,Low (<50%),1.5,Fail,High Risk,25-50%
S15421,0.0,Low (<50%),2.0,Pass,High Risk,
S15422,100.0,High (>75%),1.5,Fail,Low Risk,75-100%
S15423,0.0,Low (<50%),1.0,Fail,High Risk,
S15424,100.0,High (>75%),2.0,Pass,Low Risk,75-100%
S15425,100.0,High (>75%),1.0,Fail,High Risk,75-100%
S15426,0.0,Low (<50%),3.5,Distinction,High Risk,
S15427,0.0,Low (<50%),2.5,Pass,High Risk,
S15428,100.0,High (>75%),2.5,Pass,Low Risk,75-100%
S15429,100.0,High (>75%),1.5,Fail,Low Risk,75-100%
S15430,50.0,Medium (50-75%),3.25,Distinction,Low Risk,25-50%
S15431,50.0,Medium (50-75%),3.1666666666666665,Distinction,Low Risk,25-50%
S15432,50.0,Medium (50-75%),3.0,Distinction,Low Risk,25-50%
S15433,0.0,Low (<50%),3.0,Distinction,High Risk,
S15434,33.33,Low (<50%),2.5,Pass,High Risk,25-50%
S15435,100.0,High (>75%),2.3333333333333335,Pass,Low Risk,75-100%
S15436,100.0,High (>75%),2.0,Pass,Low Risk,75-100%
S15437,50.0,Medium (50-75%),0.0,Fail,High Risk,25-50%
S15438,100.0,High (>75%),1.5,Fail,Low Risk,75-100%
S15439,100.0,High (>75%),3.0,Distinction,Low Risk,75-100%
S15440,66.67,Medium (50-75%),3.0,Distinction,Low Risk,50-75%
S15441,0.0,Low (<50%),1.875,Pass,High Risk,
S15442,50.0,Medium (50-75%),2.1666666666666665,Pass,Low Risk,25-50%
S15443,100.0,High (>75%),2.5,Pass,Low Risk,75-100%
S15444,75.0,High (>75%),2.0,Pass,Low Risk,50-75%
S15445,60.0,Medium (50-75%),2.6666666666666665,Pass,Low Risk,50-75%
S15446,40.0,Low (<50%),2.0,Pass,High Risk,25-50%
S15447,75.0,High (>75%),1.0,Fail,High Risk,50-75%
S15448,100.0,High (>75%),0.3333333333333333,Fail,High Risk,75-100%
S15449,100.0,High (>75%),1.3333333333333333,Fail,High Risk,75-100%
S15450,66.67,Medium (50-75%),2.0,Pass,Low Risk,50-75%
S15451,50.0,Medium (50-75%),3.0,Distinction,Low Risk,25-50%
S15452,40.0,Low (<50%),2.0,Pass,High Risk,25-50%
S15453,0.0,Low (<50%),2.1666666666666665,Pass,High Risk,
S15454,100.0,High (>75%),2.0,Pass,Low Risk,75-100%
S15455,0.0,Low (<50%),1.8333333333333333,Pass,High Risk,
S15456,100.0,High (>75%),0.3333333333333333,Fail,High Risk,75-100%
S15457,75.0,High (>75%),1.3333333333333333,Fail,High Risk,50-75%
S15458,66.67,Medium (50-75%),1.5,Fail,Low Risk,50-75%
S15460,100.0,High (>75%),2.0,Pass,Low Risk,75-100%
S15461,100.0,High (>75%),2.0,Pass,Low Risk,75-100%
S15462,20.0,Low (<50%),2.4,Pass,High Risk,0-25%
S15463,100.0,High (>75%),1.3333333333333333,Fail,High Risk,75-100%
S15464,100.0,High (>75%),1.6,Pass,Low Risk,75-100%
S15465,66.67,Medium (50-75%),3.0,Distinction,Low Risk,50-75%
S15466,50.0,Medium (50-75%),0.0,Fail,High Risk,25-50%
S15467,50.0,Medium (50-75%),2.5,Pass,Low Risk,25-50%
S15468,66.67,Medium (50-75%),3.3333333333333335,Distinction,Low Risk,50-75%
S15469,100.0,High (>75%),1.0,Fail,High Risk,75-100%
S15470,100.0,High (>75%),1.8,Pass,Low Risk,75-100%
S15471,50.0,Medium (50-75%),1.8571428571428572,Pass,Low Risk,25-50%
S15472,100.0,High (>75%),0.0,Fail,High Risk,75-100%
S15473,66.67,Medium (50-75%),3.0,Distinction,Low Risk,50-75%
S15474,50.0,Medium (50-75%),2.5,Pass,Low Risk,25-50%
S15475,100.0,High (>75%),2.0,Pass,Low Risk,75-100%
S15477,75.0,High (>75%),2.5,Pass,Low Risk,50-75%
S15478,66.67,Medium (50-75%),2.0,Pass,Low Risk,50-75%
S15479,66.67,Medium (50-75%),3.0,Distinction,Low Risk,50-75%
S15480,100.0,High (>75%),2.0,Pass,Low Risk,75-100%
S15481,25.0,Low (<50%),2.0,Pass,High Risk,0-25%
S15483,100.0,High (>75%),1.4,Fail,High Risk,75-100%
S15484,50.0,Medium (50-75%),1.0,Fail,High Risk,25-50%
S15485,83.33,High (>75%),1.0,Fail,High Risk,75-100%
S15486,50.0,Medium (50-75%),3.3333333333333335,Distinction,Low Risk,25-50%
S15487,100.0,High (>75%),2.0,Pass,Low Risk,75-100%
S15488,100.0,High (>75%),2.5,Pass,Low Risk,75-100%
S15489,80.0,High (>75%),1.0,Fail,High Risk,75-100%
S15490,40.0,Low (<50%),1.2857142857142858,Fail,High Risk,25-50%
S15491,100.0,High (>75%),1.75,Pass,Low Risk,75-100%
S15492,100.0,High (>75%),3.0,Distinction,Low Risk,75-100%
S15493,100.0,High (>75%),2.5,Pass,Low Risk,75-100%
S15495,57.14,Medium (50-75%),1.6,Pass,Low Risk,50-75%
S15496,66.67,Medium (50-75%),4.0,Distinction,Low Risk,50-75%
S15497,100.0,High (>75%),3.0,Distinction,Low Risk,75-100%
S15498,66.67,Medium (50-75%),2.6666666666666665,Pass,Low Risk,50-75%
S15499,100.0,High (>75%),2.75,Pass,Low Risk,75-100%
S15500,60.0,Medium (50-75%),2.0,Pass,Low Risk,50-75%
S15501,66.67,Medium (50-75%),2.5,Pass,Low Risk,50-75%
S15502,50.0,Medium (50-75%),1.6,Pass,Low Risk,25-50%
S15503,100.0,High (>75%),2.5,Pass,Low Risk,75-100%
S15504,50.0,Medium (50-75%),2.6,Pass,Low Risk,25-50%
S15505,80.0,High (>75%),2.5,Pass,Low Risk,75-100%
S15506,50.0,Medium (50-75%),2.2,Pass,Low Risk,25-50%
S15508,75.0,High (>75%),1.6666666666666667,Pass,Low Risk,50-75%
S15509,100.0,High (>75%),2.142857142857143,Pass,Low Risk,75-100%
S15510,60.0,Medium (50-75%),2.8,Pass,Low Risk,50-75%
S15511,50.0,Medium (50-75%),3.0,Distinction,Low Risk,25-50%
S15512,0.0,Low (<50%),1.4,Fail,High Risk,
S15513,100.0,High (>75%),3.0,Distinction,Low Risk,75-100%
S15515,100.0,High (>75%),3.2,Distinction,Low Risk,75-100%
S15516,50.0,Medium (50-75%),2.0,Pass,Low Risk,25-50%
S15517,100.0,High (>75%),2.3333333333333335,Pass,Low Risk,75-100%
S15518,100.0,High (>75%),1.5,Fail,Low Risk,75-100%
S15519,100.0,High (>75%),1.0,Fail,High Risk,75-100%
S15520,100.0,High (>75%),0.0,Fail,High Risk,75-100%
S15522,100.0,High (>75%),1.6666666666666667,Pass,Low Risk,75-100%
S15523,100.0,High (>75%),2.0,Pass,Low Risk,75-100%
S15524,0.0,Low (<50%),2.0,Pass,High Risk,
S15525,66.67,Medium (50-75%),2.6666666666666665,Pass,Low Risk,50-75%
S15526,60.0,Medium (50-75%),2.0,Pass,Low Risk,50-75%
S15527,66.67,Medium (50-75%),1.5,Fail,Low Risk,50-75%
S15528,50.0,Medium (50-75%),1.0,Fail,High Risk,25-50%
S15529,25.0,Low (<50%),2.1666666666666665,Pass,High Risk,0-25%
S15531,42.86,Low (<50%),2.0,Pass,High Risk,25-50%
S15532,100.0,High (>75%),2.0,Pass,Low Risk,75-100%
S15533,50.0,Medium (50-75%),2.0,Pass,Low Risk,25-50%
S15534,100.0,High (>75%),2.8,Pass,Low Risk,75-100%
S15535,100.0,High (>75%),3.0,Distinction,Low Risk,75-100%
S15536,50.0,Medium (50-75%),0.25,Fail,High Risk,25-50%
S15537,0.0,Low (<50%),2.25,Pass,High Risk,
S15538,66.67,Medium (50-75%),2.0,Pass,Low Risk,50-75%
S15539,0.0,Low (<50%),3.3333333333333335,Distinction,High Risk,
S15540,66.67,Medium (50-75%),2.6,Pass,Low Risk,50-75%
S15541,85.71,High (>75%),3.25,Distinction,Low Risk,75-100%
S15543,100.0,High (>75%),0.5,Fail,High Risk,75-100%
S15544,75.0,High (>75%),2.0,Pass,Low Risk,50-75%
S15545,83.33,High (>75%),2.75,Pass,Low Risk,75-100%
S15546,100.0,High (>75%),3.0,Distinction,Low Risk,75-100%
S15547,60.0,Medium (50-75%),0.6666666666666666,Fail,High Risk,50-75%
S15548,100.0,High (>75%),1.0,Fail,High Risk,75-100%
S15549,42.86,Low (<50%),1.0,Fail,High Risk,25-50%
S15550,50.0,Medium (50-75%),2.5,Pass,Low Risk,25-50%
S15551,50.0,Medium (50-75%),1.0,Fail,High Risk,25-50%
S15552,100.0,High (>75%),2.4285714285714284,Pass,Low Risk,75-100%
S15553,50.0,Medium (50-75%),3.3333333333333335,Distinction,Low Risk,25-50%
S15554,0.0,Low (<50%),0.5,Fail,High Risk,
S15555,100.0,High (>75%),1.5,Fail,Low Risk,75-100%
S15556,100.0,High (>75%),2.75,Pass,Low Risk,75-100%
S15557,60.0,Medium (50-75%),2.0,Pass,Low Risk,50-75%
S15558,50.0,Medium (50-75%),1.75,Pass,Low Risk,25-50%
S15559,100.0,High (>75%),1.5,Fail,Low Risk,75-100%
S15560,66.67,Medium (50-75%),2.5,Pass,Low Risk,50-75%
S15561,100.0,High (>75%),2.5,Pass,Low Risk,75-100%
S15562,100.0,High (>75%),0.0,Fail,High Risk,75-100%
S15563,75.0,High (>75%),1.0,Fail,High Risk,50-75%
S15564,40.0,Low (<50%),2.0,Pass,High Risk,25-50%
S15565,100.0,High (>75%),1.75,Pass,Low Risk,75-100%
S15566,100.0,High (>75%),2.2,Pass,Low Risk,75-100%
S15567,100.0,High (>75%),1.5,Fail,Low Risk,75-100%
S15568,75.0,High (>75%),4.0,Distinction,Low Risk,50-75%
S15569,100.0,High (>75%),1.0,Fail,High Risk,75-100%
S15570,50.0,Medium (50-75%),3.0,Distinction,Low Risk,25-50%
S15571,66.67,Medium (50-75%),2.0,Pass,Low Risk,50-75%
S15572,50.0,Medium (50-75%),2.0,Pass,Low Risk,25-50%
S15573,66.67,Medium (50-75%),2.2222222222222223,Pass,Low Risk,50-75%
S15574,100.0,High (>75%),2.0,Pass,Low Risk,75-100%
S15575,100.0,High (>75%),2.3333333333333335,Pass,Low Risk,75-100%
S15576,0.0,Low (<50%),2.25,Pass,High Risk,
S15577,100.0,High (>75%),2.3333333333333335,Pass,Low Risk,75-100%
S15578,100.0,High (>75%),3.0,Distinction,Low Risk,75-100%
S15579,60.0,Medium (50-75%),1.8,Pass,Low Risk,50-75%
S15580,75.0,High (>75%),2.75,Pass,Low Risk,50-75%
S15581,66.67,Medium (50-75%),2.0,Pass,Low Risk,50-75%
S15582,100.0,High (>75%),3.3333333333333335,Distinction,Low Risk,75-100%
S15583,100.0,High (>75%),2.0,Pass,Low Risk,75-100%
S15584,0.0,Low (<50%),1.75,Pass,High Risk,
S15586,100.0,High (>75%),3.5,Distinction,Low Risk,75-100%
S15587,66.67,Medium (50-75%),1.6666666666666667,Pass,Low Risk,50-75%
S15588,60.0,Medium (50-75%),0.5,Fail,High Risk,50-75%
S15590,100.0,High (>75%),3.0,Distinction,Low Risk,75-100%
S15591,0.0,Low (<50%),2.0,Pass,High Risk,
S15592,50.0,Medium (50-75%),1.0,Fail,High Risk,25-50%
S15593,0.0,Low (<50%),3.5,Distinction,High Risk,
S15594,100.0,High (>75%),1.4,Fail,High Risk,75-100%
S15595,75.0,High (>75%),3.0,Distinction,Low Risk,50-75%
S15596,100.0,High (>75%),2.0,Pass,Low Risk,75-100%
S15597,0.0,Low (<50%),2.6,Pass,High Risk,
S15598,60.0,Medium (50-75%),2.75,Pass,Low Risk,50-75%
S15599,100.0,High (>75%),3.5,Distinction,Low Risk,75-100%
S15600,33.33,Low (<50%),3.2,Distinction,High Risk,25-50%
S15601,100.0,High (>75%),2.0,Pass,Low Risk,75-100%
S15602,66.67,Medium (50-75%),2.5714285714285716,Pass,Low Risk,50-75%
S15603,50.0,Medium (50-75%),2.75,Pass,Low Risk,25-50%
S15604,100.0,High (>75%),1.0,Fail,High Risk,75-100%
S15605,100.0,High (>75%),1.5,Fail,Low Risk,75-100%
S15606,75.0,High (>75%),2.5,Pass,Low Risk,50-75%
S15607,83.33,High (>75%),2.0,Pass,Low Risk,75-100%
S15608,66.67,Medium (50-75%),2.8,Pass,Low Risk,50-75%
S15609,33.33,Low (<50%),4.0,Distinction,High Risk,25-50%
S15610,100.0,High (>75%),1.3333333333333333,Fail,High Risk,75-100%
S15611,66.67,Medium (50-75%),0.6666666666666666,Fail,High Risk,50-75%
S15612,75.0,High (>75%),2.5,Pass,Low Risk,50-75%
S15613,66.67,Medium (50-75%),2.0,Pass,Low Risk,50-75%
S15614,66.67,Medium (50-75%),2.3333333333333335,Pass,Low Risk,50-75%
S15615,0.0,Low (<50%),2.25,Pass,High Risk,
S15616,100.0,High (>75%),2.25,Pass,Low Risk,75-100%
S15617,100.0,High (>75%),2.5,Pass,Low Risk,75-100%
S15618,42.86,Low (<50%),0.0,Fail,High Risk,25-50%
S15619,100.0,High (>75%),2.0,Pass,Low Risk,75-100%
S15620,62.5,Medium (50-75%),4.0,Distinction,Low Risk,50-75%
S15621,80.0,High (>75%),2.0,Pass,Low Risk,75-100%
S15622,100.0,High (>75%),1.4,Fail,High Risk,75-100%
S15623,71.43,Medium (50-75%),1.75,Pass,Low Risk,50-75%
S15625,100.0,High (>75%),2.75,Pass,Low Risk,75-100%
S15626,100.0,High (>75%),2.0,Pass,Low Risk,75-100%
S15627,100.0,High (>75%),1.75,Pass,Low Risk,75-100%
S15628,83.33,High (>75%),1.0,Fail,High Risk,75-100%
S15629,25.0,Low (<50%),1.5,Fail,High Risk,0-25%
S15630,100.0,High (>75%),1.3333333333333333,Fail,High Risk,75-100%
S15631,100.0,High (>75%),2.0,Pass,Low Risk,75-100%
S15632,100.0,High (>75%),2.2,Pass,Low Risk,75-100%
S15633,50.0,Medium (50-75%),1.6666666666666667,Pass,Low Risk,25-50%
S15634,100.0,High (>75%),4.0,Distinction,Low Risk,75-100%
S15635,100.0,High (>75%),4.0,Distinction,Low Risk,75-100%
S15636,100.0,High (>75%),3.0,Distinction,Low Risk,75-100%
S15637,50.0,Medium (50-75%),1.0,Fail,High Risk,25-50%
S15638,75.0,High (>75%),2.3333333333333335,Pass,Low Risk,50-75%
S15639,0.0,Low (<50%),1.0,Fail,High Risk,
S15641,0.0,Low (<50%),0.5,Fail,High Risk,
S15642,42.86,Low (<50%),2.3333333333333335,Pass,High Risk,25-50%
S15643,0.0,Low (<50%),2.3333333333333335,Pass,High Risk,
S15644,100.0,High (>75%),2.6666666666666665,Pass,Low Risk,75-100%
S15645,100.0,High (>75%),3.0,Distinction,Low Risk,75-100%
S15646,100.0,High (>75%),1.5,Fail,Low Risk,75-100%
S15647,50.0,Medium (50-75%),2.0,Pass,Low Risk,25-50%
S15648,100.0,High (>75%),2.142857142857143,Pass,Low Risk,75-100%
S15649,100.0,High (>75%),2.0,Pass,Low Risk,75-100%
S15650,80.0,High (>75%),1.5714285714285714,Fail,Low Risk,75-100%
S15651,75.0,High (>75%),2.25,Pass,Low Risk,50-75%
S15652,100.0,High (>75%),1.0,Fail,High Risk,75-100%
S15653,100.0,High (>75%),1.0,Fail,High Risk,75-100%
S15654,100.0,High (>75%),3.5,Distinction,Low Risk,75-100%
S15655,100.0,High (>75%),3.0,Distinction,Low Risk,75-100%
S15656,66.67,Medium (50-75%),2.0,Pass,Low Risk,50-75%
S15657,100.0,High (>75%),0.0,Fail,High Risk,75-100%
S15658,100.0,High (>75%),3.0,Distinction,Low Risk,75-100%
S15659,50.0,Medium (50-75%),3.0,Distinction,Low Risk,25-50%
S15660,100.0,High (>75%),2.0,Pass,Low Risk,75-100%
S15661,80.0,High (>75%),1.25,Fail,High Risk,75-100%
S15662,100.0,High (>75%),0.3333333333333333,Fail,High Risk,75-100%
S15663,80.0,High (>75%),2.5,Pass,Low Risk,75-100%
S15664,75.0,High (>75%),1.5555555555555556,Fail,Low Risk,50-75%
S15665,100.0,High (>75%),2.5,Pass,Low Risk,75-100%
S15666,66.67,Medium (50-75%),1.0,Fail,High Risk,50-75%
S15667,40.0,Low (<50%),2.0,Pass,High Risk,25-50%
S15668,50.0,Medium (50-75%),4.0,Distinction,Low Risk,25-50%
S15669,0.0,Low (<50%),2.8,Pass,High Risk,
S15670,100.0,High (>75%),2.5,Pass,Low Risk,75-100%
S15671,100.0,High (>75%),2.0,Pass,Low Risk,75-100%
S15672,100.0,High (>75%),1.0,Fail,High Risk,75-100%
S15673,50.0,Medium (50-75%),2.142857142857143,Pass,Low Risk,25-50%
S15674,50.0,Medium (50-75%),2.5714285714285716,Pass,Low Risk,25-50%
S15675,100.0,High (>75%),2.0,Pass,Low Risk,75-100%
S15676,50.0,Medium (50-75%),1.0,Fail,High Risk,25-50%
S15677,50.0,Medium (50-75%),2.4,Pass,Low Risk,25-50%
S15678,100.0,High (>75%),2.3333333333333335,Pass,Low Risk,75-100%
S15679,40.0,Low (<50%),1.0,Fail,High Risk,25-50%
S15680,80.0,High (>75%),1.0,Fail,High Risk,75-100%
S15681,50.0,Medium (50-75%),0.0,Fail,High Risk,25-50%
S15682,100.0,High (>75%),1.3333333333333333,Fail,High Risk,75-100%
S15683,75.0,High (>75%),2.4,Pass,Low Risk,50-75%
S15684,66.67,Medium (50-75%),1.6666666666666667,Pass,Low Risk,50-75%
S15685,100.0,High (>75%),1.6,Pass,Low Risk,75-100%
S15686,0.0,Low (<50%),2.0,Pass,High Risk,
S15687,0.0,Low (<50%),1.5,Fail,High Risk,
S15688,66.67,Medium (50-75%),2.0,Pass,Low Risk,50-75%
S15689,25.0,Low (<50%),1.6666666666666667,Pass,High Risk,0-25%
S15690,0.0,Low (<50%),2.3333333333333335,Pass,High Risk,
S15691,100.0,High (>75%),3.0,Distinction,Low Risk,75-100%
S15692,50.0,Medium (50-75%),1.0,Fail,High Risk,25-50%
S15693,100.0,High (>75%),2.6,Pass,Low Risk,75-100%
S15694,75.0,High (>75%),4.0,Distinction,Low Risk,50-75%
S15695,0.0,Low (<50%),2.0,Pass,High Risk,
S15697,100.0,High (>75%),1.6666666666666667,Pass,Low Risk,75-100%
S15698,71.43,Medium (50-75%),2.0,Pass,Low Risk,50-75%
S15699,100.0,High (>75%),1.7142857142857142,Pass,Low Risk,75-100%
S15700,50.0,Medium (50-75%),2.1666666666666665,Pass,Low Risk,25-50%
S15701,50.0,Medium (50-75%),1.75,Pass,Low Risk,25-50%
S15702,0.0,Low (<50%),2.6666666666666665,Pass,High Risk,
S15703,100.0,High (>75%),3.25,Distinction,Low Risk,75-100%
S15704,50.0,Medium (50-75%),1.0,Fail,High Risk,25-50%
S15705,100.0,High (>75%),1.25,Fail,High Risk,75-100%
S15706,60.0,Medium (50-75%),1.0,Fail,High Risk,50-75%
S15707,60.0,Medium (50-75%),2.3333333333333335,Pass,Low Risk,50-75%
S15708,75.0,High (>75%),1.6666666666666667,Pass,Low Risk,50-75%
S15709,33.33,Low (<50%),3.0,Distinction,High Risk,25-50%
S15711,60.0,Medium (50-75%),2.25,Pass,Low Risk,50-75%
S15712,100.0,High (>75%),2.5,Pass,Low Risk,75-100%
S15713,66.67,Medium (50-75%),1.5,Fail,Low Risk,50-75%
S15714,50.0,Medium (50-75%),3.0,Distinction,Low Risk,25-50%
S15715,50.0,Medium (50-75%),4.0,Distinction,Low Risk,25-50%
S15716,20.0,Low (<50%),3.0,Distinction,High Risk,0-25%
S15717,0.0,Low (<50%),2.0,Pass,High Risk,
S15718,60.0,Medium (50-75%),1.0,Fail,High Risk,50-75%
S15719,100.0,High (>75%),2.0,Pass,Low Risk,75-100%
S15721,50.0,Medium (50-75%),1.5,Fail,Low Risk,25-50%
S15722,16.67,Low (<50%),2.0,Pass,High Risk,0-25%
S15723,75.0,High (>75%),2.0,Pass,Low Risk,50-75%
S15724,100.0,High (>75%),2.3333333333333335,Pass,Low Risk,75-100%
S15725,80.0,High (>75%),1.8,Pass,Low Risk,75-100%
S15726,0.0,Low (<50%),1.6666666666666667,Pass,High Risk,
S15727,100.0,High (>75%),1.0,Fail,High Risk,75-100%
S15728,60.0,Medium (50-75%),2.3333333333333335,Pass,Low Risk,50-75%
S15729,100.0,High (>75%),1.0,Fail,High Risk,75-100%
S15730,100.0,High (>75%),1.6666666666666667,Pass,Low Risk,75-100%
S15731,33.33,Low (<50%),0.6,Fail,High Risk,25-50%
S15732,100.0,High (>75%),2.6666666666666665,Pass,Low Risk,75-100%
S15733,0.0,Low (<50%),4.0,Distinction,High Risk,
S15734,75.0,High (>75%),2.6,Pass,Low Risk,50-75%
S15735,100.0,High (>75%),2.0,Pass,Low Risk,75-100%
S15737,75.0,High (>75%),2.0,Pass,Low Risk,50-75%
S15739,100.0,High (>75%),1.0,Fail,High Risk,75-100%
S15740,100.0,High (>75%),1.5,Fail,Low Risk,75-100%
S15741,50.0,Medium (50-75%),1.25,Fail,High Risk,25-50%
S15742,100.0,High (>75%),2.0,Pass,Low Risk,75-100%
S15743,60.0,Medium (50-75%),4.0,Distinction,Low Risk,50-75%
S15744,0.0,Low (<50%),1.8,Pass,High Risk,
S15745,75.0,High (>75%),1.0,Fail,High Risk,50-75%
S15746,100.0,High (>75%),1.6666666666666667,Pass,Low Risk,75-100%
S15747,100.0,High (>75%),2.0,Pass,Low Risk,75-100%
S15748,100.0,High (>75%),1.0,Fail,High Risk,75-100%
S15749,25.0,Low (<50%),2.0,Pass,High Risk,0-25%
S15750,66.67,Medium (50-75%),2.1666666666666665,Pass,Low Risk,50-75%
S15751,80.0,High (>75%),1.75,Pass,Low Risk,75-100%
S15752,50.0,Medium (50-75%),2.5,Pass,Low Risk,25-50%
S15753,25.0,Low (<50%),1.8571428571428572,Pass,High Risk,0-25%
S15754,66.67,Medium (50-75%),2.0,Pass,Low Risk,50-75%
S15755,100.0,High (>75%),2.0,Pass,Low Risk,75-100%
S15756,100.0,High (>75%),4.0,Distinction,Low Risk,75-100%
S15757,75.0,High (>75%),1.75,Pass,Low Risk,50-75%
S15758,33.33,Low (<50%),4.0,Distinction,High Risk,25-50%
S15759,50.0,Medium (50-75%),2.0,Pass,Low Risk,25-50%
S15760,75.0,High (>75%),1.75,Pass,Low Risk,50-75%
S15761,75.0,High (>75%),2.0,Pass,Low Risk,50-75%
S15762,100.0,High (>75%),2.3333333333333335,Pass,Low Risk,75-100%
S15764,80.0,High (>75%),2.6666666666666665,Pass,Low Risk,75-100%
S15765,100.0,High (>75%),1.4,Fail,High Risk,75-100%
S15766,100.0,High (>75%),2.0,Pass,Low Risk,75-100%
S15768,66.67,Medium (50-75%),2.3333333333333335,Pass,Low Risk,50-75%
S15769,66.67,Medium (50-75%),1.4,Fail,High Risk,50-75%
S15770,50.0,Medium (50-75%),3.6666666666666665,Distinction,Low Risk,25-50%
S15771,33.33,Low (<50%),0.0,Fail,High Risk,25-50%
S15772,50.0,Medium (50-75%),1.6,Pass,Low Risk,25-50%
S15773,50.0,Medium (50-75%),1.0,Fail,High Risk,25-50%
S15774,80.0,High (>75%),2.6,Pass,Low Risk,75-100%
S15775,50.0,Medium (50-75%),0.6666666666666666,Fail,High Risk,25-50%
S15776,33.33,Low (<50%),1.3333333333333333,Fail,High Risk,25-50%
S15777,100.0,High (>75%),4.0,Distinction,Low Risk,75-100%
S15778,100.0,High (>75%),4.0,Distinction,Low Risk,75-100%
S15779,16.67,Low (<50%),2.0,Pass,High Risk,0-25%
S15780,0.0,Low (<50%),2.5,Pass,High Risk,
S15782,33.33,Low (<50%),2.0,Pass,High Risk,25-50%
S15783,75.0,High (>75%),1.5,Fail,Low Risk,50-75%
S15784,50.0,Medium (50-75%),1.6666666666666667,Pass,Low Risk,25-50%
S15785,75.0,High (>75%),3.0,Distinction,Low Risk,50-75%
S15786,66.67,Medium (50-75%),2.8,Pass,Low Risk,50-75%
S15787,100.0,High (>75%),1.0,Fail,High Risk,75-100%
S15788,100.0,High (>75%),1.0,Fail,High Risk,75-100%
S15789,100.0,High (>75%),1.0,Fail,High Risk,75-100%
S15790,80.0,High (>75%),2.0,Pass,Low Risk,75-100%
S15791,100.0,High (>75%),2.2,Pass,Low Risk,75-100%
S15792,80.0,High (>75%),1.8,Pass,Low Risk,75-100%
S15793,50.0,Medium (50-75%),2.0,Pass,Low Risk,25-50%
S15794,66.67,Medium (50-75%),2.0,Pass,Low Risk,50-75%
S15795,100.0,High (>75%),2.0,Pass,Low Risk,75-100%
S15796,50.0,Medium (50-75%),2.0,Pass,Low Risk,25-50%
S15797,50.0,Medium (50-75%),2.0,Pass,Low Risk,25-50%
S15798,50.0,Medium (50-75%),3.0,Distinction,Low Risk,25-50%
S15799,100.0,High (>75%),3.0,Distinction,Low Risk,75-100%
S15800,60.0,Medium (50-75%),2.142857142857143,Pass,Low Risk,50-75%
S15801,66.67,Medium (50-75%),3.0,Distinction,Low Risk,50-75%
S15802,87.5,High (>75%),1.5,Fail,Low Risk,75-100%
S15803,0.0,Low (<50%),0.0,Fail,High Risk,
S15804,83.33,High (>75%),1.6666666666666667,Pass,Low Risk,75-100%
S15805,33.33,Low (<50%),0.0,Fail,High Risk,25-50%
S15807,0.0,Low (<50%),0.5,Fail,High Risk,
S15808,57.14,Medium (50-75%),1.8888888888888888,Pass,Low Risk,50-75%
S15809,100.0,High (>75%),0.0,Fail,High Risk,75-100%
S15810,75.0,High (>75%),3.5,Distinction,Low Risk,50-75%
S15811,66.67,Medium (50-75%),2.0,Pass,Low Risk,50-75%
S15812,85.71,High (>75%),1.5,Fail,Low Risk,75-100%
S15813,80.0,High (>75%),3.0,Distinction,Low Risk,75-100%
S15814,0.0,Low (<50%),2.6,Pass,High Risk,
S15815,100.0,High (>75%),3.0,Distinction,Low Risk,75-100%
S15816,75.0,High (>75%),1.6666666666666667,Pass,Low Risk,50-75%
S15817,50.0,Medium (50-75%),0.0,Fail,High Risk,25-50%
S15818,50.0,Medium (50-75%),2.2,Pass,Low Risk,25-50%
S15819,80.0,High (>75%),1.3333333333333333,Fail,High Risk,75-100%
S15820,100.0,High (>75%),1.5,Fail,Low Risk,75-100%
S15821,100.0,High (>75%),1.3333333333333333,Fail,High Risk,75-100%
S15822,100.0,High (>75%),2.0,Pass,Low Risk,75-100%
S15823,75.0,High (>75%),1.0,Fail,High Risk,50-75%
S15824,80.0,High (>75%),2.6,Pass,Low Risk,75-100%
S15825,50.0,Medium (50-75%),0.8333333333333334,Fail,High Risk,25-50%
S15826,100.0,High (>75%),0.0,Fail,High Risk,75-100%
S15827,0.0,Low (<50%),2.5,Pass,High Risk,
S15828,80.0,High (>75%),1.4,Fail,High Risk,75-100%
S15829,50.0,Medium (50-75%),2.6666666666666665,Pass,Low Risk,25-50%
S15830,100.0,High (>75%),1.8,Pass,Low Risk,75-100%
S15831,50.0,Medium (50-75%),1.0,Fail,High Risk,25-50%
S15832,50.0,Medium (50-75%),1.3333333333333333,Fail,High Risk,25-50%
S15833,100.0,High (>75%),0.0,Fail,High Risk,75-100%
S15834,0.0,Low (<50%),2.0,Pass,High Risk,
S15835,0.0,Low (<50%),3.3333333333333335,Distinction,High Risk,
S15836,50.0,Medium (50-75%),4.0,Distinction,Low Risk,25-50%
S15837,0.0,Low (<50%),3.2,Distinction,High Risk,
S15838,66.67,Medium (50-75%),2.0,Pass,Low Risk,50-75%
S15839,25.0,Low (<50%),0.5,Fail,High Risk,0-25%
S15840,71.43,Medium (50-75%),1.0,Fail,High Risk,50-75%
S15841,0.0,Low (<50%),2.5,Pass,High Risk,
S15842,25.0,Low (<50%),4.0,Distinction,High Risk,0-25%
S15843,100.0,High (>75%),1.3333333333333333,Fail,High Risk,75-100%
S15844,87.5,High (>75%),0.6666666666666666,Fail,High Risk,75-100%
S15845,100.0,High (>75%),1.5,Fail,Low Risk,75-100%
S15846,100.0,High (>75%),2.5,Pass,Low Risk,75-100%
S15847,60.0,Medium (50-75%),2.0,Pass,Low Risk,50-75%
S15848,40.0,Low (<50%),2.0,Pass,High Risk,25-50%
S15849,0.0,Low (<50%),2.0,Pass,High Risk,
S15850,66.67,Medium (50-75%),0.8333333333333334,Fail,High Risk,50-75%
S15851,50.0,Medium (50-75%),2.0,Pass,Low Risk,25-50%
S15852,100.0,High (>75%),1.0,Fail,High Risk,75-100%
S15853,0.0,Low (<50%),1.5,Fail,High Risk,
S15854,66.67,Medium (50-75%),3.142857142857143,Distinction,Low Risk,50-75%
S15855,33.33,Low (<50%),3.5,Distinction,High Risk,25-50%
S15856,100.0,High (>75%),2.4,Pass,Low Risk,75-100%
S15857,33.33,Low (<50%),2.0,Pass,High Risk,25-50%
S15858,75.0,High (>75%),1.5,Fail,Low Risk,50-75%
S15859,66.67,Medium (50-75%),1.5714285714285714,Fail,Low Risk,50-75%
S15860,100.0,High (>75%),3.5,Distinction,Low Risk,75-100%
S15861,66.67,Medium (50-75%),2.5,Pass,Low Risk,50-75%
S15862,0.0,Low (<50%),3.0,Distinction,High Risk,
S15863,25.0,Low (<50%),1.0,Fail,High Risk,0-25%
S15864,100.0,High (>75%),2.25,Pass,Low Risk,75-100%
S15865,75.0,High (>75%),1.0,Fail,High Risk,50-75%
S15866,0.0,Low (<50%),1.3333333333333333,Fail,High Risk,
S15867,100.0,High (>75%),2.5,Pass,Low Risk,75-100%
S15868,100.0,High (>75%),1.4,Fail,High Risk,75-100%
S15869,100.0,High (>75%),1.6,Pass,Low Risk,75-100%
S15870,33.33,Low (<50%),2.25,Pass,High Risk,25-50%
S15871,100.0,High (>75%),2.1666666666666665,Pass,Low Risk,75-100%
S15872,71.43,Medium (50-75%),2.0,Pass,Low Risk,50-75%
S15873,50.0,Medium (50-75%),1.0,Fail,High Risk,25-50%
S15874,50.0,Medium (50-75%),3.0,Distinction,Low Risk,25-50%
S15875,75.0,High (>75%),2.0,Pass,Low Risk,50-75%
S15876,75.0,High (>75%),2.0,Pass,Low Risk,50-75%
S15877,50.0,Medium (50-75%),3.2,Distinction,Low Risk,25-50%
S15878,50.0,Medium (50-75%),3.5,Distinction,Low Risk,25-50%
S15879,100.0,High (>75%),2.4,Pass,Low Risk,75-100%
S15880,66.67,Medium (50-75%),3.0,Distinction,Low Risk,50-75%
S15881,66.67,Medium (50-75%),1.6666666666666667,Pass,Low Risk,50-75%
S15882,100.0,High (>75%),2.0,Pass,Low Risk,75-100%
S15883,50.0,Medium (50-75%),2.5,Pass,Low Risk,25-50%
S15884,66.67,Medium (50-75%),1.5714285714285714,Fail,Low Risk,50-75%
S15885,75.0,High (>75%),1.0,Fail,High Risk,50-75%
S15887,100.0,High (>75%),2.4,Pass,Low Risk,75-100%
S15888,60.0,Medium (50-75%),3.5,Distinction,Low Risk,50-75%
S15889,66.67,Medium (50-75%),1.3333333333333333,Fail,High Risk,50-75%
S15890,100.0,High (>75%),3.0,Distinction,Low Risk,75-100%
S15891,0.0,Low (<50%),1.6,Pass,High Risk,
S15892,100.0,High (>75%),1.5,Fail,Low Risk,75-100%
S15894,50.0,Medium (50-75%),1.6666666666666667,Pass,Low Risk,25-50%
S15895,50.0,Medium (50-75%),1.0,Fail,High Risk,25-50%
S15896,75.0,High (>75%),2.857142857142857,Pass,Low Risk,50-75%
S15897,40.0,Low (<50%),1.5,Fail,High Risk,25-50%
S15898,100.0,High (>75%),2.0,Pass,Low Risk,75-100%
S15899,75.0,High (>75%),2.4,Pass,Low Risk,50-75%
S15900,75.0,High (>75%),1.6,Pass,Low Risk,50-75%
S15901,50.0,Medium (50-75%),1.6666666666666667,Pass,Low Risk,25-50%
S15902,100.0,High (>75%),0.0,Fail,High Risk,75-100%
S15903,50.0,Medium (50-75%),4.0,Distinction,Low Risk,25-50%
S15904,60.0,Medium (50-75%),1.6,Pass,Low Risk,50-75%
S15905,25.0,Low (<50%),0.75,Fail,High Risk,0-25%
S15906,100.0,High (>75%),1.0,Fail,High Risk,75-100%
S15907,66.67,Medium (50-75%),2.5,Pass,Low Risk,50-75%
S15908,83.33,High (>75%),0.8,Fail,High Risk,75-100%
S15909,100.0,High (>75%),0.5,Fail,High Risk,75-100%
S15910,33.33,Low (<50%),3.0,Distinction,High Risk,25-50%
S15911,66.67,Medium (50-75%),2.0,Pass,Low Risk,50-75%
S15912,66.67,Medium (50-75%),1.75,Pass,Low Risk,50-75%
S15913,50.0,Medium (50-75%),3.0,Distinction,Low Risk,25-50%
S15914,100.0,High (>75%),1.5,Fail,Low Risk,75-100%
S15915,0.0,Low (<50%),1.0,Fail,High Risk,
S15917,66.67,Medium (50-75%),1.75,Pass,Low Risk,50-75%
S15918,100.0,High (>75%),1.75,Pass,Low Risk,75-100%
S15919,33.33,Low (<50%),1.8333333333333333,Pass,High Risk,25-50%
S15920,100.0,High (>75%),2.5,Pass,Low Risk,75-100%
S15921,100.0,High (>75%),1.25,Fail,High Risk,75-100%
S15922,60.0,Medium (50-75%),2.5555555555555554,Pass,Low Risk,50-75%
S15923,33.33,Low (<50%),2.4,Pass,High Risk,25-50%
S15924,50.0,Medium (50-75%),1.5,Fail,Low Risk,25-50%
S15925,0.0,Low (<50%),2.8,Pass,High Risk,
S15926,66.67,Medium (50-75%),1.8333333333333333,Pass,Low Risk,50-75%
S15927,100.0,High (>75%),0.0,Fail,High Risk,75-100%
S15928,0.0,Low (<50%),1.75,Pass,High Risk,
S15929,50.0,Medium (50-75%),2.0,Pass,Low Risk,25-50%
S15930,40.0,Low (<50%),3.0,Distinction,High Risk,25-50%
S15931,20.0,Low (<50%),1.0,Fail,High Risk,0-25%
S15932,100.0,High (>75%),1.0,Fail,High Risk,75-100%
S15933,33.33,Low (<50%),2.75,Pass,High Risk,25-50%
S15934,100.0,High (>75%),1.0,Fail,High Risk,75-100%
S15935,0.0,Low (<50%),1.0,Fail,High Risk,
S15936,100.0,High (>75%),1.6666666666666667,Pass,Low Risk,75-100%
S15937,100.0,High (>75%),1.5,Fail,Low Risk,75-100%
S15938,60.0,Medium (50-75%),2.0,Pass,Low Risk,50-75%
S15939,66.67,Medium (50-75%),1.3333333333333333,Fail,High Risk,50-75%
S15940,66.67,Medium (50-75%),2.4,Pass,Low Risk,50-75%
S15941,100.0,High (>75%),2.5,Pass,Low Risk,75-100%
S15942,50.0,Medium (50-75%),1.3333333333333333,Fail,High Risk,25-50%
S15943,33.33,Low (<50%),1.6666666666666667,Pass,High Risk,25-50%
S15944,100.0,High (>75%),2.75,Pass,Low Risk,75-100%
S15945,66.67,Medium (50-75%),0.75,Fail,High Risk,50-75%
S15946,40.0,Low (<50%),1.6666666666666667,Pass,High Risk,25-50%
S15947,100.0,High (>75%),2.0,Pass,Low Risk,75-100%
S15948,50.0,Medium (50-75%),0.5,Fail,High Risk,25-50%
S15949,75.0,High (>75%),1.0,Fail,High Risk,50-75%
S15950,66.67,Medium (50-75%),0.8,Fail,High Risk,50-75%
S15951,100.0,High (>75%),2.6666666666666665,Pass,Low Risk,75-100%
S15952,57.14,Medium (50-75%),4.0,Distinction,Low Risk,50-75%
S15953,75.0,High (>75%),2.0,Pass,Low Risk,50-75%
S15954,100.0,High (>75%),2.5,Pass,Low Risk,75-100%
S15955,40.0,Low (<50%),1.8571428571428572,Pass,High Risk,25-50%
S15956,50.0,Medium (50-75%),1.8,Pass,Low Risk,25-50%
S15958,66.67,Medium (50-75%),1.3333333333333333,Fail,High Risk,50-75%
S15959,100.0,High (>75%),1.5,Fail,Low Risk,75-100%
S15960,0.0,Low (<50%),2.142857142857143,Pass,High Risk,
S15961,33.33,Low (<50%),1.6,Pass,High Risk,25-50%
S15962,50.0,Medium (50-75%),1.3333333333333333,Fail,High Risk,25-50%
S15963,60.0,Medium (50-75%),2.5,Pass,Low Risk,50-75%
S15964,100.0,High (>75%),2.8333333333333335,Pass,Low Risk,75-100%
S15965,0.0,Low (<50%),2.25,Pass,High Risk,
S15966,50.0,Medium (50-75%),1.3333333333333333,Fail,High Risk,25-50%
S15967,75.0,High (>75%),2.6666666666666665,Pass,Low Risk,50-75%
S15968,75.0,High (>75%),2.5,Pass,Low Risk,50-75%
S15969,50.0,Medium (50-75%),1.25,Fail,High Risk,25-50%
S15970,50.0,Medium (50-75%),1.3333333333333333,Fail,High Risk,25-50%
S15971,66.67,Medium (50-75%),1.0,Fail,High Risk,50-75%
S15972,100.0,High (>75%),3.0,Distinction,Low Risk,75-100%
S15973,100.0,High (>75%),3.0,Distinction,Low Risk,75-100%
S15974,33.33,Low (<50%),1.75,Pass,High Risk,25-50%
S15975,80.0,High (>75%),3.0,Distinction,Low Risk,75-100%
S15976,100.0,High (>75%),3.0,Distinction,Low Risk,75-100%
S15977,71.43,Medium (50-75%),2.3333333333333335,Pass,Low Risk,50-75%
S15978,50.0,Medium (50-75%),2.8,Pass,Low Risk,25-50%
S15979,66.67,Medium (50-75%),2.4285714285714284,Pass,Low Risk,50-75%
S15980,100.0,High (>75%),4.0,Distinction,Low Risk,75-100%
S15981,100.0,High (>75%),2.1666666666666665,Pass,Low Risk,75-100%
S15982,50.0,Medium (50-75%),3.0,Distinction,Low Risk,25-50%
S15983,80.0,High (>75%),1.75,Pass,Low Risk,75-100%
S15984,0.0,Low (<50%),1.75,Pass,High Risk,
S15985,0.0,Low (<50%),1.25,Fail,High Risk,
S15986,50.0,Medium (50-75%),1.0,Fail,High Risk,25-50%
S15987,75.0,High (>75%),0.8,Fail,High Risk,50-75%
S15988,66.67,Medium (50-75%),2.0,Pass,Low Risk,50-75%
S15989,50.0,Medium (50-75%),2.0,Pass,Low Risk,25-50%
S15990,66.67,Medium (50-75%),2.25,Pass,Low Risk,50-75%
S15991,50.0,Medium (50-75%),1.0,Fail,High Risk,25-50%
S15992,50.0,Medium (50-75%),2.8,Pass,Low Risk,25-50%
S15993,100.0,High (>75%),2.1666666666666665,Pass,Low Risk,75-100%
S15994,100.0,High (>75%),0.6,Fail,High Risk,75-100%
S15995,0.0,Low (<50%),2.0,Pass,High Risk,
S15996,0.0,Low (<50%),1.0,Fail,High Risk,
S15997,100.0,High (>75%),3.0,Distinction,Low Risk,75-100%
S15998,100.0,High (>75%),3.0,Distinction,Low Risk,75-100%
S16000,66.67,Medium (50-75%),2.1666666666666665,Pass,Low Risk,50-75%
S16001,66.67,Medium (50-75%),1.7142857142857142,Pass,Low Risk,50-75%
S16002,50.0,Medium (50-75%),3.8,Distinction,Low Risk,25-50%
S16003,50.0,Medium (50-75%),2.0,Pass,Low Risk,25-50%
S16004,50.0,Medium (50-75%),1.6666666666666667,Pass,Low Risk,25-50%
S16005,33.33,Low (<50%),2.0,Pass,High Risk,25-50%
S16006,100.0,High (>75%),3.0,Distinction,Low Risk,75-100%
S16007,50.0,Medium (50-75%),3.3333333333333335,Distinction,Low Risk,25-50%
S16008,100.0,High (>75%),2.5,Pass,Low Risk,75-100%
S16009,60.0,Medium (50-75%),3.0,Distinction,Low Risk,50-75%
S16010,66.67,Medium (50-75%),2.0,Pass,Low Risk,50-75%
S16011,100.0,High (>75%),2.0,Pass,Low Risk,75-100%
S16012,100.0,High (>75%),1.0,Fail,High Risk,75-100%
S16013,50.0,Medium (50-75%),2.3333333333333335,Pass,Low Risk,25-50%
S16014,25.0,Low (<50%),3.5,Distinction,High Risk,0-25%
S16015,50.0,Medium (50-75%),2.4,Pass,Low Risk,25-50%
S16016,33.33,Low (<50%),2.0,Pass,High Risk,25-50%
S16017,100.0,High (>75%),1.5,Fail,Low Risk,75-100%
S16018,66.67,Medium (50-75%),1.3333333333333333,Fail,High Risk,50-75%
S16019,100.0,High (>75%),0.0,Fail,High Risk,75-100%
S16020,100.0,High (>75%),2.0,Pass,Low Risk,75-100%
S16021,100.0,High (>75%),2.0,Pass,Low Risk,75-100%
S16022,66.67,Medium (50-75%),1.8333333333333333,Pass,Low Risk,50-75%
S16023,33.33,Low (<50%),3.2,Distinction,High Risk,25-50%
S16024,100.0,High (>75%),2.0,Pass,Low Risk,75-100%
S16025,75.0,High (>75%),1.5,Fail,Low Risk,50-75%
S16026,0.0,Low (<50%),3.3333333333333335,Distinction,High Risk,
S16029,33.33,Low (<50%),1.6,Pass,High Risk,25-50%
S16030,100.0,High (>75%),2.0,Pass,Low Risk,75-100%
S16031,25.0,Low (<50%),2.0,Pass,High Risk,0-25%
S16032,100.0,High (>75%),0.5,Fail,High Risk,75-100%
S16033,33.33,Low (<50%),3.0,Distinction,High Risk,25-50%
S16034,100.0,High (>75%),1.5,Fail,Low Risk,75-100%
S16036,33.33,Low (<50%),2.4,Pass,High Risk,25-50%
S16038,100.0,High (>75%),2.75,Pass,Low Risk,75-100%
S16039,50.0,Medium (50-75%),2.75,Pass,Low Risk,25-50%
S16040,50.0,Medium (50-75%),3.5,Distinction,Low Risk,25-50%
S16041,100.0,High (>75%),2.0,Pass,Low Risk,75-100%
S16042,33.33,Low (<50%),0.5,Fail,High Risk,25-50%
S16043,42.86,Low (<50%),1.0,Fail,High Risk,25-50%
S16044,100.0,High (>75%),2.0,Pass,Low Risk,75-100%
S16045,50.0,Medium (50-75%),1.8,Pass,Low Risk,25-50%
S16046,75.0,High (>75%),1.5,Fail,Low Risk,50-75%
S16047,50.0,Medium (50-75%),2.0,Pass,Low Risk,25-50%
S16048,100.0,High (>75%),1.6666666666666667,Pass,Low Risk,75-100%
S16049,33.33,Low (<50%),1.8,Pass,High Risk,25-50%
S16050,50.0,Medium (50-75%),2.0,Pass,Low Risk,25-50%
S16051,100.0,High (>75%),2.5,Pass,Low Risk,75-100%
S16052,100.0,High (>75%),1.5,Fail,Low Risk,75-100%
S16053,50.0,Medium (50-75%),2.5,Pass,Low Risk,25-50%
S16054,66.67,Medium (50-75%),2.6666666666666665,Pass,Low Risk,50-75%
S16055,0.0,Low (<50%),2.0,Pass,High Risk,
S16056,33.33,Low (<50%),1.5,Fail,High Risk,25-50%
S16057,50.0,Medium (50-75%),3.0,Distinction,Low Risk,25-50%
S16058,66.67,Medium (50-75%),1.0,Fail,High Risk,50-75%
S16059,100.0,High (>75%),2.25,Pass,Low Risk,75-100%
S16060,100.0,High (>75%),1.6,Pass,Low Risk,75-100%
S16061,0.0,Low (<50%),2.2,Pass,High Risk,
S16062,75.0,High (>75%),1.6666666666666667,Pass,Low Risk,50-75%
S16063,85.71,High (>75%),0.0,Fail,High Risk,75-100%
S16064,100.0,High (>75%),2.0,Pass,Low Risk,75-100%
S16065,66.67,Medium (50-75%),2.3333333333333335,Pass,Low Risk,50-75%
S16066,50.0,Medium (50-75%),2.0,Pass,Low Risk,25-50%
S16067,75.0,High (>75%),2.0,Pass,Low Risk,50-75%
S16068,100.0,High (>75%),3.0,Distinction,Low Risk,75-100%
S16069,100.0,High (>75%),2.1666666666666665,Pass,Low Risk,75-100%
S16070,100.0,High (>75%),1.6666666666666667,Pass,Low Risk,75-100%
S16071,0.0,Low (<50%),1.2,Fail,High Risk,
S16072,50.0,Medium (50-75%),0.8571428571428571,Fail,High Risk,25-50%
S16073,100.0,High (>75%),2.75,Pass,Low Risk,75-100%
S16074,50.0,Medium (50-75%),1.5,Fail,Low Risk,25-50%
S16075,50.0,Medium (50-75%),1.0,Fail,High Risk,25-50%
S16076,100.0,High (>75%),3.75,Distinction,Low Risk,75-100%
S16077,100.0,High (>75%),3.0,Distinction,Low Risk,75-100%
S16078,100.0,High (>75%),1.6666666666666667,Pass,Low Risk,75-100%
S16079,33.33,Low (<50%),1.0,Fail,High Risk,25-50%
S16080,100.0,High (>75%),2.3333333333333335,Pass,Low Risk,75-100%
S16081,66.67,Medium (50-75%),2.1666666666666665,Pass,Low Risk,50-75%
S16082,66.67,Medium (50-75%),2.25,Pass,Low Risk,50-75%
S16083,40.0,Low (<50%),2.5,Pass,High Risk,25-50%
S16084,100.0,High (>75%),1.4,Fail,High Risk,75-100%
S16085,50.0,Medium (50-75%),3.3333333333333335,Distinction,Low Risk,25-50%
S16086,57.14,Medium (50-75%),2.0,Pass,Low Risk,50-75%
S16087,80.0,High (>75%),2.142857142857143,Pass,Low Risk,75-100%
S16088,66.67,Medium (50-75%),2.0,Pass,Low Risk,50-75%
S16089,57.14,Medium (50-75%),2.1666666666666665,Pass,Low Risk,50-75%
S16090,50.0,Medium (50-75%),3.3333333333333335,Distinction,Low Risk,25-50%
S16091,100.0,High (>75%),2.5,Pass,Low Risk,75-100%
S16092,50.0,Medium (50-75%),2.0,Pass,Low Risk,25-50%
S16093,50.0,Medium (50-75%),4.0,Distinction,Low Risk,25-50%
S16094,100.0,High (>75%),2.0,Pass,Low Risk,75-100%
S16095,57.14,Medium (50-75%),1.5,Fail,Low Risk,50-75%
S16096,83.33,High (>75%),2.6666666666666665,Pass,Low Risk,75-100%
S16098,66.67,Medium (50-75%),0.75,Fail,High Risk,50-75%
S16099,100.0,High (>75%),0.6666666666666666,Fail,High Risk,75-100%
S16100,100.0,High (>75%),2.8,Pass,Low Risk,75-100%
S16101,75.0,High (>75%),2.3333333333333335,Pass,Low Risk,50-75%
S16103,75.0,High (>75%),2.0,Pass,Low Risk,50-75%
S16104,0.0,Low (<50%),0.5,Fail,High Risk,
S16105,50.0,Medium (50-75%),2.75,Pass,Low Risk,25-50%
S16106,100.0,High (>75%),1.4444444444444444,Fail,High Risk,75-100%
S16107,25.0,Low (<50%),2.0,Pass,High Risk,0-25%
S16108,100.0,High (>75%),2.0,Pass,Low Risk,75-100%
S16109,75.0,High (>75%),3.3333333333333335,Distinction,Low Risk,50-75%
S16110,33.33,Low (<50%),2.0,Pass,High Risk,25-50%
S16111,55.56,Medium (50-75%),2.3333333333333335,Pass,Low Risk,50-75%
S16112,50.0,Medium (50-75%),3.0,Distinction,Low Risk,25-50%
S16113,66.67,Medium (50-75%),2.0,Pass,Low Risk,50-75%
S16114,0.0,Low (<50%),1.5,Fail,High Risk,
S16115,100.0,High (>75%),1.5,Fail,Low Risk,75-100%
S16116,100.0,High (>75%),2.6666666666666665,Pass,Low Risk,75-100%
S16117,83.33,High (>75%),2.3333333333333335,Pass,Low Risk,75-100%
S16120,100.0,High (>75%),2.0,Pass,Low Risk,75-100%
S16121,40.0,Low (<50%),2.3333333333333335,Pass,High Risk,25-50%
S16122,83.33,High (>75%),2.25,Pass,Low Risk,75-100%
S16123,0.0,Low (<50%),3.0,Distinction,High Risk,
S16124,100.0,High (>75%),2.6666666666666665,Pass,Low Risk,75-100%
S16125,50.0,Medium (50-75%),2.5,Pass,Low Risk,25-50%
S16126,100.0,High (>75%),3.0,Distinction,Low Risk,75-100%
S16127,100.0,High (>75%),2.4,Pass,Low Risk,75-100%
S16128,100.0,High (>75%),2.5,Pass,Low Risk,75-100%
S16129,100.0,High (>75%),1.8,Pass,Low Risk,75-100%
S16130,60.0,Medium (50-75%),1.25,Fail,High Risk,50-75%
S16131,100.0,High (>75%),1.3333333333333333,Fail,High Risk,75-100%
S16132,100.0,High (>75%),2.5,Pass,Low Risk,75-100%
S16133,66.67,Medium (50-75%),3.0,Distinction,Low Risk,50-75%
S16135,50.0,Medium (50-75%),0.0,Fail,High Risk,25-50%
S16136,100.0,High (>75%),1.75,Pass,Low Risk,75-100%
S16137,80.0,High (>75%),2.0,Pass,Low Risk,75-100%
S16138,80.0,High (>75%),2.5,Pass,Low Risk,75-100%
S16139,25.0,Low (<50%),2.2,Pass,High Risk,0-25%
S16140,80.0,High (>75%),2.0,Pass,Low Risk,75-100%
S16141,75.0,High (>75%),3.0,Distinction,Low Risk,50-75%
S16143,25.0,Low (<50%),2.2,Pass,High Risk,0-25%
S16144,66.67,Medium (50-75%),1.3333333333333333,Fail,High Risk,50-75%
S16145,66.67,Medium (50-75%),1.4285714285714286,Fail,High Risk,50-75%
S16146,100.0,High (>75%),1.0,Fail,High Risk,75-100%
S16147,100.0,High (>75%),1.5,Fail,Low Risk,75-100%
S16148,60.0,Medium (50-75%),2.6666666666666665,Pass,Low Risk,50-75%
S16149,50.0,Medium (50-75%),2.1666666666666665,Pass,Low Risk,25-50%
S16150,75.0,High (>75%),1.8,Pass,Low Risk,50-75%
S16151,50.0,Medium (50-75%),2.0,Pass,Low Risk,25-50%
S16152,50.0,Medium (50-75%),2.0,Pass,Low Risk,25-50%
S16153,0.0,Low (<50%),1.5,Fail,High Risk,
S16155,25.0,Low (<50%),3.2,Distinction,High Risk,0-25%
S16156,100.0,High (>75%),2.5,Pass,Low Risk,75-100%
S16157,0.0,Low (<50%),2.0,Pass,High Risk,
S16158,100.0,High (>75%),2.4,Pass,Low Risk,75-100%
S16159,80.0,High (>75%),2.0,Pass,Low Risk,75-100%
S16160,100.0,High (>75%),1.8333333333333333,Pass,Low Risk,75-100%
S16161,60.0,Medium (50-75%),2.3333333333333335,Pass,Low Risk,50-75%
S16162,66.67,Medium (50-75%),1.0,Fail,High Risk,50-75%
S16163,33.33,Low (<50%),3.0,Distinction,High Risk,25-50%
S16164,0.0,Low (<50%),1.6666666666666667,Pass,High Risk,
S16165,100.0,High (>75%),1.2,Fail,High Risk,75-100%
S16166,100.0,High (>75%),1.0,Fail,High Risk,75-100%
S16167,75.0,High (>75%),1.1818181818181819,Fail,High Risk,50-75%
S16168,33.33,Low (<50%),4.0,Distinction,High Risk,25-50%
S16169,100.0,High (>75%),4.0,Distinction,Low Risk,75-100%
S16170,50.0,Medium (50-75%),1.625,Pass,Low Risk,25-50%
S16171,100.0,High (>75%),1.6666666666666667,Pass,Low Risk,75-100%
S16172,33.33,Low (<50%),2.25,Pass,High Risk,25-50%
S16173,100.0,High (>75%),3.5,Distinction,Low Risk,75-100%
S16174,100.0,High (>75%),3.0,Distinction,Low Risk,75-100%
S16175,100.0,High (>75%),3.0,Distinction,Low Risk,75-100%
S16176,60.0,Medium (50-75%),1.0,Fail,High Risk,50-75%
S16177,100.0,High (>75%),2.2,Pass,Low Risk,75-100%
S16178,100.0,High (>75%),1.0,Fail,High Risk,75-100%
S16179,100.0,High (>75%),2.0,Pass,Low Risk,75-100%
S16180,60.0,Medium (50-75%),1.5,Fail,Low Risk,50-75%
S16181,50.0,Medium (50-75%),2.3333333333333335,Pass,Low Risk,25-50%
S16182,100.0,High (>75%),2.6,Pass,Low Risk,75-100%
S16183,33.33,Low (<50%),0.5,Fail,High Risk,25-50%
S16184,100.0,High (>75%),1.0,Fail,High Risk,75-100%
S16185,100.0,High (>75%),1.3333333333333333,Fail,High Risk,75-100%
S16186,40.0,Low (<50%),4.0,Distinction,High Risk,25-50%
S16187,100.0,High (>75%),1.2,Fail,High Risk,75-100%
S16188,75.0,High (>75%),2.0,Pass,Low Risk,50-75%
S16189,50.0,Medium (50-75%),1.0,Fail,High Risk,25-50%
S16190,100.0,High (>75%),2.0,Pass,Low Risk,75-100%
S16191,66.67,Medium (50-75%),2.5,Pass,Low Risk,50-75%
S16192,40.0,Low (<50%),0.75,Fail,High Risk,25-50%
S16193,60.0,Medium (50-75%),2.6666666666666665,Pass,Low Risk,50-75%
S16194,100.0,High (>75%),2.0,Pass,Low Risk,75-100%
S16196,50.0,Medium (50-75%),2.0,Pass,Low Risk,25-50%
S16197,40.0,Low (<50%),1.875,Pass,High Risk,25-50%
S16198,75.0,High (>75%),2.4444444444444446,Pass,Low Risk,50-75%
S16199,75.0,High (>75%),2.5,Pass,Low Risk,50-75%
S16200,60.0,Medium (50-75%),2.25,Pass,Low Risk,50-75%
S16201,100.0,High (>75%),1.6666666666666667,Pass,Low Risk,75-100%
S16202,75.0,High (>75%),4.0,Distinction,Low Risk,50-75%
S16203,100.0,High (>75%),1.0,Fail,High Risk,75-100%
S16204,75.0,High (>75%),2.0,Pass,Low Risk,50-75%
S16205,75.0,High (>75%),2.0,Pass,Low Risk,50-75%
S16206,100.0,High (>75%),0.5,Fail,High Risk,75-100%
S16207,0.0,Low (<50%),1.5,Fail,High Risk,
S16208,100.0,High (>75%),1.4,Fail,High Risk,75-100%
S16209,66.67,Medium (50-75%),0.0,Fail,High Risk,50-75%
S16210,75.0,High (>75%),1.25,Fail,High Risk,50-75%
S16211,80.0,High (>75%),4.0,Distinction,Low Risk,75-100%
S16212,50.0,Medium (50-75%),2.0,Pass,Low Risk,25-50%
S16213,50.0,Medium (50-75%),3.0,Distinction,Low Risk,25-50%
S16214,66.67,Medium (50-75%),1.6,Pass,Low Risk,50-75%
S16215,80.0,High (>75%),2.0,Pass,Low Risk,75-100%
S16216,100.0,High (>75%),0.6666666666666666,Fail,High Risk,75-100%
S16217,66.67,Medium (50-75%),1.0,Fail,High Risk,50-75%
S16218,33.33,Low (<50%),1.25,Fail,High Risk,25-50%
S16219,100.0,High (>75%),2.0,Pass,Low Risk,75-100%
S16220,100.0,High (>75%),2.0,Pass,Low Risk,75-100%
S16221,50.0,Medium (50-75%),2.0,Pass,Low Risk,25-50%
S16222,100.0,High (>75%),2.8333333333333335,Pass,Low Risk,75-100%
S16223,100.0,High (>75%),2.0,Pass,Low Risk,75-100%
S16224,100.0,High (>75%),1.3333333333333333,Fail,High Risk,75-100%
S16225,50.0,Medium (50-75%),2.0,Pass,Low Risk,25-50%
S16226,100.0,High (>75%),0.0,Fail,High Risk,75-100%
S16227,100.0,High (>75%),2.0,Pass,Low Risk,75-100%
S16228,100.0,High (>75%),1.3333333333333333,Fail,High Risk,75-100%
S16229,100.0,High (>75%),3.0,Distinction,Low Risk,75-100%
S16230,100.0,High (>75%),1.6,Pass,Low Risk,75-100%
S16231,75.0,High (>75%),2.5,Pass,Low Risk,50-75%
S16232,100.0,High (>75%),4.0,Distinction,Low Risk,75-100%
S16233,66.67,Medium (50-75%),1.6666666666666667,Pass,Low Risk,50-75%
S16234,66.67,Medium (50-75%),4.0,Distinction,Low Risk,50-75%
S16235,75.0,High (>75%),3.6666666666666665,Distinction,Low Risk,50-75%
S16237,100.0,High (>75%),2.5,Pass,Low Risk,75-100%
S16238,33.33,Low (<50%),1.6666666666666667,Pass,High Risk,25-50%
S16239,100.0,High (>75%),2.75,Pass,Low Risk,75-100%
S16240,100.0,High (>75%),1.6666666666666667,Pass,Low Risk,75-100%
S16241,100.0,High (>75%),4.0,Distinction,Low Risk,75-100%
S16243,100.0,High (>75%),0.0,Fail,High Risk,75-100%
S16244,100.0,High (>75%),2.0,Pass,Low Risk,75-100%
S16245,50.0,Medium (50-75%),1.6666666666666667,Pass,Low Risk,25-50%
S16246,100.0,High (>75%),0.6666666666666666,Fail,High Risk,75-100%
S16247,100.0,High (>75%),1.25,Fail,High Risk,75-100%
S16248,50.0,Medium (50-75%),2.75,Pass,Low Risk,25-50%
S16249,71.43,Medium (50-75%),1.1666666666666667,Fail,High Risk,50-75%
S16250,66.67,Medium (50-75%),3.0,Distinction,Low Risk,50-75%
S16251,50.0,Medium (50-75%),3.5,Distinction,Low Risk,25-50%
S16252,66.67,Medium (50-75%),1.8,Pass,Low Risk,50-75%
S16253,0.0,Low (<50%),1.3333333333333333,Fail,High Risk,
S16254,0.0,Low (<50%),2.5714285714285716,Pass,High Risk,
S16255,25.0,Low (<50%),1.8571428571428572,Pass,High Risk,0-25%
S16256,100.0,High (>75%),2.3333333333333335,Pass,Low Risk,75-100%
S16257,66.67,Medium (50-75%),3.25,Distinction,Low Risk,50-75%
S16258,100.0,High (>75%),0.8,Fail,High Risk,75-100%
S16259,66.67,Medium (50-75%),0.0,Fail,High Risk,50-75%
S16260,100.0,High (>75%),1.0,Fail,High Risk,75-100%
S16261,50.0,Medium (50-75%),2.3333333333333335,Pass,Low Risk,25-50%
S16262,100.0,High (>75%),1.0,Fail,High Risk,75-100%
S16263,50.0,Medium (50-75%),2.0,Pass,Low Risk,25-50%
S16264,100.0,High (>75%),2.0,Pass,Low Risk,75-100%
S16265,75.0,High (>75%),1.6,Pass,Low Risk,50-75%
S16266,50.0,Medium (50-75%),0.6666666666666666,Fail,High Risk,25-50%
S16267,100.0,High (>75%),2.25,Pass,Low Risk,75-100%
S16268,50.0,Medium (50-75%),1.75,Pass,Low Risk,25-50%
S16269,100.0,High (>75%),3.0,Distinction,Low Risk,75-100%
S16271,50.0,Medium (50-75%),1.0,Fail,High Risk,25-50%
S16272,0.0,Low (<50%),0.0,Fail,High Risk,
S16273,80.0,High (>75%),2.0,Pass,Low Risk,75-100%
S16275,50.0,Medium (50-75%),1.4,Fail,High Risk,25-50%
S16276,100.0,High (>75%),0.6666666666666666,Fail,High Risk,75-100%
S16277,60.0,Medium (50-75%),2.75,Pass,Low Risk,50-75%
S16278,60.0,Medium (50-75%),2.0,Pass,Low Risk,50-75%
S16279,83.33,High (>75%),2.75,Pass,Low Risk,75-100%
S16280,0.0,Low (<50%),2.2,Pass,High Risk,
S16281,50.0,Medium (50-75%),2.5714285714285716,Pass,Low Risk,25-50%
S16282,100.0,High (>75%),2.6666666666666665,Pass,Low Risk,75-100%
S16284,66.67,Medium (50-75%),1.3333333333333333,Fail,High Risk,50-75%
S16285,100.0,High (>75%),1.6666666666666667,Pass,Low Risk,75-100%
S16286,100.0,High (>75%),0.0,Fail,High Risk,75-100%
S16287,100.0,High (>75%),1.0,Fail,High Risk,75-100%
S16288,66.67,Medium (50-75%),2.6,Pass,Low Risk,50-75%
S16289,50.0,Medium (50-75%),1.0,Fail,High Risk,25-50%
S16290,50.0,Medium (50-75%),2.0,Pass,Low Risk,25-50%
S16291,66.67,Medium (50-75%),1.75,Pass,Low Risk,50-75%
S16292,100.0,High (>75%),2.4285714285714284,Pass,Low Risk,75-100%
S16293,100.0,High (>75%),1.25,Fail,High Risk,75-100%
S16295,66.67,Medium (50-75%),3.0,Distinction,Low Risk,50-75%
S16296,60.0,Medium (50-75%),1.0,Fail,High Risk,50-75%
S16297,50.0,Medium (50-75%),4.0,Distinction,Low Risk,25-50%
S16298,50.0,Medium (50-75%),1.3333333333333333,Fail,High Risk,25-50%
S16299,100.0,High (>75%),1.0,Fail,High Risk,75-100%
S16300,100.0,High (>75%),2.8,Pass,Low Risk,75-100%
S16301,80.0,High (>75%),2.5,Pass,Low Risk,75-100%
S16302,33.33,Low (<50%),1.4,Fail,High Risk,25-50%
S16303,57.14,Medium (50-75%),3.4,Distinction,Low Risk,50-75%
S16304,100.0,High (>75%),1.6666666666666667,Pass,Low Risk,75-100%
S16305,100.0,High (>75%),1.75,Pass,Low Risk,75-100%
S16306,25.0,Low (<50%),3.0,Distinction,High Risk,0-25%
S16307,75.0,High (>75%),2.3333333333333335,Pass,Low Risk,50-75%
S16308,100.0,High (>75%),1.25,Fail,High Risk,75-100%
S16309,75.0,High (>75%),1.0,Fail,High Risk,50-75%
S16310,100.0,High (>75%),2.5,Pass,Low Risk,75-100%
S16311,100.0,High (>75%),2.0,Pass,Low Risk,75-100%
S16312,33.33,Low (<50%),2.8,Pass,High Risk,25-50%
S16313,100.0,High (>75%),2.0,Pass,Low Risk,75-100%
S16314,50.0,Medium (50-75%),2.4285714285714284,Pass,Low Risk,25-50%
S16316,100.0,High (>75%),2.0,Pass,Low Risk,75-100%
S16317,75.0,High (>75%),1.0,Fail,High Risk,50-75%
S16318,100.0,High (>75%),0.3333333333333333,Fail,High Risk,75-100%
S16319,100.0,High (>75%),0.0,Fail,High Risk,75-100%
S16320,100.0,High (>75%),0.3333333333333333,Fail,High Risk,75-100%
S16321,100.0,High (>75%),1.7142857142857142,Pass,Low Risk,75-100%
S16322,100.0,High (>75%),0.75,Fail,High Risk,75-100%
S16323,66.67,Medium (50-75%),2.4,Pass,Low Risk,50-75%
S16324,100.0,High (>75%),3.25,Distinction,Low Risk,75-100%
S16325,0.0,Low (<50%),2.8,Pass,High Risk,
S16326,100.0,High (>75%),0.0,Fail,High Risk,75-100%
S16327,66.67,Medium (50-75%),1.5,Fail,Low Risk,50-75%
S16328,33.33,Low (<50%),2.5,Pass,High Risk,25-50%
S16329,40.0,Low (<50%),2.75,Pass,High Risk,25-50%
S16330,100.0,High (>75%),1.5,Fail,Low Risk,75-100%
S16332,100.0,High (>75%),4.0,Distinction,Low Risk,75-100%
S16333,60.0,Medium (50-75%),2.6666666666666665,Pass,Low Risk,50-75%
S16334,100.0,High (>75%),3.0,Distinction,Low Risk,75-100%
S16335,42.86,Low (<50%),1.6666666666666667,Pass,High Risk,25-50%
S16336,50.0,Medium (50-75%),2.5,Pass,Low Risk,25-50%
S16337,75.0,High (>75%),0.5,Fail,High Risk,50-75%
S16339,50.0,Medium (50-75%),2.0,Pass,Low Risk,25-50%
S16340,100.0,High (>75%),2.0,Pass,Low Risk,75-100%
S16341,66.67,Medium (50-75%),1.75,Pass,Low Risk,50-75%
S16342,50.0,Medium (50-75%),0.4,Fail,High Risk,25-50%
S16343,100.0,High (>75%),0.6666666666666666,Fail,High Risk,75-100%
S16344,50.0,Medium (50-75%),2.0,Pass,Low Risk,25-50%
S16345,100.0,High (>75%),2.3333333333333335,Pass,Low Risk,75-100%
S16346,100.0,High (>75%),3.0,Distinction,Low Risk,75-100%
S16347,100.0,High (>75%),2.4,Pass,Low Risk,75-100%
S16348,100.0,High (>75%),1.0,Fail,High Risk,75-100%
S16349,60.0,Medium (50-75%),2.0,Pass,Low Risk,50-75%
S16351,66.67,Medium (50-75%),2.0,Pass,Low Risk,50-75%
S16352,66.67,Medium (50-75%),2.3333333333333335,Pass,Low Risk,50-75%
S16353,100.0,High (>75%),1.5,Fail,Low Risk,75-100%
S16354,80.0,High (>75%),2.0,Pass,Low Risk,75-100%
S16355,50.0,Medium (50-75%),3.0,Distinction,Low Risk,25-50%
S16356,33.33,Low (<50%),3.5,Distinction,High Risk,25-50%
S16358,66.67,Medium (50-75%),0.6,Fail,High Risk,50-75%
S16359,66.67,Medium (50-75%),2.25,Pass,Low Risk,50-75%
S16360,0.0,Low (<50%),1.8,Pass,High Risk,
S16361,66.67,Medium (50-75%),2.0,Pass,Low Risk,50-75%
S16363,80.0,High (>75%),1.0,Fail,High Risk,75-100%
S16364,33.33,Low (<50%),1.5,Fail,High Risk,25-50%
S16365,100.0,High (>75%),1.8333333333333333,Pass,Low Risk,75-100%
S16366,66.67,Medium (50-75%),2.0,Pass,Low Risk,50-75%
S16367,100.0,High (>75%),1.8333333333333333,Pass,Low Risk,75-100%
S16368,50.0,Medium (50-75%),1.75,Pass,Low Risk,25-50%
S16369,33.33,Low (<50%),2.5,Pass,High Risk,25-50%
S16370,100.0,High (>75%),1.3333333333333333,Fail,High Risk,75-100%
S16371,100.0,High (>75%),2.0,Pass,Low Risk,75-100%
S16372,0.0,Low (<50%),2.0,Pass,High Risk,
S16373,50.0,Medium (50-75%),1.5,Fail,Low Risk,25-50%
S16374,60.0,Medium (50-75%),2.0,Pass,Low Risk,50-75%
S16375,100.0,High (>75%),2.0,Pass,Low Risk,75-100%
S16377,0.0,Low (<50%),2.6666666666666665,Pass,High Risk,
S16378,83.33,High (>75%),0.3333333333333333,Fail,High Risk,75-100%
S16379,100.0,High (>75%),1.6,Pass,Low Risk,75-100%
S16380,100.0,High (>75%),1.875,Pass,Low Risk,75-100%
S16381,100.0,High (>75%),0.0,Fail,High Risk,75-100%
S16382,75.0,High (>75%),2.5,Pass,Low Risk,50-75%
S16383,100.0,High (>75%),2.0,Pass,Low Risk,75-100%
S16384,0.0,Low (<50%),2.125,Pass,High Risk,
S16385,100.0,High (>75%),2.3333333333333335,Pass,Low Risk,75-100%
S16386,66.67,Medium (50-75%),0.6666666666666666,Fail,High Risk,50-75%
S16387,100.0,High (>75%),1.75,Pass,Low Risk,75-100%
S16388,100.0,High (>75%),0.5,Fail,High Risk,75-100%
S16389,80.0,High (>75%),2.3333333333333335,Pass,Low Risk,75-100%
S16390,75.0,High (>75%),2.0,Pass,Low Risk,50-75%
S16391,100.0,High (>75%),2.3333333333333335,Pass,Low Risk,75-100%
S16392,100.0,High (>75%),2.3333333333333335,Pass,Low Risk,75-100%
S16393,50.0,Medium (50-75%),2.2857142857142856,Pass,Low Risk,25-50%
S16394,100.0,High (>75%),0.6,Fail,High Risk,75-100%
S16395,83.33,High (>75%),1.75,Pass,Low Risk,75-100%
S16396,40.0,Low (<50%),2.5,Pass,High Risk,25-50%
S16397,100.0,High (>75%),2.0,Pass,Low Risk,75-100%
S16398,50.0,Medium (50-75%),1.6666666666666667,Pass,Low Risk,25-50%
S16399,50.0,Medium (50-75%),1.3333333333333333,Fail,High Risk,25-50%
S16400,100.0,High (>75%),1.1666666666666667,Fail,High Risk,75-100%
S16401,100.0,High (>75%),2.0,Pass,Low Risk,75-100%
S16403,100.0,High (>75%),2.25,Pass,Low Risk,75-100%
S16404,50.0,Medium (50-75%),4.0,Distinction,Low Risk,25-50%
S16405,60.0,Medium (50-75%),0.6666666666666666,Fail,High Risk,50-75%
S16406,50.0,Medium (50-75%),2.0,Pass,Low Risk,25-50%
S16407,40.0,Low (<50%),2.2857142857142856,Pass,High Risk,25-50%
S16408,0.0,Low (<50%),1.5,Fail,High Risk,
S16409,50.0,Medium (50-75%),1.8333333333333333,Pass,Low Risk,25-50%
S16410,33.33,Low (<50%),3.0,Distinction,High Risk,25-50%
S16411,80.0,High (>75%),2.0,Pass,Low Risk,75-100%
S16413,100.0,High (>75%),2.0,Pass,Low Risk,75-100%
S16414,83.33,High (>75%),2.6666666666666665,Pass,Low Risk,75-100%
S16415,100.0,High (>75%),2.5,Pass,Low Risk,75-100%
S16416,100.0,High (>75%),1.4,Fail,High Risk,75-100%
S16417,33.33,Low (<50%),2.0,Pass,High Risk,25-50%
S16418,33.33,Low (<50%),3.0,Distinction,High Risk,25-50%
S16419,0.0,Low (<50%),1.3333333333333333,Fail,High Risk,
S16420,0.0,Low (<50%),1.5,Fail,High Risk,
S16421,100.0,High (>75%),2.5,Pass,Low Risk,75-100%
S16422,100.0,High (>75%),2.0,Pass,Low Risk,75-100%
S16423,100.0,High (>75%),2.3333333333333335,Pass,Low Risk,75-100%
S16424,100.0,High (>75%),2.25,Pass,Low Risk,75-100%
S16425,100.0,High (>75%),2.3333333333333335,Pass,Low Risk,75-100%
S16426,75.0,High (>75%),1.0,Fail,High Risk,50-75%
S16427,100.0,High (>75%),3.0,Distinction,Low Risk,75-100%
S16428,25.0,Low (<50%),2.0,Pass,High Risk,0-25%
S16429,100.0,High (>75%),0.0,Fail,High Risk,75-100%
S16430,83.33,High (>75%),1.8571428571428572,Pass,Low Risk,75-100%
S16431,0.0,Low (<50%),2.2,Pass,High Risk,
S16432,100.0,High (>75%),1.6666666666666667,Pass,Low Risk,75-100%
S16433,100.0,High (>75%),3.0,Distinction,Low Risk,75-100%
S16434,50.0,Medium (50-75%),2.2,Pass,Low Risk,25-50%
S16435,60.0,Medium (50-75%),1.75,Pass,Low Risk,50-75%
S16436,25.0,Low (<50%),2.0,Pass,High Risk,0-25%
S16437,100.0,High (>75%),1.75,Pass,Low Risk,75-100%
S16438,80.0,High (>75%),4.0,Distinction,Low Risk,75-100%
S16439,50.0,Medium (50-75%),1.6666666666666667,Pass,Low Risk,25-50%
S16440,40.0,Low (<50%),1.0,Fail,High Risk,25-50%
S16441,75.0,High (>75%),1.25,Fail,High Risk,50-75%
S16442,100.0,High (>75%),2.0,Pass,Low Risk,75-100%
S16443,100.0,High (>75%),1.3333333333333333,Fail,High Risk,75-100%
S16444,100.0,High (>75%),3.25,Distinction,Low Risk,75-100%
S16445,100.0,High (>75%),1.5,Fail,Low Risk,75-100%
S16447,66.67,Medium (50-75%),2.0,Pass,Low Risk,50-75%
S16448,100.0,High (>75%),2.625,Pass,Low Risk,75-100%
S16449,75.0,High (>75%),1.6666666666666667,Pass,Low Risk,50-75%
S16450,100.0,High (>75%),4.0,Distinction,Low Risk,75-100%
S16451,25.0,Low (<50%),0.25,Fail,High Risk,0-25%
S16452,100.0,High (>75%),3.0,Distinction,Low Risk,75-100%
S16453,75.0,High (>75%),2.0,Pass,Low Risk,50-75%
S16454,50.0,Medium (50-75%),3.0,Distinction,Low Risk,25-50%
S16455,50.0,Medium (50-75%),1.0,Fail,High Risk,25-50%
S16456,50.0,Medium (50-75%),2.0,Pass,Low Risk,25-50%
S16457,100.0,High (>75%),2.3333333333333335,Pass,Low Risk,75-100%
S16458,66.67,Medium (50-75%),3.0,Distinction,Low Risk,50-75%
S16459,100.0,High (>75%),1.0,Fail,High Risk,75-100%
S16460,50.0,Medium (50-75%),1.0,Fail,High Risk,25-50%
S16461,100.0,High (>75%),0.5,Fail,High Risk,75-100%
S16463,50.0,Medium (50-75%),2.2,Pass,Low Risk,25-50%
S16464,50.0,Medium (50-75%),3.6,Distinction,Low Risk,25-50%
S16465,50.0,Medium (50-75%),2.0,Pass,Low Risk,25-50%
S16466,80.0,High (>75%),4.0,Distinction,Low Risk,75-100%
S16467,60.0,Medium (50-75%),2.0,Pass,Low Risk,50-75%
S16468,100.0,High (>75%),2.0,Pass,Low Risk,75-100%
S16469,0.0,Low (<50%),2.5,Pass,High Risk,
S16470,50.0,Medium (50-75%),2.5555555555555554,Pass,Low Risk,25-50%
S16471,0.0,Low (<50%),3.0,Distinction,High Risk,
S16472,100.0,High (>75%),1.5,Fail,Low Risk,75-100%
S16473,100.0,High (>75%),1.75,Pass,Low Risk,75-100%
S16474,66.67,Medium (50-75%),1.0,Fail,High Risk,50-75%
S16475,50.0,Medium (50-75%),1.0,Fail,High Risk,25-50%
S16476,66.67,Medium (50-75%),2.0,Pass,Low Risk,50-75%
S16477,100.0,High (>75%),2.6,Pass,Low Risk,75-100%
S16478,0.0,Low (<50%),2.0,Pass,High Risk,
S16479,60.0,Medium (50-75%),1.75,Pass,Low Risk,50-75%
S16480,100.0,High (>75%),3.0,Distinction,Low Risk,75-100%
S16481,100.0,High (>75%),3.5,Distinction,Low Risk,75-100%
S16482,100.0,High (>75%),2.25,Pass,Low Risk,75-100%
S16483,100.0,High (>75%),0.0,Fail,High Risk,75-100%
S16484,75.0,High (>75%),3.6666666666666665,Distinction,Low Risk,50-75%
S16485,100.0,High (>75%),1.6666666666666667,Pass,Low Risk,75-100%
S16486,100.0,High (>75%),2.4,Pass,Low Risk,75-100%
S16487,100.0,High (>75%),3.3333333333333335,Distinction,Low Risk,75-100%
S16488,66.67,Medium (50-75%),2.5,Pass,Low Risk,50-75%
S16489,66.67,Medium (50-75%),2.5,Pass,Low Risk,50-75%
S16490,100.0,High (>75%),2.5,Pass,Low Risk,75-100%
S16491,66.67,Medium (50-75%),0.3333333333333333,Fail,High Risk,50-75%
S16492,100.0,High (>75%),1.3333333333333333,Fail,High Risk,75-100%
S16493,100.0,High (>75%),1.6666666666666667,Pass,Low Risk,75-100%
S16494,100.0,High (>75%),2.0,Pass,Low Risk,75-100%
S16495,100.0,High (>75%),0.3333333333333333,Fail,High Risk,75-100%
S16496,0.0,Low (<50%),1.8333333333333333,Pass,High Risk,
S16497,100.0,High (>75%),2.5,Pass,Low Risk,75-100%
S16498,50.0,Medium (50-75%),2.0,Pass,Low Risk,25-50%
S16499,50.0,Medium (50-75%),3.0,Distinction,Low Risk,25-50%
S16500,0.0,Low (<50%),1.8333333333333333,Pass,High Risk,
S16501,80.0,High (>75%),2.5,Pass,Low Risk,75-100%
S16502,66.67,Medium (50-75%),1.6666666666666667,Pass,Low Risk,50-75%
S16503,50.0,Medium (50-75%),3.0,Distinction,Low Risk,25-50%
S16504,50.0,Medium (50-75%),1.0,Fail,High Risk,25-50%
S16505,100.0,High (>75%),1.6666666666666667,Pass,Low Risk,75-100%
S16506,100.0,High (>75%),1.5,Fail,Low Risk,75-100%
S16507,100.0,High (>75%),1.6,Pass,Low Risk,75-100%
S16508,100.0,High (>75%),1.0,Fail,High Risk,75-100%
S16509,0.0,Low (<50%),2.0,Pass,High Risk,
S16510,57.14,Medium (50-75%),2.0,Pass,Low Risk,50-75%
S16511,40.0,Low (<50%),2.3333333333333335,Pass,High Risk,25-50%
S16512,71.43,Medium (50-75%),1.6,Pass,Low Risk,50-75%
S16513,66.67,Medium (50-75%),0.3333333333333333,Fail,High Risk,50-75%
S16514,100.0,High (>75%),1.4,Fail,High Risk,75-100%
S16515,50.0,Medium (50-75%),1.6666666666666667,Pass,Low Risk,25-50%
S16516,75.0,High (>75%),3.0,Distinction,Low Risk,50-75%
S16517,100.0,High (>75%),1.0,Fail,High Risk,75-100%
S16518,100.0,High (>75%),2.4,Pass,Low Risk,75-100%
S16519,100.0,High (>75%),2.6666666666666665,Pass,Low Risk,75-100%
S16520,100.0,High (>75%),2.5,Pass,Low Risk,75-100%
S16521,100.0,High (>75%),1.5,Fail,Low Risk,75-100%
S16522,66.67,Medium (50-75%),1.5,Fail,Low Risk,50-75%
S16523,100.0,High (>75%),2.6,Pass,Low Risk,75-100%
S16524,100.0,High (>75%),3.0,Distinction,Low Risk,75-100%
S16526,40.0,Low (<50%),2.3333333333333335,Pass,High Risk,25-50%
S16527,100.0,High (>75%),3.0,Distinction,Low Risk,75-100%
S16528,100.0,High (>75%),1.4,Fail,High Risk,75-100%
S16529,75.0,High (>75%),1.5714285714285714,Fail,Low Risk,50-75%
S16530,0.0,Low (<50%),1.0,Fail,High Risk,
S16531,75.0,High (>75%),3.0,Distinction,Low Risk,50-75%
S16532,50.0,Medium (50-75%),1.6666666666666667,Pass,Low Risk,25-50%
S16533,100.0,High (>75%),2.5,Pass,Low Risk,75-100%
S16534,33.33,Low (<50%),2.8,Pass,High Risk,25-50%
S16535,50.0,Medium (50-75%),4.0,Distinction,Low Risk,25-50%
S16536,80.0,High (>75%),2.3333333333333335,Pass,Low Risk,75-100%
S16537,50.0,Medium (50-75%),1.0,Fail,High Risk,25-50%
S16538,100.0,High (>75%),2.0,Pass,Low Risk,75-100%
S16539,75.0,High (>75%),1.6666666666666667,Pass,Low Risk,50-75%
S16540,0.0,Low (<50%),3.0,Distinction,High Risk,
S16541,71.43,Medium (50-75%),2.0,Pass,Low Risk,50-75%
S16542,66.67,Medium (50-75%),3.0,Distinction,Low Risk,50-75%
S16543,33.33,Low (<50%),1.5,Fail,High Risk,25-50%
S16544,50.0,Medium (50-75%),2.75,Pass,Low Risk,25-50%
S16545,66.67,Medium (50-75%),1.6666666666666667,Pass,Low Risk,50-75%
S16546,0.0,Low (<50%),1.3333333333333333,Fail,High Risk,
S16547,75.0,High (>75%),1.5,Fail,Low Risk,50-75%
S16548,57.14,Medium (50-75%),1.5,Fail,Low Risk,50-75%
S16549,100.0,High (>75%),2.2,Pass,Low Risk,75-100%
S16550,75.0,High (>75%),1.3333333333333333,Fail,High Risk,50-75%
S16551,75.0,High (>75%),2.6666666666666665,Pass,Low Risk,50-75%
S16552,60.0,Medium (50-75%),3.6,Distinction,Low Risk,50-75%
S16553,40.0,Low (<50%),1.3333333333333333,Fail,High Risk,25-50%
S16554,100.0,High (>75%),1.0,Fail,High Risk,75-100%
S16555,66.67,Medium (50-75%),1.0,Fail,High Risk,50-75%
S16556,100.0,High (>75%),1.5,Fail,Low Risk,75-100%
S16557,100.0,High (>75%),2.2,Pass,Low Risk,75-100%
S16558,50.0,Medium (50-75%),0.6666666666666666,Fail,High Risk,25-50%
S16559,0.0,Low (<50%),2.2,Pass,High Risk,
S16560,80.0,High (>75%),3.0,Distinction,Low Risk,75-100%
S16561,100.0,High (>75%),0.0,Fail,High Risk,75-100%
S16563,75.0,High (>75%),2.3333333333333335,Pass,Low Risk,50-75%
S16564,100.0,High (>75%),2.0,Pass,Low Risk,75-100%
S16565,0.0,Low (<50%),1.2857142857142858,Fail,High Risk,
S16566,100.0,High (>75%),0.0,Fail,High Risk,75-100%
S16567,66.67,Medium (50-75%),1.1666666666666667,Fail,High Risk,50-75%
S16568,100.0,High (>75%),0.0,Fail,High Risk,75-100%
S16569,66.67,Medium (50-75%),1.3333333333333333,Fail,High Risk,50-75%
S16570,75.0,High (>75%),3.0,Distinction,Low Risk,50-75%
S16571,66.67,Medium (50-75%),2.5,Pass,Low Risk,50-75%
S16572,50.0,Medium (50-75%),1.4,Fail,High Risk,25-50%
S16574,83.33,High (>75%),3.0,Distinction,Low Risk,75-100%
S16575,60.0,Medium (50-75%),1.25,Fail,High Risk,50-75%
S16576,100.0,High (>75%),1.25,Fail,High Risk,75-100%
S16577,100.0,High (>75%),2.0,Pass,Low Risk,75-100%
S16578,100.0,High (>75%),2.0,Pass,Low Risk,75-100%
S16579,33.33,Low (<50%),2.5,Pass,High Risk,25-50%
S16580,100.0,High (>75%),2.8,Pass,Low Risk,75-100%
S16581,50.0,Medium (50-75%),2.0,Pass,Low Risk,25-50%
S16582,100.0,High (>75%),1.6,Pass,Low Risk,75-100%
S16583,100.0,High (>75%),2.2,Pass,Low Risk,75-100%
S16584,50.0,Medium (50-75%),0.0,Fail,High Risk,25-50%
S16585,85.71,High (>75%),2.0,Pass,Low Risk,75-100%
S16586,100.0,High (>75%),3.0,Distinction,Low Risk,75-100%
S16587,100.0,High (>75%),2.0,Pass,Low Risk,75-100%
S16588,75.0,High (>75%),1.6,Pass,Low Risk,50-75%
S16589,0.0,Low (<50%),1.1666666666666667,Fail,High Risk,
S16591,100.0,High (>75%),2.4,Pass,Low Risk,75-100%
S16592,0.0,Low (<50%),2.6666666666666665,Pass,High Risk,
S16593,25.0,Low (<50%),0.3333333333333333,Fail,High Risk,0-25%
S16594,33.33,Low (<50%),1.0,Fail,High Risk,25-50%
S16595,100.0,High (>75%),2.0,Pass,Low Risk,75-100%
S16596,80.0,High (>75%),2.0,Pass,Low Risk,75-100%
S16597,100.0,High (>75%),2.5,Pass,Low Risk,75-100%
S16598,100.0,High (>75%),1.8,Pass,Low Risk,75-100%
S16599,75.0,High (>75%),2.0,Pass,Low Risk,50-75%
S16600,66.67,Medium (50-75%),1.0,Fail,High Risk,50-75%
S16601,75.0,High (>75%),2.0,Pass,Low Risk,50-75%
S16602,50.0,Medium (50-75%),1.0,Fail,High Risk,25-50%
S16603,75.0,High (>75%),2.0,Pass,Low Risk,50-75%
S16604,50.0,Medium (50-75%),2.3333333333333335,Pass,Low Risk,25-50%
S16605,0.0,Low (<50%),1.5,Fail,High Risk,
S16606,100.0,High (>75%),2.0,Pass,Low Risk,75-100%
S16607,66.67,Medium (50-75%),4.0,Distinction,Low Risk,50-75%
S16608,100.0,High (>75%),2.0,Pass,Low Risk,75-100%
S16609,80.0,High (>75%),3.3333333333333335,Distinction,Low Risk,75-100%
S16610,75.0,High (>75%),2.25,Pass,Low Risk,50-75%
S16612,50.0,Medium (50-75%),0.0,Fail,High Risk,25-50%
S16613,50.0,Medium (50-75%),1.5,Fail,Low Risk,25-50%
S16614,100.0,High (>75%),2.0,Pass,Low Risk,75-100%
S16615,50.0,Medium (50-75%),3.5,Distinction,Low Risk,25-50%
S16616,100.0,High (>75%),1.5,Fail,Low Risk,75-100%
S16617,50.0,Medium (50-75%),2.0,Pass,Low Risk,25-50%
S16618,60.0,Medium (50-75%),3.5,Distinction,Low Risk,50-75%
S16619,100.0,High (>75%),1.5,Fail,Low Risk,75-100%
S16620,75.0,High (>75%),1.3333333333333333,Fail,High Risk,50-75%
S16621,100.0,High (>75%),2.0,Pass,Low Risk,75-100%
S16622,25.0,Low (<50%),1.0,Fail,High Risk,0-25%
S16623,75.0,High (>75%),2.0,Pass,Low Risk,50-75%
S16624,66.67,Medium (50-75%),2.6,Pass,Low Risk,50-75%
S16626,66.67,Medium (50-75%),2.3333333333333335,Pass,Low Risk,50-75%
S16627,100.0,High (>75%),1.75,Pass,Low Risk,75-100%
S16628,33.33,Low (<50%),4.0,Distinction,High Risk,25-50%
S16629,0.0,Low (<50%),1.8,Pass,High Risk,
S16630,100.0,High (>75%),0.0,Fail,High Risk,75-100%
S16631,20.0,Low (<50%),2.6666666666666665,Pass,High Risk,0-25%
S16632,66.67,Medium (50-75%),1.6666666666666667,Pass,Low Risk,50-75%
S16633,100.0,High (>75%),1.4,Fail,High Risk,75-100%
S16634,100.0,High (>75%),1.5,Fail,Low Risk,75-100%
S16635,33.33,Low (<50%),2.0,Pass,High Risk,25-50%
S16636,75.0,High (>75%),2.2,Pass,Low Risk,50-75%
S16637,50.0,Medium (50-75%),3.0,Distinction,Low Risk,25-50%
S16638,40.0,Low (<50%),1.0,Fail,High Risk,25-50%
S16639,50.0,Medium (50-75%),2.0,Pass,Low Risk,25-50%
S16640,50.0,Medium (50-75%),2.5,Pass,Low Risk,25-50%
S16641,100.0,High (>75%),2.25,Pass,Low Risk,75-100%
S16642,75.0,High (>75%),1.0,Fail,High Risk,50-75%
S16643,100.0,High (>75%),2.1666666666666665,Pass,Low Risk,75-100%
S16644,50.0,Medium (50-75%),2.6,Pass,Low Risk,25-50%
S16645,100.0,High (>75%),2.6666666666666665,Pass,Low Risk,75-100%
S16646,50.0,Medium (50-75%),1.0,Fail,High Risk,25-50%
S16647,100.0,High (>75%),1.5,Fail,Low Risk,75-100%
S16648,50.0,Medium (50-75%),2.2,Pass,Low Risk,25-50%
S16649,50.0,Medium (50-75%),1.0,Fail,High Risk,25-50%
S16650,100.0,High (>75%),1.2,Fail,High Risk,75-100%
S16651,100.0,High (>75%),3.0,Distinction,Low Risk,75-100%
S16652,100.0,High (>75%),2.0,Pass,Low Risk,75-100%
S16653,50.0,Medium (50-75%),3.0,Distinction,Low Risk,25-50%
S16654,0.0,Low (<50%),1.5,Fail,High Risk,
S16655,50.0,Medium (50-75%),3.0,Distinction,Low Risk,25-50%
S16656,50.0,Medium (50-75%),3.0,Distinction,Low Risk,25-50%
S16657,66.67,Medium (50-75%),1.75,Pass,Low Risk,50-75%
S16658,33.33,Low (<50%),2.0,Pass,High Risk,25-50%
S16659,66.67,Medium (50-75%),0.8333333333333334,Fail,High Risk,50-75%
S16660,60.0,Medium (50-75%),1.25,Fail,High Risk,50-75%
S16661,100.0,High (>75%),2.5,Pass,Low Risk,75-100%
S16662,66.67,Medium (50-75%),3.0,Distinction,Low Risk,50-75%
S16663,50.0,Medium (50-75%),3.0,Distinction,Low Risk,25-50%
S16664,100.0,High (>75%),2.625,Pass,Low Risk,75-100%
S16665,33.33,Low (<50%),1.5,Fail,High Risk,25-50%
S16666,66.67,Medium (50-75%),4.0,Distinction,Low Risk,50-75%
S16667,50.0,Medium (50-75%),3.3333333333333335,Distinction,Low Risk,25-50%
S16668,80.0,High (>75%),3.0,Distinction,Low Risk,75-100%
S16669,66.67,Medium (50-75%),1.2,Fail,High Risk,50-75%
S16670,100.0,High (>75%),3.0,Distinction,Low Risk,75-100%
S16671,100.0,High (>75%),2.5,Pass,Low Risk,75-100%
S16672,0.0,Low (<50%),2.4,Pass,High Risk,
S16673,50.0,Medium (50-75%),1.2,Fail,High Risk,25-50%
S16674,50.0,Medium (50-75%),3.0,Distinction,Low Risk,25-50%
S16675,75.0,High (>75%),2.0,Pass,Low Risk,50-75%
S16676,0.0,Low (<50%),1.5714285714285714,Fail,High Risk,
S16677,66.67,Medium (50-75%),2.0,Pass,Low Risk,50-75%
S16678,100.0,High (>75%),1.4,Fail,High Risk,75-100%
S16679,80.0,High (>75%),3.6666666666666665,Distinction,Low Risk,75-100%
S16680,100.0,High (>75%),3.6,Distinction,Low Risk,75-100%
S16681,100.0,High (>75%),2.4,Pass,Low Risk,75-100%
S16682,33.33,Low (<50%),2.6,Pass,High Risk,25-50%
S16683,75.0,High (>75%),1.3333333333333333,Fail,High Risk,50-75%
S16684,33.33,Low (<50%),1.6,Pass,High Risk,25-50%
S16685,50.0,Medium (50-75%),2.0,Pass,Low Risk,25-50%
S16686,50.0,Medium (50-75%),4.0,Distinction,Low Risk,25-50%
S16687,100.0,High (>75%),1.6666666666666667,Pass,Low Risk,75-100%
S16688,66.67,Medium (50-75%),1.0,Fail,High Risk,50-75%
S16689,50.0,Medium (50-75%),3.5,Distinction,Low Risk,25-50%
S16690,0.0,Low (<50%),3.0,Distinction,High Risk,
S16691,100.0,High (>75%),1.8,Pass,Low Risk,75-100%
S16692,100.0,High (>75%),2.0,Pass,Low Risk,75-100%
S16693,100.0,High (>75%),2.0,Pass,Low Risk,75-100%
S16694,100.0,High (>75%),2.6666666666666665,Pass,Low Risk,75-100%
S16695,50.0,Medium (50-75%),2.4,Pass,Low Risk,25-50%
S16696,100.0,High (>75%),2.3333333333333335,Pass,Low Risk,75-100%
S16697,100.0,High (>75%),1.5,Fail,Low Risk,75-100%
S16698,100.0,High (>75%),2.6666666666666665,Pass,Low Risk,75-100%
S16699,100.0,High (>75%),2.6666666666666665,Pass,Low Risk,75-100%
S16700,80.0,High (>75%),1.6666666666666667,Pass,Low Risk,75-100%
S16701,33.33,Low (<50%),0.8333333333333334,Fail,High Risk,25-50%
S16702,80.0,High (>75%),1.75,Pass,Low Risk,75-100%
S16703,66.67,Medium (50-75%),2.4,Pass,Low Risk,50-75%
S16704,75.0,High (>75%),1.75,Pass,Low Risk,50-75%
S16706,80.0,High (>75%),2.0,Pass,Low Risk,75-100%
S16707,66.67,Medium (50-75%),1.75,Pass,Low Risk,50-75%
S16708,75.0,High (>75%),2.5,Pass,Low Risk,50-75%
S16709,50.0,Medium (50-75%),2.6666666666666665,Pass,Low Risk,25-50%
S16710,100.0,High (>75%),1.0,Fail,High Risk,75-100%
S16711,0.0,Low (<50%),2.0,Pass,High Risk,
S16712,25.0,Low (<50%),2.0,Pass,High Risk,0-25%
S16713,100.0,High (>75%),1.5,Fail,Low Risk,75-100%
S16714,66.67,Medium (50-75%),2.2857142857142856,Pass,Low Risk,50-75%
S16715,100.0,High (>75%),2.3333333333333335,Pass,Low Risk,75-100%
S16716,83.33,High (>75%),2.0,Pass,Low Risk,75-100%
S16717,100.0,High (>75%),2.0,Pass,Low Risk,75-100%
S16718,83.33,High (>75%),1.5,Fail,Low Risk,75-100%
S16719,100.0,High (>75%),2.0,Pass,Low Risk,75-100%
S16720,40.0,Low (<50%),1.5,Fail,High Risk,25-50%
S16721,0.0,Low (<50%),1.0,Fail,High Risk,
S16722,100.0,High (>75%),1.75,Pass,Low Risk,75-100%
S16724,50.0,Medium (50-75%),2.5,Pass,Low Risk,25-50%
S16725,100.0,High (>75%),1.75,Pass,Low Risk,75-100%
S16726,66.67,Medium (50-75%),2.375,Pass,Low Risk,50-75%
S16727,0.0,Low (<50%),3.0,Distinction,High Risk,
S16728,50.0,Medium (50-75%),1.8,Pass,Low Risk,25-50%
S16729,25.0,Low (<50%),2.0,Pass,High Risk,0-25%
S16730,66.67,Medium (50-75%),3.0,Distinction,Low Risk,50-75%
S16731,50.0,Medium (50-75%),1.3333333333333333,Fail,High Risk,25-50%
S16732,50.0,Medium (50-75%),1.0,Fail,High Risk,25-50%
S16733,0.0,Low (<50%),2.6666666666666665,Pass,High Risk,
S16734,100.0,High (>75%),2.6666666666666665,Pass,Low Risk,75-100%
S16735,50.0,Medium (50-75%),1.7142857142857142,Pass,Low Risk,25-50%
S16736,83.33,High (>75%),3.0,Distinction,Low Risk,75-100%
S16737,60.0,Medium (50-75%),1.6666666666666667,Pass,Low Risk,50-75%
S16738,100.0,High (>75%),2.0,Pass,Low Risk,75-100%
S16739,50.0,Medium (50-75%),1.3333333333333333,Fail,High Risk,25-50%
S16740,83.33,High (>75%),1.8,Pass,Low Risk,75-100%
S16741,100.0,High (>75%),1.5,Fail,Low Risk,75-100%
S16742,100.0,High (>75%),2.6,Pass,Low Risk,75-100%
S16744,66.67,Medium (50-75%),3.3333333333333335,Distinction,Low Risk,50-75%
S16745,50.0,Medium (50-75%),1.6666666666666667,Pass,Low Risk,25-50%
S16746,66.67,Medium (50-75%),3.6666666666666665,Distinction,Low Risk,50-75%
S16747,33.33,Low (<50%),2.0,Pass,High Risk,25-50%
S16748,75.0,High (>75%),1.0,Fail,High Risk,50-75%
S16749,0.0,Low (<50%),2.5,Pass,High Risk,
S16750,50.0,Medium (50-75%),2.0,Pass,Low Risk,25-50%
S16752,100.0,High (>75%),2.0,Pass,Low Risk,75-100%
S16753,100.0,High (>75%),1.0,Fail,High Risk,75-100%
S16754,100.0,High (>75%),3.0,Distinction,Low Risk,75-100%
S16755,0.0,Low (<50%),1.6666666666666667,Pass,High Risk,
S16756,100.0,High (>75%),2.5,Pass,Low Risk,75-100%
S16757,50.0,Medium (50-75%),1.6,Pass,Low Risk,25-50%
S16758,50.0,Medium (50-75%),0.3333333333333333,Fail,High Risk,25-50%
S16759,83.33,High (>75%),2.2,Pass,Low Risk,75-100%
S16760,66.67,Medium (50-75%),2.5,Pass,Low Risk,50-75%
S16761,75.0,High (>75%),0.5,Fail,High Risk,50-75%
S16762,0.0,Low (<50%),2.5,Pass,High Risk,
S16763,33.33,Low (<50%),2.3333333333333335,Pass,High Risk,25-50%
S16764,50.0,Medium (50-75%),2.75,Pass,Low Risk,25-50%
S16765,100.0,High (>75%),1.75,Pass,Low Risk,75-100%
S16766,33.33,Low (<50%),0.0,Fail,High Risk,25-50%
S16767,66.67,Medium (50-75%),4.0,Distinction,Low Risk,50-75%
S16768,50.0,Medium (50-75%),2.5,Pass,Low Risk,25-50%
S16769,100.0,High (>75%),0.75,Fail,High Risk,75-100%
S16770,66.67,Medium (50-75%),1.3333333333333333,Fail,High Risk,50-75%
S16771,50.0,Medium (50-75%),3.0,Distinction,Low Risk,25-50%
S16772,100.0,High (>75%),1.5,Fail,Low Risk,75-100%
S16773,20.0,Low (<50%),2.0,Pass,High Risk,0-25%
S16774,66.67,Medium (50-75%),1.4,Fail,High Risk,50-75%
S16775,100.0,High (>75%),1.5,Fail,Low Risk,75-100%
S16776,100.0,High (>75%),2.0,Pass,Low Risk,75-100%
S16777,100.0,High (>75%),2.25,Pass,Low Risk,75-100%
S16778,50.0,Medium (50-75%),2.0,Pass,Low Risk,25-50%
S16779,100.0,High (>75%),2.5,Pass,Low Risk,75-100%
S16781,100.0,High (>75%),2.0,Pass,Low Risk,75-100%
S16783,100.0,High (>75%),3.3333333333333335,Distinction,Low Risk,75-100%
S16784,75.0,High (>75%),2.4,Pass,Low Risk,50-75%
S16785,66.67,Medium (50-75%),2.0,Pass,Low Risk,50-75%
S16786,100.0,High (>75%),1.3333333333333333,Fail,High Risk,75-100%
S16787,0.0,Low (<50%),2.0,Pass,High Risk,
S16788,83.33,High (>75%),1.875,Pass,Low Risk,75-100%
S16789,50.0,Medium (50-75%),2.25,Pass,Low Risk,25-50%
S16790,50.0,Medium (50-75%),3.0,Distinction,Low Risk,25-50%
S16791,75.0,High (>75%),1.6,Pass,Low Risk,50-75%
S16792,33.33,Low (<50%),1.0,Fail,High Risk,25-50%
S16793,66.67,Medium (50-75%),2.0,Pass,Low Risk,50-75%
S16794,40.0,Low (<50%),3.6,Distinction,High Risk,25-50%
S16795,50.0,Medium (50-75%),4.0,Distinction,Low Risk,25-50%
S16797,83.33,High (>75%),2.3333333333333335,Pass,Low Risk,75-100%
S16798,100.0,High (>75%),1.2,Fail,High Risk,75-100%
S16799,25.0,Low (<50%),2.6666666666666665,Pass,High Risk,0-25%
S16800,66.67,Medium (50-75%),2.2857142857142856,Pass,Low Risk,50-75%
S16801,25.0,Low (<50%),2.2,Pass,High Risk,0-25%
S16802,25.0,Low (<50%),3.0,Distinction,High Risk,0-25%
S16803,100.0,High (>75%),0.8333333333333334,Fail,High Risk,75-100%
S16804,50.0,Medium (50-75%),2.5,Pass,Low Risk,25-50%
S16805,100.0,High (>75%),3.0,Distinction,Low Risk,75-100%
S16806,100.0,High (>75%),2.3333333333333335,Pass,Low Risk,75-100%
S16807,50.0,Medium (50-75%),0.5,Fail,High Risk,25-50%
S16809,33.33,Low (<50%),1.0,Fail,High Risk,25-50%
S16810,100.0,High (>75%),2.0,Pass,Low Risk,75-100%
S16811,50.0,Medium (50-75%),3.0,Distinction,Low Risk,25-50%
S16812,50.0,Medium (50-75%),3.0,Distinction,Low Risk,25-50%
S16813,50.0,Medium (50-75%),2.0,Pass,Low Risk,25-50%
S16815,66.67,Medium (50-75%),1.8333333333333333,Pass,Low Risk,50-75%
S16816,80.0,High (>75%),3.0,Distinction,Low Risk,75-100%
S16817,50.0,Medium (50-75%),1.75,Pass,Low Risk,25-50%
S16818,50.0,Medium (50-75%),0.0,Fail,High Risk,25-50%
S16819,50.0,Medium (50-75%),1.6666666666666667,Pass,Low Risk,25-50%
S16820,66.67,Medium (50-75%),1.3333333333333333,Fail,High Risk,50-75%
S16821,66.67,Medium (50-75%),0.0,Fail,High Risk,50-75%
S16822,100.0,High (>75%),2.5,Pass,Low Risk,75-100%
S16823,50.0,Medium (50-75%),1.625,Pass,Low Risk,25-50%
S16824,100.0,High (>75%),3.3333333333333335,Distinction,Low Risk,75-100%
S16826,100.0,High (>75%),1.0,Fail,High Risk,75-100%
S16827,100.0,High (>75%),1.5,Fail,Low Risk,75-100%
S16828,75.0,High (>75%),1.5,Fail,Low Risk,50-75%
S16829,100.0,High (>75%),2.0,Pass,Low Risk,75-100%
S16830,100.0,High (>75%),2.0,Pass,Low Risk,75-100%
S16831,50.0,Medium (50-75%),1.0,Fail,High Risk,25-50%
S16832,50.0,Medium (50-75%),2.0,Pass,Low Risk,25-50%
S16833,60.0,Medium (50-75%),2.75,Pass,Low Risk,50-75%
S16834,33.33,Low (<50%),2.0,Pass,High Risk,25-50%
S16835,50.0,Medium (50-75%),1.5,Fail,Low Risk,25-50%
S16836,50.0,Medium (50-75%),2.0,Pass,Low Risk,25-50%
S16837,100.0,High (>75%),2.0,Pass,Low Risk,75-100%
S16838,33.33,Low (<50%),1.0,Fail,High Risk,25-50%
S16839,100.0,High (>75%),2.5,Pass,Low Risk,75-100%
S16840,100.0,High (>75%),2.0,Pass,Low Risk,75-100%
S16841,50.0,Medium (50-75%),2.0,Pass,Low Risk,25-50%
S16842,100.0,High (>75%),0.5,Fail,High Risk,75-100%
S16843,50.0,Medium (50-75%),2.0,Pass,Low Risk,25-50%
S16844,33.33,Low (<50%),1.6666666666666667,Pass,High Risk,25-50%
S16845,100.0,High (>75%),2.0,Pass,Low Risk,75-100%
S16846,100.0,High (>75%),1.4,Fail,High Risk,75-100%
S16847,100.0,High (>75%),1.6666666666666667,Pass,Low Risk,75-100%
S16848,60.0,Medium (50-75%),1.3333333333333333,Fail,High Risk,50-75%
S16849,85.71,High (>75%),3.0,Distinction,Low Risk,75-100%
S16850,50.0,Medium (50-75%),2.2,Pass,Low Risk,25-50%
S16851,100.0,High (>75%),2.0,Pass,Low Risk,75-100%
S16852,66.67,Medium (50-75%),1.5,Fail,Low Risk,50-75%
S16853,40.0,Low (<50%),1.5,Fail,High Risk,25-50%
S16854,75.0,High (>75%),1.3333333333333333,Fail,High Risk,50-75%
S16855,75.0,High (>75%),2.1666666666666665,Pass,Low Risk,50-75%
S16856,50.0,Medium (50-75%),2.6666666666666665,Pass,Low Risk,25-50%
S16857,66.67,Medium (50-75%),3.5,Distinction,Low Risk,50-75%
S16858,66.67,Medium (50-75%),1.1666666666666667,Fail,High Risk,50-75%
S16859,66.67,Medium (50-75%),2.1666666666666665,Pass,Low Risk,50-75%
S16860,100.0,High (>75%),2.6666666666666665,Pass,Low Risk,75-100%
S16861,100.0,High (>75%),2.4,Pass,Low Risk,75-100%
S16862,33.33,Low (<50%),2.0,Pass,High Risk,25-50%
S16863,50.0,Medium (50-75%),2.0,Pass,Low Risk,25-50%
S16864,0.0,Low (<50%),1.0,Fail,High Risk,
S16865,50.0,Medium (50-75%),2.3333333333333335,Pass,Low Risk,25-50%
S16866,0.0,Low (<50%),2.0,Pass,High Risk,
S16867,83.33,High (>75%),2.3333333333333335,Pass,Low Risk,75-100%
S16868,0.0,Low (<50%),1.5714285714285714,Fail,High Risk,
S16869,33.33,Low (<50%),1.5,Fail,High Risk,25-50%
S16870,60.0,Medium (50-75%),2.0,Pass,Low Risk,50-75%
S16871,62.5,Medium (50-75%),1.75,Pass,Low Risk,50-75%
S16872,66.67,Medium (50-75%),1.4,Fail,High Risk,50-75%
S16873,50.0,Medium (50-75%),2.0,Pass,Low Risk,25-50%
S16874,50.0,Medium (50-75%),1.25,Fail,High Risk,25-50%
S16875,100.0,High (>75%),2.125,Pass,Low Risk,75-100%
S16876,40.0,Low (<50%),1.3333333333333333,Fail,High Risk,25-50%
S16877,50.0,Medium (50-75%),1.75,Pass,Low Risk,25-50%
S16878,20.0,Low (<50%),0.5,Fail,High Risk,0-25%
S16879,100.0,High (>75%),3.0,Distinction,Low Risk,75-100%
S16880,50.0,Medium (50-75%),3.1666666666666665,Distinction,Low Risk,25-50%
S16881,75.0,High (>75%),2.8,Pass,Low Risk,50-75%
S16882,100.0,High (>75%),0.6666666666666666,Fail,High Risk,75-100%
S16883,0.0,Low (<50%),1.3333333333333333,Fail,High Risk,
S16884,80.0,High (>75%),2.0,Pass,Low Risk,75-100%
S16886,100.0,High (>75%),1.2,Fail,High Risk,75-100%
S16887,100.0,High (>75%),1.75,Pass,Low Risk,75-100%
S16888,50.0,Medium (50-75%),2.5714285714285716,Pass,Low Risk,25-50%
S16889,75.0,High (>75%),3.0,Distinction,Low Risk,50-75%
S16890,50.0,Medium (50-75%),2.2,Pass,Low Risk,25-50%
S16891,66.67,Medium (50-75%),1.0,Fail,High Risk,50-75%
S16892,100.0,High (>75%),1.5,Fail,Low Risk,75-100%
S16893,100.0,High (>75%),1.6666666666666667,Pass,Low Risk,75-100%
S16894,50.0,Medium (50-75%),3.0,Distinction,Low Risk,25-50%
S16895,33.33,Low (<50%),3.0,Distinction,High Risk,25-50%
S16896,50.0,Medium (50-75%),1.5,Fail,Low Risk,25-50%
S16897,71.43,Medium (50-75%),2.2,Pass,Low Risk,50-75%
S16898,75.0,High (>75%),2.3333333333333335,Pass,Low Risk,50-75%
S16901,33.33,Low (<50%),2.1666666666666665,Pass,High Risk,25-50%
S16902,50.0,Medium (50-75%),1.4,Fail,High Risk,25-50%
S16903,100.0,High (>75%),1.5,Fail,Low Risk,75-100%
S16904,0.0,Low (<50%),2.4,Pass,High Risk,
S16906,66.67,Medium (50-75%),1.75,Pass,Low Risk,50-75%
S16907,100.0,High (>75%),1.5,Fail,Low Risk,75-100%
S16908,100.0,High (>75%),0.5,Fail,High Risk,75-100%
S16909,100.0,High (>75%),1.0,Fail,High Risk,75-100%
S16910,50.0,Medium (50-75%),2.0,Pass,Low Risk,25-50%
S16911,50.0,Medium (50-75%),1.5,Fail,Low Risk,25-50%
S16912,0.0,Low (<50%),0.75,Fail,High Risk,
S16913,62.5,Medium (50-75%),1.3333333333333333,Fail,High Risk,50-75%
S16914,75.0,High (>75%),2.4,Pass,Low Risk,50-75%
S16915,100.0,High (>75%),1.0,Fail,High Risk,75-100%
S16916,100.0,High (>75%),0.5,Fail,High Risk,75-100%
S16917,60.0,Medium (50-75%),2.5,Pass,Low Risk,50-75%
S16918,100.0,High (>75%),0.6666666666666666,Fail,High Risk,75-100%
S16919,100.0,High (>75%),1.5,Fail,Low Risk,75-100%
S16920,75.0,High (>75%),2.2,Pass,Low Risk,50-75%
S16921,100.0,High (>75%),1.6666666666666667,Pass,Low Risk,75-100%
S16922,100.0,High (>75%),1.0,Fail,High Risk,75-100%
S16923,25.0,Low (<50%),1.0,Fail,High Risk,0-25%
S16924,50.0,Medium (50-75%),2.0,Pass,Low Risk,25-50%
S16925,66.67,Medium (50-75%),1.0,Fail,High Risk,50-75%
S16926,100.0,High (>75%),2.3333333333333335,Pass,Low Risk,75-100%
S16927,100.0,High (>75%),1.6666666666666667,Pass,Low Risk,75-100%
S16928,50.0,Medium (50-75%),1.25,Fail,High Risk,25-50%
S16929,75.0,High (>75%),1.75,Pass,Low Risk,50-75%
S16930,100.0,High (>75%),2.0,Pass,Low Risk,75-100%
S16931,50.0,Medium (50-75%),3.0,Distinction,Low Risk,25-50%
S16932,66.67,Medium (50-75%),0.0,Fail,High Risk,50-75%
S16934,50.0,Medium (50-75%),2.5,Pass,Low Risk,25-50%
S16935,25.0,Low (<50%),0.0,Fail,High Risk,0-25%
S16936,50.0,Medium (50-75%),0.5,Fail,High Risk,25-50%
S16937,100.0,High (>75%),2.0,Pass,Low Risk,75-100%
S16938,66.67,Medium (50-75%),2.0,Pass,Low Risk,50-75%
S16939,66.67,Medium (50-75%),3.0,Distinction,Low Risk,50-75%
S16940,40.0,Low (<50%),1.8,Pass,High Risk,25-50%
S16941,0.0,Low (<50%),3.0,Distinction,High Risk,
S16942,33.33,Low (<50%),3.5,Distinction,High Risk,25-50%
S16943,100.0,High (>75%),2.2857142857142856,Pass,Low Risk,75-100%
S16944,66.67,Medium (50-75%),0.0,Fail,High Risk,50-75%
S16945,40.0,Low (<50%),4.0,Distinction,High Risk,25-50%
S16946,25.0,Low (<50%),2.8,Pass,High Risk,0-25%
S16947,100.0,High (>75%),2.5,Pass,Low Risk,75-100%
S16948,80.0,High (>75%),3.5,Distinction,Low Risk,75-100%
S16949,100.0,High (>75%),3.5,Distinction,Low Risk,75-100%
S16950,100.0,High (>75%),4.0,Distinction,Low Risk,75-100%
S16951,100.0,High (>75%),3.0,Distinction,Low Risk,75-100%
S16952,71.43,Medium (50-75%),2.2857142857142856,Pass,Low Risk,50-75%
S16953,83.33,High (>75%),1.0,Fail,High Risk,75-100%
S16954,80.0,High (>75%),1.5,Fail,Low Risk,75-100%
S16955,100.0,High (>75%),2.0,Pass,Low Risk,75-100%
S16956,100.0,High (>75%),2.4,Pass,Low Risk,75-100%
S16957,100.0,High (>75%),1.6666666666666667,Pass,Low Risk,75-100%
S16958,100.0,High (>75%),2.0,Pass,Low Risk,75-100%
S16960,100.0,High (>75%),2.8333333333333335,Pass,Low Risk,75-100%
S16961,100.0,High (>75%),0.8,Fail,High Risk,75-100%
S16962,100.0,High (>75%),3.2,Distinction,Low Risk,75-100%
S16963,75.0,High (>75%),2.6,Pass,Low Risk,50-75%
S16964,60.0,Medium (50-75%),2.0,Pass,Low Risk,50-75%
S16965,87.5,High (>75%),3.0,Distinction,Low Risk,75-100%
S16966,50.0,Medium (50-75%),2.0,Pass,Low Risk,25-50%
S16967,50.0,Medium (50-75%),4.0,Distinction,Low Risk,25-50%
S16968,100.0,High (>75%),2.0,Pass,Low Risk,75-100%
S16969,80.0,High (>75%),4.0,Distinction,Low Risk,75-100%
S16970,50.0,Medium (50-75%),2.25,Pass,Low Risk,25-50%
S16971,50.0,Medium (50-75%),2.0,Pass,Low Risk,25-50%
S16972,20.0,Low (<50%),2.0,Pass,High Risk,0-25%
S16973,80.0,High (>75%),2.0,Pass,Low Risk,75-100%
S16974,0.0,Low (<50%),1.75,Pass,High Risk,
S16975,66.67,Medium (50-75%),4.0,Distinction,Low Risk,50-75%
S16976,50.0,Medium (50-75%),2.5,Pass,Low Risk,25-50%
S16977,66.67,Medium (50-75%),2.25,Pass,Low Risk,50-75%
S16978,50.0,Medium (50-75%),1.8,Pass,Low Risk,25-50%
S16979,100.0,High (>75%),2.0,Pass,Low Risk,75-100%
S16980,100.0,High (>75%),2.0,Pass,Low Risk,75-100%
S16981,100.0,High (>75%),3.0,Distinction,Low Risk,75-100%
S16982,50.0,Medium (50-75%),2.0,Pass,Low Risk,25-50%
S16983,33.33,Low (<50%),2.3333333333333335,Pass,High Risk,25-50%
S16984,66.67,Medium (50-75%),2.0,Pass,Low Risk,50-75%
S16985,100.0,High (>75%),2.0,Pass,Low Risk,75-100%
S16986,50.0,Medium (50-75%),3.0,Distinction,Low Risk,25-50%
S16987,66.67,Medium (50-75%),2.2857142857142856,Pass,Low Risk,50-75%
S16988,100.0,High (>75%),3.0,Distinction,Low Risk,75-100%
S16989,50.0,Medium (50-75%),0.5,Fail,High Risk,25-50%
S16990,100.0,High (>75%),2.0,Pass,Low Risk,75-100%
S16991,100.0,High (>75%),2.0,Pass,Low Risk,75-100%
S16993,33.33,Low (<50%),1.25,Fail,High Risk,25-50%
S16994,50.0,Medium (50-75%),2.5,Pass,Low Risk,25-50%
S16995,100.0,High (>75%),1.6666666666666667,Pass,Low Risk,75-100%
S16997,66.67,Medium (50-75%),2.3333333333333335,Pass,Low Risk,50-75%
S16998,100.0,High (>75%),2.4,Pass,Low Risk,75-100%
S17000,100.0,High (>75%),3.0,Distinction,Low Risk,75-100%
S17001,66.67,Medium (50-75%),1.0,Fail,High Risk,50-75%
S17003,100.0,High (>75%),2.3333333333333335,Pass,Low Risk,75-100%
S17004,33.33,Low (<50%),1.0,Fail,High Risk,25-50%
S17005,100.0,High (>75%),1.75,Pass,Low Risk,75-100%
S17006,0.0,Low (<50%),3.5,Distinction,High Risk,
S17007,66.67,Medium (50-75%),1.5,Fail,Low Risk,50-75%
S17008,60.0,Medium (50-75%),2.1666666666666665,Pass,Low Risk,50-75%
S17009,0.0,Low (<50%),1.0,Fail,High Risk,
S17010,100.0,High (>75%),1.6666666666666667,Pass,Low Risk,75-100%
S17011,66.67,Medium (50-75%),1.75,Pass,Low Risk,50-75%
S17012,60.0,Medium (50-75%),2.0,Pass,Low Risk,50-75%
S17013,0.0,Low (<50%),1.8,Pass,High Risk,
S17015,20.0,Low (<50%),2.0,Pass,High Risk,0-25%
S17016,75.0,High (>75%),1.75,Pass,Low Risk,50-75%
S17017,50.0,Medium (50-75%),1.6666666666666667,Pass,Low Risk,25-50%
S17018,75.0,High (>75%),1.0,Fail,High Risk,50-75%
S17019,33.33,Low (<50%),2.0,Pass,High Risk,25-50%
S17020,100.0,High (>75%),3.25,Distinction,Low Risk,75-100%
S17022,80.0,High (>75%),2.0,Pass,Low Risk,75-100%
S17023,80.0,High (>75%),0.4,Fail,High Risk,75-100%
S17024,33.33,Low (<50%),2.0,Pass,High Risk,25-50%
S17025,100.0,High (>75%),2.0,Pass,Low Risk,75-100%
S17026,66.67,Medium (50-75%),2.0,Pass,Low Risk,50-75%
S17027,100.0,High (>75%),3.0,Distinction,Low Risk,75-100%
S17028,60.0,Medium (50-75%),2.4285714285714284,Pass,Low Risk,50-75%
S17029,0.0,Low (<50%),1.1428571428571428,Fail,High Risk,
S17030,100.0,High (>75%),2.3333333333333335,Pass,Low Risk,75-100%
S17031,75.0,High (>75%),3.0,Distinction,Low Risk,50-75%
S17032,100.0,High (>75%),1.6666666666666667,Pass,Low Risk,75-100%
S17033,0.0,Low (<50%),1.6666666666666667,Pass,High Risk,
S17034,100.0,High (>75%),1.0,Fail,High Risk,75-100%
S17035,100.0,High (>75%),2.0,Pass,Low Risk,75-100%
S17036,75.0,High (>75%),1.5,Fail,Low Risk,50-75%
S17037,100.0,High (>75%),1.2,Fail,High Risk,75-100%
S17038,87.5,High (>75%),2.1666666666666665,Pass,Low Risk,75-100%
S17039,66.67,Medium (50-75%),1.3333333333333333,Fail,High Risk,50-75%
S17040,50.0,Medium (50-75%),1.0,Fail,High Risk,25-50%
S17041,100.0,High (>75%),2.0,Pass,Low Risk,75-100%
S17042,75.0,High (>75%),1.6666666666666667,Pass,Low Risk,50-75%
S17043,50.0,Medium (50-75%),1.3333333333333333,Fail,High Risk,25-50%
S17044,50.0,Medium (50-75%),0.0,Fail,High Risk,25-50%
S17045,80.0,High (>75%),1.5,Fail,Low Risk,75-100%
S17046,100.0,High (>75%),1.25,Fail,High Risk,75-100%
S17047,57.14,Medium (50-75%),1.3333333333333333,Fail,High Risk,50-75%
S17048,50.0,Medium (50-75%),2.5,Pass,Low Risk,25-50%
S17049,66.67,Medium (50-75%),1.1666666666666667,Fail,High Risk,50-75%
S17050,75.0,High (>75%),2.3333333333333335,Pass,Low Risk,50-75%
S17052,100.0,High (>75%),2.5,Pass,Low Risk,75-100%
S17053,100.0,High (>75%),1.25,Fail,High Risk,75-100%
S17054,60.0,Medium (50-75%),2.4,Pass,Low Risk,50-75%
S17055,83.33,High (>75%),2.142857142857143,Pass,Low Risk,75-100%
S17056,100.0,High (>75%),1.6666666666666667,Pass,Low Risk,75-100%
S17057,75.0,High (>75%),1.0,Fail,High Risk,50-75%
S17058,100.0,High (>75%),2.0,Pass,Low Risk,75-100%
S17059,100.0,High (>75%),3.6666666666666665,Distinction,Low Risk,75-100%
S17060,60.0,Medium (50-75%),2.0,Pass,Low Risk,50-75%
S17062,50.0,Medium (50-75%),2.75,Pass,Low Risk,25-50%
S17063,100.0,High (>75%),1.6666666666666667,Pass,Low Risk,75-100%
S17064,100.0,High (>75%),2.0,Pass,Low Risk,75-100%
S17065,0.0,Low (<50%),1.8,Pass,High Risk,
S17066,100.0,High (>75%),2.0,Pass,Low Risk,75-100%
S17067,75.0,High (>75%),1.6666666666666667,Pass,Low Risk,50-75%
S17068,0.0,Low (<50%),1.3333333333333333,Fail,High Risk,
S17069,0.0,Low (<50%),4.0,Distinction,High Risk,
S17070,83.33,High (>75%),3.0,Distinction,Low Risk,75-100%
S17071,100.0,High (>75%),0.0,Fail,High Risk,75-100%
S17073,100.0,High (>75%),3.0,Distinction,Low Risk,75-100%
S17074,50.0,Medium (50-75%),2.142857142857143,Pass,Low Risk,25-50%
S17075,100.0,High (>75%),2.0,Pass,Low Risk,75-100%
S17076,75.0,High (>75%),2.0,Pass,Low Risk,50-75%
S17078,0.0,Low (<50%),2.0,Pass,High Risk,
S17079,75.0,High (>75%),2.3333333333333335,Pass,Low Risk,50-75%
S17080,100.0,High (>75%),0.3333333333333333,Fail,High Risk,75-100%
S17081,100.0,High (>75%),3.0,Distinction,Low Risk,75-100%
S17082,62.5,Medium (50-75%),2.0,Pass,Low Risk,50-75%
S17083,100.0,High (>75%),1.0,Fail,High Risk,75-100%
S17084,50.0,Medium (50-75%),0.0,Fail,High Risk,25-50%
S17085,33.33,Low (<50%),0.8333333333333334,Fail,High Risk,25-50%
S17086,100.0,High (>75%),2.6666666666666665,Pass,Low Risk,75-100%
S17087,100.0,High (>75%),3.0,Distinction,Low Risk,75-100%
S17088,66.67,Medium (50-75%),0.5,Fail,High Risk,50-75%
S17089,25.0,Low (<50%),2.25,Pass,High Risk,0-25%
S17091,40.0,Low (<50%),2.25,Pass,High Risk,25-50%
S17092,50.0,Medium (50-75%),1.7142857142857142,Pass,Low Risk,25-50%
S17093,33.33,Low (<50%),1.75,Pass,High Risk,25-50%
S17095,100.0,High (>75%),1.0,Fail,High Risk,75-100%
S17096,66.67,Medium (50-75%),2.0,Pass,Low Risk,50-75%
S17097,75.0,High (>75%),1.3333333333333333,Fail,High Risk,50-75%
S17098,100.0,High (>75%),2.0,Pass,Low Risk,75-100%
S17099,71.43,Medium (50-75%),2.25,Pass,Low Risk,50-75%
S17100,66.67,Medium (50-75%),2.0,Pass,Low Risk,50-75%
S17101,50.0,Medium (50-75%),2.6666666666666665,Pass,Low Risk,25-50%
S17102,66.67,Medium (50-75%),3.25,Distinction,Low Risk,50-75%
S17103,50.0,Medium (50-75%),2.0,Pass,Low Risk,25-50%
S17104,50.0,Medium (50-75%),1.0,Fail,High Risk,25-50%
S17105,100.0,High (>75%),3.0,Distinction,Low Risk,75-100%
S17106,0.0,Low (<50%),1.6666666666666667,Pass,High Risk,
S17108,66.67,Medium (50-75%),2.0,Pass,Low Risk,50-75%
S17109,33.33,Low (<50%),1.75,Pass,High Risk,25-50%
S17110,57.14,Medium (50-75%),2.0,Pass,Low Risk,50-75%
S17111,80.0,High (>75%),1.8333333333333333,Pass,Low Risk,75-100%
S17112,100.0,High (>75%),1.3333333333333333,Fail,High Risk,75-100%
S17113,100.0,High (>75%),0.0,Fail,High Risk,75-100%
S17114,100.0,High (>75%),2.0,Pass,Low Risk,75-100%
S17115,100.0,High (>75%),1.4,Fail,High Risk,75-100%
S17116,66.67,Medium (50-75%),1.0,Fail,High Risk,50-75%
S17117,100.0,High (>75%),2.3333333333333335,Pass,Low Risk,75-100%
S17118,100.0,High (>75%),1.6,Pass,Low Risk,75-100%
S17119,0.0,Low (<50%),2.25,Pass,High Risk,
S17120,66.67,Medium (50-75%),2.5,Pass,Low Risk,50-75%
S17121,0.0,Low (<50%),2.75,Pass,High Risk,
S17122,50.0,Medium (50-75%),1.5,Fail,Low Risk,25-50%
S17123,0.0,Low (<50%),2.3333333333333335,Pass,High Risk,
S17125,0.0,Low (<50%),2.25,Pass,High Risk,
S17126,75.0,High (>75%),4.0,Distinction,Low Risk,50-75%
S17127,66.67,Medium (50-75%),3.3333333333333335,Distinction,Low Risk,50-75%
S17128,50.0,Medium (50-75%),1.2,Fail,High Risk,25-50%
S17129,50.0,Medium (50-75%),2.0,Pass,Low Risk,25-50%
S17130,100.0,High (>75%),0.8,Fail,High Risk,75-100%
S17131,66.67,Medium (50-75%),2.0,Pass,Low Risk,50-75%
S17132,100.0,High (>75%),1.0,Fail,High Risk,75-100%
S17133,100.0,High (>75%),1.0,Fail,High Risk,75-100%
S17134,0.0,Low (<50%),1.4,Fail,High Risk,
S17135,0.0,Low (<50%),2.0,Pass,High Risk,
S17136,50.0,Medium (50-75%),2.6666666666666665,Pass,Low Risk,25-50%
S17138,100.0,High (>75%),1.3333333333333333,Fail,High Risk,75-100%
S17139,100.0,High (>75%),1.3333333333333333,Fail,High Risk,75-100%
S17140,50.0,Medium (50-75%),1.4444444444444444,Fail,High Risk,25-50%
S17141,33.33,Low (<50%),2.0,Pass,High Risk,25-50%
S17142,100.0,High (>75%),3.5,Distinction,Low Risk,75-100%
S17143,60.0,Medium (50-75%),2.1666666666666665,Pass,Low Risk,50-75%
S17145,100.0,High (>75%),1.6666666666666667,Pass,Low Risk,75-100%
S17146,100.0,High (>75%),2.0,Pass,Low Risk,75-100%
S17147,50.0,Medium (50-75%),1.3333333333333333,Fail,High Risk,25-50%
S17148,50.0,Medium (50-75%),2.2,Pass,Low Risk,25-50%
S17149,50.0,Medium (50-75%),2.5,Pass,Low Risk,25-50%
S17150,100.0,High (>75%),0.0,Fail,High Risk,75-100%
S17151,100.0,High (>75%),0.3333333333333333,Fail,High Risk,75-100%
S17152,0.0,Low (<50%),3.0,Distinction,High Risk,
S17153,100.0,High (>75%),3.0,Distinction,Low Risk,75-100%
S17154,100.0,High (>75%),2.3333333333333335,Pass,Low Risk,75-100%
S17155,100.0,High (>75%),1.5,Fail,Low Risk,75-100%
S17156,100.0,High (>75%),1.5,Fail,Low Risk,75-100%
S17157,66.67,Medium (50-75%),2.0,Pass,Low Risk,50-75%
S17158,50.0,Medium (50-75%),3.0,Distinction,Low Risk,25-50%
S17159,66.67,Medium (50-75%),1.3333333333333333,Fail,High Risk,50-75%
S17160,100.0,High (>75%),0.5,Fail,High Risk,75-100%
S17161,0.0,Low (<50%),2.0,Pass,High Risk,
S17162,100.0,High (>75%),1.8,Pass,Low Risk,75-100%
S17163,66.67,Medium (50-75%),2.142857142857143,Pass,Low Risk,50-75%
S17164,100.0,High (>75%),2.6,Pass,Low Risk,75-100%
S17165,33.33,Low (<50%),1.6666666666666667,Pass,High Risk,25-50%
S17166,50.0,Medium (50-75%),1.0,Fail,High Risk,25-50%
S17167,100.0,High (>75%),1.5,Fail,Low Risk,75-100%
S17168,50.0,Medium (50-75%),1.0,Fail,High Risk,25-50%
S17169,100.0,High (>75%),2.0,Pass,Low Risk,75-100%
S17170,0.0,Low (<50%),2.0,Pass,High Risk,
S17171,100.0,High (>75%),2.6,Pass,Low Risk,75-100%
S17172,80.0,High (>75%),1.25,Fail,High Risk,75-100%
S17173,75.0,High (>75%),1.3333333333333333,Fail,High Risk,50-75%
S17174,60.0,Medium (50-75%),2.0,Pass,Low Risk,50-75%
S17175,75.0,High (>75%),2.3333333333333335,Pass,Low Risk,50-75%
S17176,100.0,High (>75%),2.75,Pass,Low Risk,75-100%
S17177,100.0,High (>75%),4.0,Distinction,Low Risk,75-100%
S17178,100.0,High (>75%),3.0,Distinction,Low Risk,75-100%
S17179,50.0,Medium (50-75%),3.0,Distinction,Low Risk,25-50%
S17180,100.0,High (>75%),0.6666666666666666,Fail,High Risk,75-100%
S17181,100.0,High (>75%),3.0,Distinction,Low Risk,75-100%
S17182,50.0,Medium (50-75%),2.0,Pass,Low Risk,25-50%
S17183,60.0,Medium (50-75%),1.5,Fail,Low Risk,50-75%
S17184,50.0,Medium (50-75%),1.6666666666666667,Pass,Low Risk,25-50%
S17185,100.0,High (>75%),0.8333333333333334,Fail,High Risk,75-100%
S17186,100.0,High (>75%),2.0,Pass,Low Risk,75-100%
S17187,75.0,High (>75%),2.75,Pass,Low Risk,50-75%
S17188,100.0,High (>75%),2.5,Pass,Low Risk,75-100%
S17189,66.67,Medium (50-75%),2.5,Pass,Low Risk,50-75%
S17192,50.0,Medium (50-75%),2.0,Pass,Low Risk,25-50%
S17193,50.0,Medium (50-75%),2.0,Pass,Low Risk,25-50%
S17195,0.0,Low (<50%),2.0,Pass,High Risk,
S17196,60.0,Medium (50-75%),2.0,Pass,Low Risk,50-75%
S17197,80.0,High (>75%),4.0,Distinction,Low Risk,75-100%
S17198,83.33,High (>75%),1.3333333333333333,Fail,High Risk,75-100%
S17199,66.67,Medium (50-75%),0.5,Fail,High Risk,50-75%
S17200,33.33,Low (<50%),2.6666666666666665,Pass,High Risk,25-50%
S17201,25.0,Low (<50%),4.0,Distinction,High Risk,0-25%
S17202,100.0,High (>75%),2.5,Pass,Low Risk,75-100%
S17203,0.0,Low (<50%),2.1666666666666665,Pass,High Risk,
S17204,50.0,Medium (50-75%),1.3333333333333333,Fail,High Risk,25-50%
S17205,100.0,High (>75%),2.0,Pass,Low Risk,75-100%
S17206,50.0,Medium (50-75%),1.75,Pass,Low Risk,25-50%
S17207,75.0,High (>75%),2.5,Pass,Low Risk,50-75%
S17208,50.0,Medium (50-75%),2.0,Pass,Low Risk,25-50%
S17209,83.33,High (>75%),0.75,Fail,High Risk,75-100%
S17210,100.0,High (>75%),2.75,Pass,Low Risk,75-100%
S17211,33.33,Low (<50%),2.25,Pass,High Risk,25-50%
S17212,66.67,Medium (50-75%),2.0,Pass,Low Risk,50-75%
S17213,0.0,Low (<50%),1.0,Fail,High Risk,
S17214,50.0,Medium (50-75%),2.0,Pass,Low Risk,25-50%
S17215,75.0,High (>75%),3.0,Distinction,Low Risk,50-75%
S17216,80.0,High (>75%),3.0,Distinction,Low Risk,75-100%
S17217,0.0,Low (<50%),1.3333333333333333,Fail,High Risk,
S17218,37.5,Low (<50%),3.0,Distinction,High Risk,25-50%
S17219,100.0,High (>75%),2.8,Pass,Low Risk,75-100%
S17220,100.0,High (>75%),2.0,Pass,Low Risk,75-100%
S17221,66.67,Medium (50-75%),1.8,Pass,Low Risk,50-75%
S17222,100.0,High (>75%),2.2,Pass,Low Risk,75-100%
S17223,33.33,Low (<50%),2.0,Pass,High Risk,25-50%
S17224,20.0,Low (<50%),1.6666666666666667,Pass,High Risk,0-25%
S17225,50.0,Medium (50-75%),1.6666666666666667,Pass,Low Risk,25-50%
S17226,80.0,High (>75%),0.5,Fail,High Risk,75-100%
S17227,100.0,High (>75%),2.0,Pass,Low Risk,75-100%
S17228,50.0,Medium (50-75%),2.25,Pass,Low Risk,25-50%
S17229,80.0,High (>75%),2.0,Pass,Low Risk,75-100%
S17230,33.33,Low (<50%),2.0,Pass,High Risk,25-50%
S17231,75.0,High (>75%),0.0,Fail,High Risk,50-75%
S17232,100.0,High (>75%),2.0,Pass,Low Risk,75-100%
S17233,40.0,Low (<50%),1.5,Fail,High Risk,25-50%
S17234,100.0,High (>75%),3.25,Distinction,Low Risk,75-100%
S17235,0.0,Low (<50%),2.0,Pass,High Risk,
S17236,0.0,Low (<50%),2.5,Pass,High Risk,
S17238,66.67,Medium (50-75%),1.2,Fail,High Risk,50-75%
S17239,75.0,High (>75%),1.1666666666666667,Fail,High Risk,50-75%
S17240,50.0,Medium (50-75%),2.3333333333333335,Pass,Low Risk,25-50%
S17241,100.0,High (>75%),2.0,Pass,Low Risk,75-100%
S17242,66.67,Medium (50-75%),2.5,Pass,Low Risk,50-75%
S17243,66.67,Medium (50-75%),2.0,Pass,Low Risk,50-75%
S17244,0.0,Low (<50%),1.0,Fail,High Risk,
S17245,0.0,Low (<50%),1.0,Fail,High Risk,
S17246,100.0,High (>75%),3.3333333333333335,Distinction,Low Risk,75-100%
S17247,60.0,Medium (50-75%),2.8,Pass,Low Risk,50-75%
S17248,66.67,Medium (50-75%),1.2,Fail,High Risk,50-75%
S17249,100.0,High (>75%),2.5,Pass,Low Risk,75-100%
S17250,100.0,High (>75%),2.6666666666666665,Pass,Low Risk,75-100%
S17251,50.0,Medium (50-75%),2.0,Pass,Low Risk,25-50%
S17252,0.0,Low (<50%),3.3333333333333335,Distinction,High Risk,
S17253,66.67,Medium (50-75%),1.0,Fail,High Risk,50-75%
S17254,66.67,Medium (50-75%),2.0,Pass,Low Risk,50-75%
S17255,100.0,High (>75%),2.0,Pass,Low Risk,75-100%
S17256,0.0,Low (<50%),1.6666666666666667,Pass,High Risk,
S17257,75.0,High (>75%),0.0,Fail,High Risk,50-75%
S17258,75.0,High (>75%),3.6,Distinction,Low Risk,50-75%
S17259,83.33,High (>75%),3.0,Distinction,Low Risk,75-100%
S17260,80.0,High (>75%),1.25,Fail,High Risk,75-100%
S17261,100.0,High (>75%),3.5,Distinction,Low Risk,75-100%
S17262,0.0,Low (<50%),1.2,Fail,High Risk,
S17263,66.67,Medium (50-75%),2.0,Pass,Low Risk,50-75%
S17264,50.0,Medium (50-75%),2.5,Pass,Low Risk,25-50%
S17265,0.0,Low (<50%),2.4,Pass,High Risk,
S17266,0.0,Low (<50%),2.0,Pass,High Risk,
S17267,0.0,Low (<50%),2.5,Pass,High Risk,
S17268,100.0,High (>75%),2.5,Pass,Low Risk,75-100%
S17269,50.0,Medium (50-75%),1.3333333333333333,Fail,High Risk,25-50%
S17270,66.67,Medium (50-75%),1.6666666666666667,Pass,Low Risk,50-75%
S17271,60.0,Medium (50-75%),2.2,Pass,Low Risk,50-75%
S17272,50.0,Medium (50-75%),2.8,Pass,Low Risk,25-50%
S17273,66.67,Medium (50-75%),2.0,Pass,Low Risk,50-75%
S17274,100.0,High (>75%),2.6666666666666665,Pass,Low Risk,75-100%
S17275,100.0,High (>75%),0.6666666666666666,Fail,High Risk,75-100%
S17276,100.0,High (>75%),1.5,Fail,Low Risk,75-100%
S17277,100.0,High (>75%),4.0,Distinction,Low Risk,75-100%
S17279,100.0,High (>75%),2.0,Pass,Low Risk,75-100%
S17280,66.67,Medium (50-75%),1.0,Fail,High Risk,50-75%
S17281,50.0,Medium (50-75%),1.0,Fail,High Risk,25-50%
S17282,66.67,Medium (50-75%),2.5,Pass,Low Risk,50-75%
S17283,66.67,Medium (50-75%),3.0,Distinction,Low Risk,50-75%
S17284,75.0,High (>75%),2.6666666666666665,Pass,Low Risk,50-75%
S17285,50.0,Medium (50-75%),1.0,Fail,High Risk,25-50%
S17287,66.67,Medium (50-75%),2.0,Pass,Low Risk,50-75%
S17288,50.0,Medium (50-75%),2.4285714285714284,Pass,Low Risk,25-50%
S17289,100.0,High (>75%),2.5,Pass,Low Risk,75-100%
S17290,66.67,Medium (50-75%),1.0,Fail,High Risk,50-75%
S17291,100.0,High (>75%),2.6666666666666665,Pass,Low Risk,75-100%
S17292,80.0,High (>75%),2.3333333333333335,Pass,Low Risk,75-100%
S17293,50.0,Medium (50-75%),0.0,Fail,High Risk,25-50%
S17294,100.0,High (>75%),3.0,Distinction,Low Risk,75-100%
S17295,33.33,Low (<50%),2.2,Pass,High Risk,25-50%
S17296,100.0,High (>75%),2.0,Pass,Low Risk,75-100%
S17297,33.33,Low (<50%),2.4285714285714284,Pass,High Risk,25-50%
S17298,100.0,High (>75%),3.0,Distinction,Low Risk,75-100%
S17299,100.0,High (>75%),2.3333333333333335,Pass,Low Risk,75-100%
S17300,66.67,Medium (50-75%),3.0,Distinction,Low Risk,50-75%
S17301,66.67,Medium (50-75%),2.0,Pass,Low Risk,50-75%
S17302,66.67,Medium (50-75%),0.6666666666666666,Fail,High Risk,50-75%
S17304,33.33,Low (<50%),1.0,Fail,High Risk,25-50%
S17305,100.0,High (>75%),2.5,Pass,Low Risk,75-100%
S17306,100.0,High (>75%),2.0,Pass,Low Risk,75-100%
S17307,66.67,Medium (50-75%),2.0,Pass,Low Risk,50-75%
S17308,0.0,Low (<50%),3.0,Distinction,High Risk,
S17309,75.0,High (>75%),2.8,Pass,Low Risk,50-75%
S17310,100.0,High (>75%),1.5,Fail,Low Risk,75-100%
S17311,33.33,Low (<50%),2.0,Pass,High Risk,25-50%
S17312,100.0,High (>75%),2.3333333333333335,Pass,Low Risk,75-100%
S17313,75.0,High (>75%),1.8333333333333333,Pass,Low Risk,50-75%
S17314,100.0,High (>75%),1.75,Pass,Low Risk,75-100%
S17315,100.0,High (>75%),1.0,Fail,High Risk,75-100%
S17316,100.0,High (>75%),2.0,Pass,Low Risk,75-100%
S17317,0.0,Low (<50%),4.0,Distinction,High Risk,
S17318,33.33,Low (<50%),1.875,Pass,High Risk,25-50%
S17319,66.67,Medium (50-75%),1.5,Fail,Low Risk,50-75%
S17320,66.67,Medium (50-75%),2.6666666666666665,Pass,Low Risk,50-75%
S17321,75.0,High (>75%),1.0,Fail,High Risk,50-75%
S17322,100.0,High (>75%),1.75,Pass,Low Risk,75-100%
S17323,33.33,Low (<50%),2.0,Pass,High Risk,25-50%
S17324,100.0,High (>75%),3.0,Distinction,Low Risk,75-100%
S17325,33.33,Low (<50%),3.0,Distinction,High Risk,25-50%
S17326,100.0,High (>75%),3.0,Distinction,Low Risk,75-100%
S17327,60.0,Medium (50-75%),2.0,Pass,Low Risk,50-75%
S17328,50.0,Medium (50-75%),1.2,Fail,High Risk,25-50%
S17329,100.0,High (>75%),1.7142857142857142,Pass,Low Risk,75-100%
S17330,100.0,High (>75%),2.3333333333333335,Pass,Low Risk,75-100%
S17331,80.0,High (>75%),3.0,Distinction,Low Risk,75-100%
S17332,50.0,Medium (50-75%),1.4,Fail,High Risk,25-50%
S17333,100.0,High (>75%),1.6666666666666667,Pass,Low Risk,75-100%
S17334,33.33,Low (<50%),0.8,Fail,High Risk,25-50%
S17335,66.67,Medium (50-75%),4.0,Distinction,Low Risk,50-75%
S17336,100.0,High (>75%),2.0,Pass,Low Risk,75-100%
S17337,100.0,High (>75%),2.0,Pass,Low Risk,75-100%
S17338,0.0,Low (<50%),1.6,Pass,High Risk,
S17339,0.0,Low (<50%),1.8,Pass,High Risk,
S17340,66.67,Medium (50-75%),1.0,Fail,High Risk,50-75%
S17341,75.0,High (>75%),2.5,Pass,Low Risk,50-75%
S17343,0.0,Low (<50%),2.0,Pass,High Risk,
S17344,50.0,Medium (50-75%),1.6,Pass,Low Risk,25-50%
S17345,85.71,High (>75%),2.0,Pass,Low Risk,75-100%
S17346,0.0,Low (<50%),2.1666666666666665,Pass,High Risk,
S17347,50.0,Medium (50-75%),2.8,Pass,Low Risk,25-50%
S17348,50.0,Medium (50-75%),2.3333333333333335,Pass,Low Risk,25-50%
S17349,66.67,Medium (50-75%),1.75,Pass,Low Risk,50-75%
S17350,60.0,Medium (50-75%),2.0,Pass,Low Risk,50-75%
S17351,66.67,Medium (50-75%),3.5,Distinction,Low Risk,50-75%
S17352,66.67,Medium (50-75%),0.75,Fail,High Risk,50-75%
S17353,0.0,Low (<50%),2.4285714285714284,Pass,High Risk,
S17354,25.0,Low (<50%),2.6666666666666665,Pass,High Risk,0-25%
S17355,80.0,High (>75%),0.5,Fail,High Risk,75-100%
S17357,50.0,Medium (50-75%),1.75,Pass,Low Risk,25-50%
S17358,100.0,High (>75%),2.4,Pass,Low Risk,75-100%
S17359,100.0,High (>75%),2.0,Pass,Low Risk,75-100%
S17360,100.0,High (>75%),1.5,Fail,Low Risk,75-100%
S17361,50.0,Medium (50-75%),4.0,Distinction,Low Risk,25-50%
S17362,40.0,Low (<50%),3.5,Distinction,High Risk,25-50%
S17363,0.0,Low (<50%),4.0,Distinction,High Risk,
S17364,75.0,High (>75%),3.0,Distinction,Low Risk,50-75%
S17366,25.0,Low (<50%),2.5,Pass,High Risk,0-25%
S17367,33.33,Low (<50%),2.25,Pass,High Risk,25-50%
S17368,100.0,High (>75%),2.0,Pass,Low Risk,75-100%
S17369,100.0,High (>75%),2.0,Pass,Low Risk,75-100%
S17370,50.0,Medium (50-75%),2.1666666666666665,Pass,Low Risk,25-50%
S17371,60.0,Medium (50-75%),1.6,Pass,Low Risk,50-75%
S17372,66.67,Medium (50-75%),1.2,Fail,High Risk,50-75%
S17373,50.0,Medium (50-75%),2.75,Pass,Low Risk,25-50%
S17374,50.0,Medium (50-75%),0.6666666666666666,Fail,High Risk,25-50%
S17375,100.0,High (>75%),2.3333333333333335,Pass,Low Risk,75-100%
S17376,100.0,High (>75%),3.0,Distinction,Low Risk,75-100%
S17377,75.0,High (>75%),1.6,Pass,Low Risk,50-75%
S17378,50.0,Medium (50-75%),2.0,Pass,Low Risk,25-50%
S17379,75.0,High (>75%),1.0,Fail,High Risk,50-75%
S17380,0.0,Low (<50%),2.25,Pass,High Risk,
S17381,100.0,High (>75%),2.5,Pass,Low Risk,75-100%
S17382,60.0,Medium (50-75%),4.0,Distinction,Low Risk,50-75%
S17383,50.0,Medium (50-75%),1.0,Fail,High Risk,25-50%
S17384,100.0,High (>75%),2.8,Pass,Low Risk,75-100%
S17385,100.0,High (>75%),2.5,Pass,Low Risk,75-100%
S17386,100.0,High (>75%),2.5,Pass,Low Risk,75-100%
S17387,0.0,Low (<50%),2.142857142857143,Pass,High Risk,
S17388,66.67,Medium (50-75%),2.0,Pass,Low Risk,50-75%
S17389,25.0,Low (<50%),1.3333333333333333,Fail,High Risk,0-25%
S17390,0.0,Low (<50%),1.0,Fail,High Risk,
S17391,33.33,Low (<50%),4.0,Distinction,High Risk,25-50%
S17393,100.0,High (>75%),2.5,Pass,Low Risk,75-100%
S17394,100.0,High (>75%),2.25,Pass,Low Risk,75-100%
S17395,75.0,High (>75%),4.0,Distinction,Low Risk,50-75%
S17396,66.67,Medium (50-75%),2.0,Pass,Low Risk,50-75%
S17397,75.0,High (>75%),2.0,Pass,Low Risk,50-75%
S17399,0.0,Low (<50%),1.0,Fail,High Risk,
S17400,100.0,High (>75%),1.3333333333333333,Fail,High Risk,75-100%
S17401,100.0,High (>75%),2.75,Pass,Low Risk,75-100%
S17402,100.0,High (>75%),1.5,Fail,Low Risk,75-100%
S17403,0.0,Low (<50%),1.8571428571428572,Pass,High Risk,
S17404,33.33,Low (<50%),2.0,Pass,High Risk,25-50%
S17405,33.33,Low (<50%),2.25,Pass,High Risk,25-50%
S17407,50.0,Medium (50-75%),2.0,Pass,Low Risk,25-50%
S17408,40.0,Low (<50%),1.0,Fail,High Risk,25-50%
S17409,50.0,Medium (50-75%),2.3333333333333335,Pass,Low Risk,25-50%
S17410,71.43,Medium (50-75%),1.4,Fail,High Risk,50-75%
S17411,66.67,Medium (50-75%),2.3333333333333335,Pass,Low Risk,50-75%
S17413,100.0,High (>75%),3.0,Distinction,Low Risk,75-100%
S17414,66.67,Medium (50-75%),3.0,Distinction,Low Risk,50-75%
S17415,50.0,Medium (50-75%),1.5,Fail,Low Risk,25-50%
S17416,25.0,Low (<50%),2.5,Pass,High Risk,0-25%
S17417,50.0,Medium (50-75%),1.5,Fail,Low Risk,25-50%
S17418,50.0,Medium (50-75%),2.0,Pass,Low Risk,25-50%
S17419,25.0,Low (<50%),2.0,Pass,High Risk,0-25%
S17420,50.0,Medium (50-75%),2.3333333333333335,Pass,Low Risk,25-50%
S17421,0.0,Low (<50%),2.0,Pass,High Risk,
S17422,60.0,Medium (50-75%),2.0,Pass,Low Risk,50-75%
S17424,100.0,High (>75%),1.6666666666666667,Pass,Low Risk,75-100%
S17425,50.0,Medium (50-75%),1.25,Fail,High Risk,25-50%
S17426,0.0,Low (<50%),3.0,Distinction,High Risk,
S17427,66.67,Medium (50-75%),2.0,Pass,Low Risk,50-75%
S17428,75.0,High (>75%),4.0,Distinction,Low Risk,50-75%
S17429,33.33,Low (<50%),2.5,Pass,High Risk,25-50%
S17430,80.0,High (>75%),3.6666666666666665,Distinction,Low Risk,75-100%
S17431,33.33,Low (<50%),4.0,Distinction,High Risk,25-50%
S17432,50.0,Medium (50-75%),1.3333333333333333,Fail,High Risk,25-50%
S17433,80.0,High (>75%),1.0,Fail,High Risk,75-100%
S17434,100.0,High (>75%),1.8,Pass,Low Risk,75-100%
S17435,50.0,Medium (50-75%),2.142857142857143,Pass,Low Risk,25-50%
S17436,100.0,High (>75%),2.0,Pass,Low Risk,75-100%
S17438,50.0,Medium (50-75%),2.6666666666666665,Pass,Low Risk,25-50%
S17439,50.0,Medium (50-75%),1.5,Fail,Low Risk,25-50%
S17440,0.0,Low (<50%),1.5,Fail,High Risk,
S17441,100.0,High (>75%),3.25,Distinction,Low Risk,75-100%
S17442,66.67,Medium (50-75%),1.0,Fail,High Risk,50-75%
S17444,0.0,Low (<50%),3.0,Distinction,High Risk,
S17445,100.0,High (>75%),2.5,Pass,Low Risk,75-100%
S17446,100.0,High (>75%),2.75,Pass,Low Risk,75-100%
S17447,71.43,Medium (50-75%),4.0,Distinction,Low Risk,50-75%
S17449,100.0,High (>75%),1.0,Fail,High Risk,75-100%
S17450,50.0,Medium (50-75%),2.3333333333333335,Pass,Low Risk,25-50%
S17451,100.0,High (>75%),2.5,Pass,Low Risk,75-100%
S17452,100.0,High (>75%),1.1666666666666667,Fail,High Risk,75-100%
S17453,100.0,High (>75%),2.0,Pass,Low Risk,75-100%
S17454,33.33,Low (<50%),2.4285714285714284,Pass,High Risk,25-50%
S17455,80.0,High (>75%),0.5,Fail,High Risk,75-100%
S17456,33.33,Low (<50%),1.5,Fail,High Risk,25-50%
S17457,100.0,High (>75%),1.6666666666666667,Pass,Low Risk,75-100%
S17458,50.0,Medium (50-75%),3.0,Distinction,Low Risk,25-50%
S17459,33.33,Low (<50%),2.0,Pass,High Risk,25-50%
S17460,33.33,Low (<50%),2.0,Pass,High Risk,25-50%
S17461,100.0,High (>75%),2.5,Pass,Low Risk,75-100%
S17462,100.0,High (>75%),2.3333333333333335,Pass,Low Risk,75-100%
S17463,100.0,High (>75%),3.3333333333333335,Distinction,Low Risk,75-100%
S17465,100.0,High (>75%),2.25,Pass,Low Risk,75-100%
S17466,75.0,High (>75%),2.5,Pass,Low Risk,50-75%
S17467,0.0,Low (<50%),2.5,Pass,High Risk,
S17468,100.0,High (>75%),2.2,Pass,Low Risk,75-100%
S17469,0.0,Low (<50%),1.5,Fail,High Risk,
S17470,100.0,High (>75%),2.5,Pass,Low Risk,75-100%
S17471,60.0,Medium (50-75%),3.0,Distinction,Low Risk,50-75%
S17472,0.0,Low (<50%),1.5,Fail,High Risk,
S17473,75.0,High (>75%),1.8,Pass,Low Risk,50-75%
S17474,100.0,High (>75%),1.8571428571428572,Pass,Low Risk,75-100%
S17475,0.0,Low (<50%),1.0,Fail,High Risk,
S17476,100.0,High (>75%),3.5,Distinction,Low Risk,75-100%
S17477,0.0,Low (<50%),1.6,Pass,High Risk,
S17478,60.0,Medium (50-75%),1.0,Fail,High Risk,50-75%
S17479,100.0,High (>75%),1.0,Fail,High Risk,75-100%
S17480,71.43,Medium (50-75%),2.2,Pass,Low Risk,50-75%
S17481,100.0,High (>75%),2.0,Pass,Low Risk,75-100%
S17483,80.0,High (>75%),0.75,Fail,High Risk,75-100%
S17484,100.0,High (>75%),2.75,Pass,Low Risk,75-100%
S17485,100.0,High (>75%),1.6666666666666667,Pass,Low Risk,75-100%
S17486,25.0,Low (<50%),1.5,Fail,High Risk,0-25%
S17487,50.0,Medium (50-75%),2.0,Pass,Low Risk,25-50%
S17488,33.33,Low (<50%),2.0,Pass,High Risk,25-50%
S17489,100.0,High (>75%),2.6666666666666665,Pass,Low Risk,75-100%
S17491,100.0,High (>75%),0.0,Fail,High Risk,75-100%
S17492,50.0,Medium (50-75%),1.0,Fail,High Risk,25-50%
S17493,50.0,Medium (50-75%),2.0,Pass,Low Risk,25-50%
S17494,50.0,Medium (50-75%),0.0,Fail,High Risk,25-50%
S17495,0.0,Low (<50%),1.3333333333333333,Fail,High Risk,
S17496,33.33,Low (<50%),0.75,Fail,High Risk,25-50%
S17497,66.67,Medium (50-75%),0.75,Fail,High Risk,50-75%
S17498,50.0,Medium (50-75%),4.0,Distinction,Low Risk,25-50%
S17499,66.67,Medium (50-75%),2.6666666666666665,Pass,Low Risk,50-75%
S17500,100.0,High (>75%),3.0,Distinction,Low Risk,75-100%
S17501,100.0,High (>75%),1.75,Pass,Low Risk,75-100%
S17502,0.0,Low (<50%),2.0,Pass,High Risk,
S17503,100.0,High (>75%),4.0,Distinction,Low Risk,75-100%
S17504,100.0,High (>75%),1.6666666666666667,Pass,Low Risk,75-100%
S17505,50.0,Medium (50-75%),2.1666666666666665,Pass,Low Risk,25-50%
S17506,66.67,Medium (50-75%),2.3333333333333335,Pass,Low Risk,50-75%
S17507,100.0,High (>75%),1.5,Fail,Low Risk,75-100%
S17508,100.0,High (>75%),2.5,Pass,Low Risk,75-100%
S17509,50.0,Medium (50-75%),1.8333333333333333,Pass,Low Risk,25-50%
S17510,80.0,High (>75%),2.6666666666666665,Pass,Low Risk,75-100%
S17511,100.0,High (>75%),2.6666666666666665,Pass,Low Risk,75-100%
S17512,66.67,Medium (50-75%),1.6666666666666667,Pass,Low Risk,50-75%
S17513,50.0,Medium (50-75%),2.6666666666666665,Pass,Low Risk,25-50%
S17514,100.0,High (>75%),3.0,Distinction,Low Risk,75-100%
S17515,60.0,Medium (50-75%),0.75,Fail,High Risk,50-75%
S17516,50.0,Medium (50-75%),2.0,Pass,Low Risk,25-50%
S17517,50.0,Medium (50-75%),2.142857142857143,Pass,Low Risk,25-50%
S17518,50.0,Medium (50-75%),1.8333333333333333,Pass,Low Risk,25-50%
S17519,0.0,Low (<50%),2.0,Pass,High Risk,
S17520,100.0,High (>75%),3.6666666666666665,Distinction,Low Risk,75-100%
S17521,75.0,High (>75%),2.8,Pass,Low Risk,50-75%
S17523,50.0,Medium (50-75%),2.0,Pass,Low Risk,25-50%
S17524,66.67,Medium (50-75%),2.0,Pass,Low Risk,50-75%
S17525,40.0,Low (<50%),2.0,Pass,High Risk,25-50%
S17526,100.0,High (>75%),2.6666666666666665,Pass,Low Risk,75-100%
S17527,100.0,High (>75%),0.75,Fail,High Risk,75-100%
S17529,33.33,Low (<50%),2.25,Pass,High Risk,25-50%
S17530,100.0,High (>75%),2.0,Pass,Low Risk,75-100%
S17531,33.33,Low (<50%),1.6666666666666667,Pass,High Risk,25-50%
S17532,100.0,High (>75%),1.4,Fail,High Risk,75-100%
S17533,100.0,High (>75%),2.0,Pass,Low Risk,75-100%
S17534,0.0,Low (<50%),1.5,Fail,High Risk,
S17535,75.0,High (>75%),2.5714285714285716,Pass,Low Risk,50-75%
S17536,66.67,Medium (50-75%),2.2,Pass,Low Risk,50-75%
S17537,100.0,High (>75%),1.6,Pass,Low Risk,75-100%
S17538,25.0,Low (<50%),1.0,Fail,High Risk,0-25%
S17539,75.0,High (>75%),0.6,Fail,High Risk,50-75%
S17541,100.0,High (>75%),1.3333333333333333,Fail,High Risk,75-100%
S17542,71.43,Medium (50-75%),1.0,Fail,High Risk,50-75%
S17543,100.0,High (>75%),1.25,Fail,High Risk,75-100%
S17544,60.0,Medium (50-75%),2.375,Pass,Low Risk,50-75%
S17545,100.0,High (>75%),2.6666666666666665,Pass,Low Risk,75-100%
S17546,100.0,High (>75%),3.0,Distinction,Low Risk,75-100%
S17547,100.0,High (>75%),1.75,Pass,Low Risk,75-100%
S17548,100.0,High (>75%),1.0,Fail,High Risk,75-100%
S17549,0.0,Low (<50%),2.5,Pass,High Risk,
S17550,100.0,High (>75%),2.8,Pass,Low Risk,75-100%
S17551,66.67,Medium (50-75%),2.5,Pass,Low Risk,50-75%
S17552,100.0,High (>75%),1.6,Pass,Low Risk,75-100%
S17553,25.0,Low (<50%),1.5,Fail,High Risk,0-25%
S17554,50.0,Medium (50-75%),3.0,Distinction,Low Risk,25-50%
S17555,66.67,Medium (50-75%),2.0,Pass,Low Risk,50-75%
S17556,66.67,Medium (50-75%),3.0,Distinction,Low Risk,50-75%
S17557,66.67,Medium (50-75%),3.0,Distinction,Low Risk,50-75%
S17558,100.0,High (>75%),1.3333333333333333,Fail,High Risk,75-100%
S17559,50.0,Medium (50-75%),2.5,Pass,Low Risk,25-50%
S17561,50.0,Medium (50-75%),1.75,Pass,Low Risk,25-50%
S17562,20.0,Low (<50%),2.25,Pass,High Risk,0-25%
S17563,100.0,High (>75%),2.0,Pass,Low Risk,75-100%
S17565,100.0,High (>75%),3.6666666666666665,Distinction,Low Risk,75-100%
S17566,50.0,Medium (50-75%),3.8,Distinction,Low Risk,25-50%
S17567,80.0,High (>75%),3.0,Distinction,Low Risk,75-100%
S17568,66.67,Medium (50-75%),2.0,Pass,Low Risk,50-75%
S17569,0.0,Low (<50%),2.5,Pass,High Risk,
S17570,100.0,High (>75%),1.6666666666666667,Pass,Low Risk,75-100%
S17571,85.71,High (>75%),2.25,Pass,Low Risk,75-100%
S17572,0.0,Low (<50%),3.0,Distinction,High Risk,
S17573,50.0,Medium (50-75%),2.8333333333333335,Pass,Low Risk,25-50%
S17574,100.0,High (>75%),3.5,Distinction,Low Risk,75-100%
S17575,66.67,Medium (50-75%),3.0,Distinction,Low Risk,50-75%
S17576,50.0,Medium (50-75%),3.2,Distinction,Low Risk,25-50%
S17577,50.0,Medium (50-75%),2.25,Pass,Low Risk,25-50%
S17578,80.0,High (>75%),1.3333333333333333,Fail,High Risk,75-100%
S17579,66.67,Medium (50-75%),2.0,Pass,Low Risk,50-75%
S17580,50.0,Medium (50-75%),4.0,Distinction,Low Risk,25-50%
S17581,66.67,Medium (50-75%),2.5,Pass,Low Risk,50-75%
S17582,0.0,Low (<50%),1.8,Pass,High Risk,
S17583,50.0,Medium (50-75%),2.6666666666666665,Pass,Low Risk,25-50%
S17584,100.0,High (>75%),2.25,Pass,Low Risk,75-100%
S17585,60.0,Medium (50-75%),1.0,Fail,High Risk,50-75%
S17586,62.5,Medium (50-75%),2.0,Pass,Low Risk,50-75%
S17587,100.0,High (>75%),1.6666666666666667,Pass,Low Risk,75-100%
S17588,66.67,Medium (50-75%),2.1666666666666665,Pass,Low Risk,50-75%
S17589,40.0,Low (<50%),2.0,Pass,High Risk,25-50%
S17590,100.0,High (>75%),2.5,Pass,Low Risk,75-100%
S17591,60.0,Medium (50-75%),3.0,Distinction,Low Risk,50-75%
S17592,50.0,Medium (50-75%),3.0,Distinction,Low Risk,25-50%
S17593,100.0,High (>75%),2.142857142857143,Pass,Low Risk,75-100%
S17594,100.0,High (>75%),2.6666666666666665,Pass,Low Risk,75-100%
S17595,25.0,Low (<50%),2.8,Pass,High Risk,0-25%
S17596,50.0,Medium (50-75%),1.75,Pass,Low Risk,25-50%
S17597,0.0,Low (<50%),2.4,Pass,High Risk,
S17598,83.33,High (>75%),0.0,Fail,High Risk,75-100%
S17599,66.67,Medium (50-75%),1.75,Pass,Low Risk,50-75%
S17600,50.0,Medium (50-75%),0.0,Fail,High Risk,25-50%
S17601,50.0,Medium (50-75%),2.0,Pass,Low Risk,25-50%
S17602,0.0,Low (<50%),2.25,Pass,High Risk,
S17603,25.0,Low (<50%),3.0,Distinction,High Risk,0-25%
S17604,50.0,Medium (50-75%),0.0,Fail,High Risk,25-50%
S17605,100.0,High (>75%),1.75,Pass,Low Risk,75-100%
S17606,50.0,Medium (50-75%),1.0,Fail,High Risk,25-50%
S17607,0.0,Low (<50%),1.6666666666666667,Pass,High Risk,
S17608,100.0,High (>75%),2.0,Pass,Low Risk,75-100%
S17609,100.0,High (>75%),1.2,Fail,High Risk,75-100%
S17610,100.0,High (>75%),4.0,Distinction,Low Risk,75-100%
S17611,0.0,Low (<50%),1.6666666666666667,Pass,High Risk,
S17612,50.0,Medium (50-75%),2.75,Pass,Low Risk,25-50%
S17613,50.0,Medium (50-75%),2.25,Pass,Low Risk,25-50%
S17614,100.0,High (>75%),2.3333333333333335,Pass,Low Risk,75-100%
S17615,66.67,Medium (50-75%),1.6,Pass,Low Risk,50-75%
S17616,50.0,Medium (50-75%),1.6666666666666667,Pass,Low Risk,25-50%
S17617,33.33,Low (<50%),2.0,Pass,High Risk,25-50%
S17618,80.0,High (>75%),1.6666666666666667,Pass,Low Risk,75-100%
S17619,50.0,Medium (50-75%),2.0,Pass,Low Risk,25-50%
S17620,100.0,High (>75%),3.3333333333333335,Distinction,Low Risk,75-100%
S17621,66.67,Medium (50-75%),1.4,Fail,High Risk,50-75%
S17622,50.0,Medium (50-75%),2.6,Pass,Low Risk,25-50%
S17623,50.0,Medium (50-75%),1.75,Pass,Low Risk,25-50%
S17624,75.0,High (>75%),2.0,Pass,Low Risk,50-75%
S17625,75.0,High (>75%),1.8,Pass,Low Risk,50-75%
S17626,100.0,High (>75%),2.5,Pass,Low Risk,75-100%
S17627,66.67,Medium (50-75%),2.0,Pass,Low Risk,50-75%
S17628,100.0,High (>75%),2.3333333333333335,Pass,Low Risk,75-100%
S17629,50.0,Medium (50-75%),3.0,Distinction,Low Risk,25-50%
S17630,75.0,High (>75%),2.0,Pass,Low Risk,50-75%
S17631,80.0,High (>75%),1.8,Pass,Low Risk,75-100%
S17633,50.0,Medium (50-75%),1.6666666666666667,Pass,Low Risk,25-50%
S17634,100.0,High (>75%),1.6666666666666667,Pass,Low Risk,75-100%
S17635,100.0,High (>75%),1.3333333333333333,Fail,High Risk,75-100%
S17636,100.0,High (>75%),1.3333333333333333,Fail,High Risk,75-100%
S17637,80.0,High (>75%),2.0,Pass,Low Risk,75-100%
S17638,66.67,Medium (50-75%),3.0,Distinction,Low Risk,50-75%
S17639,100.0,High (>75%),1.5,Fail,Low Risk,75-100%
S17640,80.0,High (>75%),1.4285714285714286,Fail,High Risk,75-100%
S17641,100.0,High (>75%),3.25,Distinction,Low Risk,75-100%
S17642,50.0,Medium (50-75%),1.3333333333333333,Fail,High Risk,25-50%
S17643,0.0,Low (<50%),1.0,Fail,High Risk,
S17644,50.0,Medium (50-75%),1.6666666666666667,Pass,Low Risk,25-50%
S17645,28.57,Low (<50%),1.3333333333333333,Fail,High Risk,25-50%
S17646,100.0,High (>75%),4.0,Distinction,Low Risk,75-100%
S17647,66.67,Medium (50-75%),0.5,Fail,High Risk,50-75%
S17648,100.0,High (>75%),3.0,Distinction,Low Risk,75-100%
S17649,75.0,High (>75%),0.3333333333333333,Fail,High Risk,50-75%
S17650,0.0,Low (<50%),2.5,Pass,High Risk,
S17651,75.0,High (>75%),2.0,Pass,Low Risk,50-75%
S17652,66.67,Medium (50-75%),3.3333333333333335,Distinction,Low Risk,50-75%
S17654,66.67,Medium (50-75%),2.5714285714285716,Pass,Low Risk,50-75%
S17655,100.0,High (>75%),1.25,Fail,High Risk,75-100%
S17656,66.67,Medium (50-75%),3.3333333333333335,Distinction,Low Risk,50-75%
S17657,100.0,High (>75%),1.3333333333333333,Fail,High Risk,75-100%
S17658,33.33,Low (<50%),1.4285714285714286,Fail,High Risk,25-50%
S17659,100.0,High (>75%),3.0,Distinction,Low Risk,75-100%
S17660,33.33,Low (<50%),2.4,Pass,High Risk,25-50%
S17661,100.0,High (>75%),2.2,Pass,Low Risk,75-100%
S17662,40.0,Low (<50%),1.6666666666666667,Pass,High Risk,25-50%
S17663,50.0,Medium (50-75%),2.6,Pass,Low Risk,25-50%
S17664,0.0,Low (<50%),2.3333333333333335,Pass,High Risk,
S17665,66.67,Medium (50-75%),2.0,Pass,Low Risk,50-75%
S17666,75.0,High (>75%),3.0,Distinction,Low Risk,50-75%
S17667,25.0,Low (<50%),1.8,Pass,High Risk,0-25%
S17668,0.0,Low (<50%),2.7142857142857144,Pass,High Risk,
S17669,50.0,Medium (50-75%),1.0,Fail,High Risk,25-50%
S17670,100.0,High (>75%),2.5714285714285716,Pass,Low Risk,75-100%
S17671,0.0,Low (<50%),1.5,Fail,High Risk,
S17672,40.0,Low (<50%),2.6666666666666665,Pass,High Risk,25-50%
S17673,100.0,High (>75%),1.5,Fail,Low Risk,75-100%
S17674,75.0,High (>75%),1.5,Fail,Low Risk,50-75%
S17675,100.0,High (>75%),1.0,Fail,High Risk,75-100%
S17676,62.5,Medium (50-75%),0.0,Fail,High Risk,50-75%
S17677,60.0,Medium (50-75%),1.2,Fail,High Risk,50-75%
S17678,50.0,Medium (50-75%),2.3333333333333335,Pass,Low Risk,25-50%
S17680,100.0,High (>75%),1.5,Fail,Low Risk,75-100%
S17681,50.0,Medium (50-75%),2.0,Pass,Low Risk,25-50%
S17682,80.0,High (>75%),1.8,Pass,Low Risk,75-100%
S17683,100.0,High (>75%),1.8333333333333333,Pass,Low Risk,75-100%
S17684,50.0,Medium (50-75%),2.75,Pass,Low Risk,25-50%
S17685,75.0,High (>75%),1.5,Fail,Low Risk,50-75%
S17686,80.0,High (>75%),3.0,Distinction,Low Risk,75-100%
S17687,66.67,Medium (50-75%),2.5,Pass,Low Risk,50-75%
S17688,0.0,Low (<50%),1.6666666666666667,Pass,High Risk,
S17689,33.33,Low (<50%),2.0,Pass,High Risk,25-50%
S17690,80.0,High (>75%),3.0,Distinction,Low Risk,75-100%
S17691,83.33,High (>75%),2.4285714285714284,Pass,Low Risk,75-100%
S17692,66.67,Medium (50-75%),2.0,Pass,Low Risk,50-75%
S17693,50.0,Medium (50-75%),3.0,Distinction,Low Risk,25-50%
S17694,50.0,Medium (50-75%),2.2,Pass,Low Risk,25-50%
S17695,66.67,Medium (50-75%),1.8,Pass,Low Risk,50-75%
S17696,50.0,Medium (50-75%),1.0,Fail,High Risk,25-50%
S17697,100.0,High (>75%),1.0,Fail,High Risk,75-100%
S17698,0.0,Low (<50%),1.8,Pass,High Risk,
S17699,66.67,Medium (50-75%),2.5,Pass,Low Risk,50-75%
S17700,100.0,High (>75%),2.0,Pass,Low Risk,75-100%
S17701,100.0,High (>75%),1.4,Fail,High Risk,75-100%
S17702,100.0,High (>75%),2.6666666666666665,Pass,Low Risk,75-100%
S17703,50.0,Medium (50-75%),3.0,Distinction,Low Risk,25-50%
S17704,50.0,Medium (50-75%),2.5,Pass,Low Risk,25-50%
S17705,75.0,High (>75%),4.0,Distinction,Low Risk,50-75%
S17706,100.0,High (>75%),1.0,Fail,High Risk,75-100%
S17707,50.0,Medium (50-75%),2.0,Pass,Low Risk,25-50%
S17708,66.67,Medium (50-75%),1.8,Pass,Low Risk,50-75%
S17709,66.67,Medium (50-75%),0.5,Fail,High Risk,50-75%
S17710,100.0,High (>75%),0.25,Fail,High Risk,75-100%
S17711,100.0,High (>75%),2.0,Pass,Low Risk,75-100%
S17712,80.0,High (>75%),2.0,Pass,Low Risk,75-100%
S17713,33.33,Low (<50%),2.4,Pass,High Risk,25-50%
S17714,100.0,High (>75%),1.5,Fail,Low Risk,75-100%
S17715,100.0,High (>75%),1.5,Fail,Low Risk,75-100%
S17716,33.33,Low (<50%),2.6666666666666665,Pass,High Risk,25-50%
S17717,50.0,Medium (50-75%),2.0,Pass,Low Risk,25-50%
S17718,100.0,High (>75%),1.4,Fail,High Risk,75-100%
S17719,0.0,Low (<50%),2.25,Pass,High Risk,
S17720,50.0,Medium (50-75%),1.0,Fail,High Risk,25-50%
S17721,100.0,High (>75%),3.0,Distinction,Low Risk,75-100%
S17722,0.0,Low (<50%),4.0,Distinction,High Risk,
S17724,75.0,High (>75%),2.5,Pass,Low Risk,50-75%
S17725,50.0,Medium (50-75%),2.5,Pass,Low Risk,25-50%
S17726,33.33,Low (<50%),1.0,Fail,High Risk,25-50%
S17727,100.0,High (>75%),1.8,Pass,Low Risk,75-100%
S17728,50.0,Medium (50-75%),1.6,Pass,Low Risk,25-50%
S17729,100.0,High (>75%),1.3333333333333333,Fail,High Risk,75-100%
S17730,0.0,Low (<50%),1.0,Fail,High Risk,
S17731,83.33,High (>75%),2.0,Pass,Low Risk,75-100%
S17732,50.0,Medium (50-75%),2.8333333333333335,Pass,Low Risk,25-50%
S17733,50.0,Medium (50-75%),2.5,Pass,Low Risk,25-50%
S17734,50.0,Medium (50-75%),2.0,Pass,Low Risk,25-50%
S17735,66.67,Medium (50-75%),2.0,Pass,Low Risk,50-75%
S17736,100.0,High (>75%),2.8,Pass,Low Risk,75-100%
S17737,71.43,Medium (50-75%),3.0,Distinction,Low Risk,50-75%
S17738,100.0,High (>75%),1.75,Pass,Low Risk,75-100%
S17739,44.44,Low (<50%),1.6666666666666667,Pass,High Risk,25-50%
S17740,66.67,Medium (50-75%),2.0,Pass,Low Risk,50-75%
S17741,33.33,Low (<50%),2.6666666666666665,Pass,High Risk,25-50%
S17742,100.0,High (>75%),1.0,Fail,High Risk,75-100%
S17743,100.0,High (>75%),2.6666666666666665,Pass,Low Risk,75-100%
S17744,20.0,Low (<50%),1.5,Fail,High Risk,0-25%
S17745,80.0,High (>75%),3.3333333333333335,Distinction,Low Risk,75-100%
S17746,100.0,High (>75%),2.6666666666666665,Pass,Low Risk,75-100%
S17747,50.0,Medium (50-75%),1.0,Fail,High Risk,25-50%
S17748,66.67,Medium (50-75%),2.8,Pass,Low Risk,50-75%
S17749,50.0,Medium (50-75%),4.0,Distinction,Low Risk,25-50%
S17750,66.67,Medium (50-75%),4.0,Distinction,Low Risk,50-75%
S17751,83.33,High (>75%),1.25,Fail,High Risk,75-100%
S17752,66.67,Medium (50-75%),2.2,Pass,Low Risk,50-75%
S17753,40.0,Low (<50%),2.0,Pass,High Risk,25-50%
S17754,66.67,Medium (50-75%),1.8,Pass,Low Risk,50-75%
S17755,25.0,Low (<50%),3.0,Distinction,High Risk,0-25%
S17756,50.0,Medium (50-75%),2.5,Pass,Low Risk,25-50%
S17757,66.67,Medium (50-75%),2.0,Pass,Low Risk,50-75%
S17758,50.0,Medium (50-75%),3.6666666666666665,Distinction,Low Risk,25-50%
S17759,100.0,High (>75%),2.5,Pass,Low Risk,75-100%
S17760,75.0,High (>75%),1.5,Fail,Low Risk,50-75%
S17761,100.0,High (>75%),2.5,Pass,Low Risk,75-100%
S17763,66.67,Medium (50-75%),0.75,Fail,High Risk,50-75%
S17764,50.0,Medium (50-75%),1.6,Pass,Low Risk,25-50%
S17765,50.0,Medium (50-75%),2.0,Pass,Low Risk,25-50%
S17767,75.0,High (>75%),1.75,Pass,Low Risk,50-75%
S17768,100.0,High (>75%),3.0,Distinction,Low Risk,75-100%
S17769,40.0,Low (<50%),1.0,Fail,High Risk,25-50%
S17770,50.0,Medium (50-75%),3.0,Distinction,Low Risk,25-50%
S17771,0.0,Low (<50%),1.6666666666666667,Pass,High Risk,
S17772,66.67,Medium (50-75%),2.25,Pass,Low Risk,50-75%
S17773,66.67,Medium (50-75%),2.0,Pass,Low Risk,50-75%
S17774,100.0,High (>75%),1.25,Fail,High Risk,75-100%
S17775,100.0,High (>75%),2.5,Pass,Low Risk,75-100%
S17776,66.67,Medium (50-75%),1.25,Fail,High Risk,50-75%
S17778,33.33,Low (<50%),3.0,Distinction,High Risk,25-50%
S17779,50.0,Medium (50-75%),2.0,Pass,Low Risk,25-50%
S17780,60.0,Medium (50-75%),1.6666666666666667,Pass,Low Risk,50-75%
S17782,33.33,Low (<50%),2.75,Pass,High Risk,25-50%
S17784,100.0,High (>75%),2.6666666666666665,Pass,Low Risk,75-100%
S17785,33.33,Low (<50%),0.3333333333333333,Fail,High Risk,25-50%
S17786,75.0,High (>75%),3.5,Distinction,Low Risk,50-75%
S17787,50.0,Medium (50-75%),1.0,Fail,High Risk,25-50%
S17788,66.67,Medium (50-75%),0.0,Fail,High Risk,50-75%
S17789,50.0,Medium (50-75%),1.0,Fail,High Risk,25-50%
S17790,100.0,High (>75%),1.5,Fail,Low Risk,75-100%
S17791,0.0,Low (<50%),1.6,Pass,High Risk,
S17792,83.33,High (>75%),1.0,Fail,High Risk,75-100%
S17793,100.0,High (>75%),2.5,Pass,Low Risk,75-100%
S17794,33.33,Low (<50%),3.0,Distinction,High Risk,25-50%
S17797,75.0,High (>75%),2.5,Pass,Low Risk,50-75%
S17798,50.0,Medium (50-75%),1.3333333333333333,Fail,High Risk,25-50%
S17799,66.67,Medium (50-75%),1.8,Pass,Low Risk,50-75%
S17800,60.0,Medium (50-75%),2.0,Pass,Low Risk,50-75%
S17801,50.0,Medium (50-75%),3.5,Distinction,Low Risk,25-50%
S17802,80.0,High (>75%),2.0,Pass,Low Risk,75-100%
S17803,50.0,Medium (50-75%),2.3333333333333335,Pass,Low Risk,25-50%
S17804,50.0,Medium (50-75%),0.0,Fail,High Risk,25-50%
S17805,66.67,Medium (50-75%),2.0,Pass,Low Risk,50-75%
S17806,100.0,High (>75%),2.0,Pass,Low Risk,75-100%
S17807,100.0,High (>75%),2.0,Pass,Low Risk,75-100%
S17808,80.0,High (>75%),2.75,Pass,Low Risk,75-100%
S17809,100.0,High (>75%),3.0,Distinction,Low Risk,75-100%
S17811,33.33,Low (<50%),3.25,Distinction,High Risk,25-50%
S17812,80.0,High (>75%),2.0,Pass,Low Risk,75-100%
S17813,33.33,Low (<50%),2.2,Pass,High Risk,25-50%
S17814,100.0,High (>75%),2.25,Pass,Low Risk,75-100%
S17815,100.0,High (>75%),3.0,Distinction,Low Risk,75-100%
S17816,50.0,Medium (50-75%),1.6,Pass,Low Risk,25-50%
S17817,50.0,Medium (50-75%),3.3333333333333335,Distinction,Low Risk,25-50%
S17818,100.0,High (>75%),1.5,Fail,Low Risk,75-100%
S17819,0.0,Low (<50%),0.0,Fail,High Risk,
S17820,66.67,Medium (50-75%),0.3333333333333333,Fail,High Risk,50-75%
S17821,25.0,Low (<50%),0.6666666666666666,Fail,High Risk,0-25%
S17822,66.67,Medium (50-75%),2.0,Pass,Low Risk,50-75%
S17823,100.0,High (>75%),2.0,Pass,Low Risk,75-100%
S17824,100.0,High (>75%),2.0,Pass,Low Risk,75-100%
S17825,100.0,High (>75%),2.5,Pass,Low Risk,75-100%
S17826,66.67,Medium (50-75%),2.2,Pass,Low Risk,50-75%
S17827,100.0,High (>75%),2.0,Pass,Low Risk,75-100%
S17828,100.0,High (>75%),2.0,Pass,Low Risk,75-100%
S17829,42.86,Low (<50%),1.8333333333333333,Pass,High Risk,25-50%
S17830,0.0,Low (<50%),2.75,Pass,High Risk,
S17832,50.0,Medium (50-75%),2.8,Pass,Low Risk,25-50%
S17833,100.0,High (>75%),3.0,Distinction,Low Risk,75-100%
S17834,25.0,Low (<50%),2.4,Pass,High Risk,0-25%
S17835,100.0,High (>75%),2.0,Pass,Low Risk,75-100%
S17836,33.33,Low (<50%),3.0,Distinction,High Risk,25-50%
S17837,100.0,High (>75%),2.5,Pass,Low Risk,75-100%
S17838,0.0,Low (<50%),2.0,Pass,High Risk,
S17840,50.0,Medium (50-75%),2.3333333333333335,Pass,Low Risk,25-50%
S17841,75.0,High (>75%),0.0,Fail,High Risk,50-75%
S17842,50.0,Medium (50-75%),3.0,Distinction,Low Risk,25-50%
S17843,50.0,Medium (50-75%),1.25,Fail,High Risk,25-50%
S17844,100.0,High (>75%),2.3333333333333335,Pass,Low Risk,75-100%
S17845,100.0,High (>75%),3.25,Distinction,Low Risk,75-100%
S17846,100.0,High (>75%),2.5,Pass,Low Risk,75-100%
S17847,100.0,High (>75%),1.5,Fail,Low Risk,75-100%
S17848,66.67,Medium (50-75%),0.0,Fail,High Risk,50-75%
S17849,50.0,Medium (50-75%),2.5,Pass,Low Risk,25-50%
S17850,66.67,Medium (50-75%),1.0,Fail,High Risk,50-75%
S17851,66.67,Medium (50-75%),1.5,Fail,Low Risk,50-75%
S17852,100.0,High (>75%),1.3333333333333333,Fail,High Risk,75-100%
S17853,100.0,High (>75%),2.5,Pass,Low Risk,75-100%
S17854,66.67,Medium (50-75%),2.2,Pass,Low Risk,50-75%
S17855,50.0,Medium (50-75%),1.1666666666666667,Fail,High Risk,25-50%
S17856,50.0,Medium (50-75%),0.5,Fail,High Risk,25-50%
S17857,100.0,High (>75%),2.0,Pass,Low Risk,75-100%
S17858,100.0,High (>75%),3.0,Distinction,Low Risk,75-100%
S17859,100.0,High (>75%),2.25,Pass,Low Risk,75-100%
S17860,75.0,High (>75%),2.0,Pass,Low Risk,50-75%
S17861,50.0,Medium (50-75%),3.2,Distinction,Low Risk,25-50%
S17862,50.0,Medium (50-75%),1.0,Fail,High Risk,25-50%
S17863,50.0,Medium (50-75%),3.5,Distinction,Low Risk,25-50%
S17864,100.0,High (>75%),2.0,Pass,Low Risk,75-100%
S17865,100.0,High (>75%),3.1666666666666665,Distinction,Low Risk,75-100%
S17866,0.0,Low (<50%),2.25,Pass,High Risk,
S17867,50.0,Medium (50-75%),1.0,Fail,High Risk,25-50%
S17868,50.0,Medium (50-75%),2.5,Pass,Low Risk,25-50%
S17869,100.0,High (>75%),2.3333333333333335,Pass,Low Risk,75-100%
S17870,50.0,Medium (50-75%),2.0,Pass,Low Risk,25-50%
S17871,66.67,Medium (50-75%),2.3333333333333335,Pass,Low Risk,50-75%
S17872,100.0,High (>75%),2.0,Pass,Low Risk,75-100%
S17873,75.0,High (>75%),3.0,Distinction,Low Risk,50-75%
S17874,0.0,Low (<50%),2.75,Pass,High Risk,
S17875,100.0,High (>75%),3.25,Distinction,Low Risk,75-100%
S17876,0.0,Low (<50%),2.0,Pass,High Risk,
S17877,28.57,Low (<50%),1.4,Fail,High Risk,25-50%
S17878,0.0,Low (<50%),1.75,Pass,High Risk,
S17880,66.67,Medium (50-75%),2.142857142857143,Pass,Low Risk,50-75%
S17881,100.0,High (>75%),2.5,Pass,Low Risk,75-100%
S17882,66.67,Medium (50-75%),1.4,Fail,High Risk,50-75%
S17883,83.33,High (>75%),2.4,Pass,Low Risk,75-100%
S17884,100.0,High (>75%),2.0,Pass,Low Risk,75-100%
S17885,100.0,High (>75%),4.0,Distinction,Low Risk,75-100%
S17886,0.0,Low (<50%),3.5,Distinction,High Risk,
S17887,100.0,High (>75%),3.5,Distinction,Low Risk,75-100%
S17888,100.0,High (>75%),2.0,Pass,Low Risk,75-100%
S17889,100.0,High (>75%),0.0,Fail,High Risk,75-100%
S17890,75.0,High (>75%),1.5,Fail,Low Risk,50-75%
S17891,50.0,Medium (50-75%),3.5,Distinction,Low Risk,25-50%
S17892,66.67,Medium (50-75%),2.0,Pass,Low Risk,50-75%
S17893,60.0,Medium (50-75%),2.5,Pass,Low Risk,50-75%
S17894,66.67,Medium (50-75%),1.5,Fail,Low Risk,50-75%
S17895,100.0,High (>75%),1.3333333333333333,Fail,High Risk,75-100%
S17896,0.0,Low (<50%),1.6,Pass,High Risk,
S17897,50.0,Medium (50-75%),2.0,Pass,Low Risk,25-50%
S17898,50.0,Medium (50-75%),1.8333333333333333,Pass,Low Risk,25-50%
S17899,100.0,High (>75%),2.0,Pass,Low Risk,75-100%
S17900,50.0,Medium (50-75%),0.5,Fail,High Risk,25-50%
S17901,33.33,Low (<50%),1.5,Fail,High Risk,25-50%
S17902,50.0,Medium (50-75%),2.0,Pass,Low Risk,25-50%
S17903,60.0,Medium (50-75%),2.25,Pass,Low Risk,50-75%
S17904,100.0,High (>75%),1.0,Fail,High Risk,75-100%
S17905,60.0,Medium (50-75%),0.0,Fail,High Risk,50-75%
S17907,66.67,Medium (50-75%),2.5,Pass,Low Risk,50-75%
S17908,66.67,Medium (50-75%),2.0,Pass,Low Risk,50-75%
S17909,75.0,High (>75%),2.0,Pass,Low Risk,50-75%
S17910,50.0,Medium (50-75%),2.6666666666666665,Pass,Low Risk,25-50%
S17911,66.67,Medium (50-75%),2.3333333333333335,Pass,Low Risk,50-75%
S17912,33.33,Low (<50%),2.8,Pass,High Risk,25-50%
S17913,85.71,High (>75%),3.0,Distinction,Low Risk,75-100%
S17914,100.0,High (>75%),2.0,Pass,Low Risk,75-100%
S17915,50.0,Medium (50-75%),2.0,Pass,Low Risk,25-50%
S17917,50.0,Medium (50-75%),0.0,Fail,High Risk,25-50%
S17918,50.0,Medium (50-75%),2.3333333333333335,Pass,Low Risk,25-50%
S17919,75.0,High (>75%),3.0,Distinction,Low Risk,50-75%
S17920,60.0,Medium (50-75%),1.75,Pass,Low Risk,50-75%
S17921,66.67,Medium (50-75%),1.25,Fail,High Risk,50-75%
S17922,50.0,Medium (50-75%),2.6666666666666665,Pass,Low Risk,25-50%
S17923,50.0,Medium (50-75%),3.0,Distinction,Low Risk,25-50%
S17924,100.0,High (>75%),1.6,Pass,Low Risk,75-100%
S17925,60.0,Medium (50-75%),1.2,Fail,High Risk,50-75%
S17926,66.67,Medium (50-75%),2.0,Pass,Low Risk,50-75%
S17927,66.67,Medium (50-75%),2.8333333333333335,Pass,Low Risk,50-75%
S17928,66.67,Medium (50-75%),2.6666666666666665,Pass,Low Risk,50-75%
S17929,100.0,High (>75%),3.6666666666666665,Distinction,Low Risk,75-100%
S17930,100.0,High (>75%),2.5,Pass,Low Risk,75-100%
S17931,75.0,High (>75%),1.0,Fail,High Risk,50-75%
S17932,66.67,Medium (50-75%),2.0,Pass,Low Risk,50-75%
S17933,66.67,Medium (50-75%),2.0,Pass,Low Risk,50-75%
S17934,60.0,Medium (50-75%),2.25,Pass,Low Risk,50-75%
S17935,0.0,Low (<50%),0.0,Fail,High Risk,
S17936,50.0,Medium (50-75%),2.0,Pass,Low Risk,25-50%
S17937,100.0,High (>75%),0.5,Fail,High Risk,75-100%
S17938,0.0,Low (<50%),1.75,Pass,High Risk,
S17939,100.0,High (>75%),3.0,Distinction,Low Risk,75-100%
S17940,75.0,High (>75%),2.75,Pass,Low Risk,50-75%
S17941,50.0,Medium (50-75%),2.6666666666666665,Pass,Low Risk,25-50%
S17942,66.67,Medium (50-75%),3.0,Distinction,Low Risk,50-75%
S17943,20.0,Low (<50%),2.5714285714285716,Pass,High Risk,0-25%
S17944,33.33,Low (<50%),1.8333333333333333,Pass,High Risk,25-50%
S17945,100.0,High (>75%),2.0,Pass,Low Risk,75-100%
S17946,50.0,Medium (50-75%),1.25,Fail,High Risk,25-50%
S17947,20.0,Low (<50%),3.5,Distinction,High Risk,0-25%
S17948,100.0,High (>75%),2.0,Pass,Low Risk,75-100%
S17949,75.0,High (>75%),2.0,Pass,Low Risk,50-75%
S17950,100.0,High (>75%),1.0,Fail,High Risk,75-100%
S17951,80.0,High (>75%),3.5,Distinction,Low Risk,75-100%
S17952,33.33,Low (<50%),2.5,Pass,High Risk,25-50%
S17953,50.0,Medium (50-75%),3.2,Distinction,Low Risk,25-50%
S17954,50.0,Medium (50-75%),2.5,Pass,Low Risk,25-50%
S17955,25.0,Low (<50%),3.0,Distinction,High Risk,0-25%
S17956,50.0,Medium (50-75%),1.4,Fail,High Risk,25-50%
S17957,100.0,High (>75%),1.0,Fail,High Risk,75-100%
S17958,50.0,Medium (50-75%),1.5,Fail,Low Risk,25-50%
S17959,33.33,Low (<50%),2.0,Pass,High Risk,25-50%
S17960,100.0,High (>75%),2.3333333333333335,Pass,Low Risk,75-100%
S17961,100.0,High (>75%),2.0,Pass,Low Risk,75-100%
S17962,50.0,Medium (50-75%),1.0,Fail,High Risk,25-50%
S17963,100.0,High (>75%),3.0,Distinction,Low Risk,75-100%
S17964,50.0,Medium (50-75%),0.5,Fail,High Risk,25-50%
S17965,0.0,Low (<50%),1.7142857142857142,Pass,High Risk,
S17966,60.0,Medium (50-75%),2.2,Pass,Low Risk,50-75%
S17967,75.0,High (>75%),4.0,Distinction,Low Risk,50-75%
S17968,50.0,Medium (50-75%),1.5,Fail,Low Risk,25-50%
S17969,100.0,High (>75%),4.0,Distinction,Low Risk,75-100%
S17970,25.0,Low (<50%),1.6666666666666667,Pass,High Risk,0-25%
S17971,100.0,High (>75%),2.0,Pass,Low Risk,75-100%
S17972,100.0,High (>75%),4.0,Distinction,Low Risk,75-100%
S17973,100.0,High (>75%),2.5,Pass,Low Risk,75-100%
S17974,100.0,High (>75%),2.6,Pass,Low Risk,75-100%
S17975,66.67,Medium (50-75%),2.0,Pass,Low Risk,50-75%
S17976,100.0,High (>75%),0.0,Fail,High Risk,75-100%
S17977,100.0,High (>75%),1.75,Pass,Low Risk,75-100%
S17978,100.0,High (>75%),1.6,Pass,Low Risk,75-100%
S17979,83.33,High (>75%),1.8,Pass,Low Risk,75-100%
S17980,66.67,Medium (50-75%),1.75,Pass,Low Risk,50-75%
S17981,66.67,Medium (50-75%),2.0,Pass,Low Risk,50-75%
S17982,100.0,High (>75%),1.6666666666666667,Pass,Low Risk,75-100%
S17983,50.0,Medium (50-75%),1.0,Fail,High Risk,25-50%
S17984,60.0,Medium (50-75%),3.5,Distinction,Low Risk,50-75%
S17985,66.67,Medium (50-75%),2.142857142857143,Pass,Low Risk,50-75%
S17987,66.67,Medium (50-75%),1.3333333333333333,Fail,High Risk,50-75%
S17988,33.33,Low (<50%),2.6666666666666665,Pass,High Risk,25-50%
S17989,75.0,High (>75%),1.6666666666666667,Pass,Low Risk,50-75%
S17990,100.0,High (>75%),1.5,Fail,Low Risk,75-100%
S17991,0.0,Low (<50%),1.3333333333333333,Fail,High Risk,
S17992,66.67,Medium (50-75%),4.0,Distinction,Low Risk,50-75%
S17993,100.0,High (>75%),2.3333333333333335,Pass,Low Risk,75-100%
S17994,50.0,Medium (50-75%),1.4,Fail,High Risk,25-50%
S17995,83.33,High (>75%),3.0,Distinction,Low Risk,75-100%
S17997,50.0,Medium (50-75%),1.8333333333333333,Pass,Low Risk,25-50%
S17998,100.0,High (>75%),1.3333333333333333,Fail,High Risk,75-100%
S17999,33.33,Low (<50%),2.6666666666666665,Pass,High Risk,25-50%
S18000,80.0,High (>75%),2.0,Pass,Low Risk,75-100%
S18001,66.67,Medium (50-75%),1.5,Fail,Low Risk,50-75%
S18002,100.0,High (>75%),1.3333333333333333,Fail,High Risk,75-100%
S18003,40.0,Low (<50%),3.3333333333333335,Distinction,High Risk,25-50%
S18004,42.86,Low (<50%),1.5,Fail,High Risk,25-50%
S18005,66.67,Medium (50-75%),1.6,Pass,Low Risk,50-75%
S18006,100.0,High (>75%),2.0,Pass,Low Risk,75-100%
S18007,75.0,High (>75%),2.6,Pass,Low Risk,50-75%
S18008,60.0,Medium (50-75%),2.5,Pass,Low Risk,50-75%
S18009,100.0,High (>75%),2.2857142857142856,Pass,Low Risk,75-100%
S18010,100.0,High (>75%),2.0,Pass,Low Risk,75-100%
S18011,50.0,Medium (50-75%),0.0,Fail,High Risk,25-50%
S18012,50.0,Medium (50-75%),2.0,Pass,Low Risk,25-50%
S18013,100.0,High (>75%),1.0,Fail,High Risk,75-100%
S18014,100.0,High (>75%),2.0,Pass,Low Risk,75-100%
S18015,0.0,Low (<50%),1.0,Fail,High Risk,
S18016,50.0,Medium (50-75%),2.0,Pass,Low Risk,25-50%
S18017,57.14,Medium (50-75%),3.6666666666666665,Distinction,Low Risk,50-75%
S18018,100.0,High (>75%),0.3333333333333333,Fail,High Risk,75-100%
S18019,100.0,High (>75%),1.75,Pass,Low Risk,75-100%
S18020,100.0,High (>75%),3.0,Distinction,Low Risk,75-100%
S18021,75.0,High (>75%),1.0,Fail,High Risk,50-75%
S18022,100.0,High (>75%),2.125,Pass,Low Risk,75-100%
S18023,66.67,Medium (50-75%),0.3333333333333333,Fail,High Risk,50-75%
S18024,100.0,High (>75%),2.4,Pass,Low Risk,75-100%
S18025,50.0,Medium (50-75%),0.0,Fail,High Risk,25-50%
S18026,100.0,High (>75%),2.0,Pass,Low Risk,75-100%
S18027,100.0,High (>75%),1.5,Fail,Low Risk,75-100%
S18028,83.33,High (>75%),1.5,Fail,Low Risk,75-100%
S18029,75.0,High (>75%),2.0,Pass,Low Risk,50-75%
S18030,0.0,Low (<50%),2.5,Pass,High Risk,
S18032,50.0,Medium (50-75%),0.3333333333333333,Fail,High Risk,25-50%
S18033,100.0,High (>75%),1.3333333333333333,Fail,High Risk,75-100%
S18035,100.0,High (>75%),1.8,Pass,Low Risk,75-100%
S18037,100.0,High (>75%),0.75,Fail,High Risk,75-100%
S18038,66.67,Medium (50-75%),2.5,Pass,Low Risk,50-75%
S18039,33.33,Low (<50%),4.0,Distinction,High Risk,25-50%
S18040,83.33,High (>75%),1.0,Fail,High Risk,75-100%
S18041,75.0,High (>75%),2.0,Pass,Low Risk,50-75%
S18042,100.0,High (>75%),2.0,Pass,Low Risk,75-100%
S18043,66.67,Medium (50-75%),1.5,Fail,Low Risk,50-75%
S18044,50.0,Medium (50-75%),3.5,Distinction,Low Risk,25-50%
S18045,0.0,Low (<50%),1.125,Fail,High Risk,
S18046,33.33,Low (<50%),1.6666666666666667,Pass,High Risk,25-50%
S18048,0.0,Low (<50%),2.4,Pass,High Risk,
S18049,100.0,High (>75%),1.2,Fail,High Risk,75-100%
S18050,100.0,High (>75%),2.6,Pass,Low Risk,75-100%
S18051,50.0,Medium (50-75%),1.5,Fail,Low Risk,25-50%
S18052,83.33,High (>75%),1.0,Fail,High Risk,75-100%
S18053,40.0,Low (<50%),2.0,Pass,High Risk,25-50%
S18054,83.33,High (>75%),1.8333333333333333,Pass,Low Risk,75-100%
S18055,75.0,High (>75%),1.8,Pass,Low Risk,50-75%
S18056,57.14,Medium (50-75%),1.3333333333333333,Fail,High Risk,50-75%
S18057,75.0,High (>75%),2.3333333333333335,Pass,Low Risk,50-75%
S18058,100.0,High (>75%),1.0,Fail,High Risk,75-100%
S18059,100.0,High (>75%),3.0,Distinction,Low Risk,75-100%
S18061,100.0,High (>75%),3.3333333333333335,Distinction,Low Risk,75-100%
S18062,50.0,Medium (50-75%),2.2,Pass,Low Risk,25-50%
S18063,33.33,Low (<50%),2.0,Pass,High Risk,25-50%
S18064,33.33,Low (<50%),2.0,Pass,High Risk,25-50%
S18065,66.67,Medium (50-75%),1.0,Fail,High Risk,50-75%
S18066,100.0,High (>75%),1.0,Fail,High Risk,75-100%
S18067,50.0,Medium (50-75%),0.3333333333333333,Fail,High Risk,25-50%
S18068,50.0,Medium (50-75%),2.3333333333333335,Pass,Low Risk,25-50%
S18069,100.0,High (>75%),2.0,Pass,Low Risk,75-100%
S18070,60.0,Medium (50-75%),2.2,Pass,Low Risk,50-75%
S18071,100.0,High (>75%),2.6,Pass,Low Risk,75-100%
S18072,50.0,Medium (50-75%),2.0,Pass,Low Risk,25-50%
S18073,50.0,Medium (50-75%),3.0,Distinction,Low Risk,25-50%
S18074,100.0,High (>75%),1.5,Fail,Low Risk,75-100%
S18075,100.0,High (>75%),2.6,Pass,Low Risk,75-100%
S18076,33.33,Low (<50%),2.0,Pass,High Risk,25-50%
S18077,100.0,High (>75%),1.0,Fail,High Risk,75-100%
S18078,50.0,Medium (50-75%),2.0,Pass,Low Risk,25-50%
S18079,100.0,High (>75%),1.8571428571428572,Pass,Low Risk,75-100%
S18080,100.0,High (>75%),2.0,Pass,Low Risk,75-100%
S18081,75.0,High (>75%),3.5,Distinction,Low Risk,50-75%
S18082,66.67,Medium (50-75%),2.6666666666666665,Pass,Low Risk,50-75%
S18083,100.0,High (>75%),3.0,Distinction,Low Risk,75-100%
S18084,0.0,Low (<50%),1.25,Fail,High Risk,
S18085,66.67,Medium (50-75%),2.25,Pass,Low Risk,50-75%
S18086,100.0,High (>75%),2.0,Pass,Low Risk,75-100%
S18087,80.0,High (>75%),3.0,Distinction,Low Risk,75-100%
S18088,100.0,High (>75%),2.5,Pass,Low Risk,75-100%
S18089,100.0,High (>75%),1.5,Fail,Low Risk,75-100%
S18090,100.0,High (>75%),1.25,Fail,High Risk,75-100%
S18091,75.0,High (>75%),2.5,Pass,Low Risk,50-75%
S18092,71.43,Medium (50-75%),1.5,Fail,Low Risk,50-75%
S18093,80.0,High (>75%),1.75,Pass,Low Risk,75-100%
S18094,100.0,High (>75%),2.4,Pass,Low Risk,75-100%
S18095,66.67,Medium (50-75%),2.0,Pass,Low Risk,50-75%
S18096,0.0,Low (<50%),1.0,Fail,High Risk,
S18097,100.0,High (>75%),2.6666666666666665,Pass,Low Risk,75-100%
S18098,66.67,Medium (50-75%),1.25,Fail,High Risk,50-75%
S18099,50.0,Medium (50-75%),2.4444444444444446,Pass,Low Risk,25-50%
S18100,50.0,Medium (50-75%),1.3333333333333333,Fail,High Risk,25-50%
S18101,100.0,High (>75%),3.0,Distinction,Low Risk,75-100%
S18102,100.0,High (>75%),2.4285714285714284,Pass,Low Risk,75-100%
S18103,50.0,Medium (50-75%),1.4285714285714286,Fail,High Risk,25-50%
S18104,60.0,Medium (50-75%),1.5,Fail,Low Risk,50-75%
S18106,66.67,Medium (50-75%),1.75,Pass,Low Risk,50-75%
S18107,100.0,High (>75%),2.3333333333333335,Pass,Low Risk,75-100%
S18108,75.0,High (>75%),4.0,Distinction,Low Risk,50-75%
S18109,66.67,Medium (50-75%),2.2,Pass,Low Risk,50-75%
S18110,100.0,High (>75%),2.857142857142857,Pass,Low Risk,75-100%
S18111,100.0,High (>75%),1.5,Fail,Low Risk,75-100%
S18113,100.0,High (>75%),2.6666666666666665,Pass,Low Risk,75-100%
S18114,50.0,Medium (50-75%),4.0,Distinction,Low Risk,25-50%
S18115,100.0,High (>75%),1.0,Fail,High Risk,75-100%
S18116,66.67,Medium (50-75%),2.0,Pass,Low Risk,50-75%
S18117,40.0,Low (<50%),2.2,Pass,High Risk,25-50%
S18118,50.0,Medium (50-75%),1.4,Fail,High Risk,25-50%
S18119,100.0,High (>75%),1.1666666666666667,Fail,High Risk,75-100%
S18120,100.0,High (>75%),2.5,Pass,Low Risk,75-100%
S18121,100.0,High (>75%),4.0,Distinction,Low Risk,75-100%
S18122,83.33,High (>75%),2.6666666666666665,Pass,Low Risk,75-100%
S18123,0.0,Low (<50%),2.5,Pass,High Risk,
S18124,100.0,High (>75%),2.5,Pass,Low Risk,75-100%
S18125,50.0,Medium (50-75%),1.8,Pass,Low Risk,25-50%
S18126,80.0,High (>75%),2.5,Pass,Low Risk,75-100%
S18127,75.0,High (>75%),1.6666666666666667,Pass,Low Risk,50-75%
S18128,100.0,High (>75%),1.5,Fail,Low Risk,75-100%
S18129,33.33,Low (<50%),1.625,Pass,High Risk,25-50%
S18130,75.0,High (>75%),0.3333333333333333,Fail,High Risk,50-75%
S18131,100.0,High (>75%),2.6666666666666665,Pass,Low Risk,75-100%
S18132,50.0,Medium (50-75%),3.0,Distinction,Low Risk,25-50%
S18133,100.0,High (>75%),1.4,Fail,High Risk,75-100%
S18134,75.0,High (>75%),1.6666666666666667,Pass,Low Risk,50-75%
S18135,0.0,Low (<50%),3.3333333333333335,Distinction,High Risk,
S18136,83.33,High (>75%),2.0,Pass,Low Risk,75-100%
S18137,25.0,Low (<50%),1.3333333333333333,Fail,High Risk,0-25%
S18138,0.0,Low (<50%),2.0,Pass,High Risk,
S18139,33.33,Low (<50%),2.8,Pass,High Risk,25-50%
S18140,50.0,Medium (50-75%),4.0,Distinction,Low Risk,25-50%
S18141,57.14,Medium (50-75%),2.0,Pass,Low Risk,50-75%
S18142,66.67,Medium (50-75%),3.25,Distinction,Low Risk,50-75%
S18143,60.0,Medium (50-75%),1.7142857142857142,Pass,Low Risk,50-75%
S18144,0.0,Low (<50%),3.5,Distinction,High Risk,
S18145,100.0,High (>75%),1.0,Fail,High Risk,75-100%
S18146,0.0,Low (<50%),2.0,Pass,High Risk,
S18147,100.0,High (>75%),2.0,Pass,Low Risk,75-100%
S18148,50.0,Medium (50-75%),1.0,Fail,High Risk,25-50%
S18149,33.33,Low (<50%),2.3333333333333335,Pass,High Risk,25-50%
S18150,100.0,High (>75%),1.0,Fail,High Risk,75-100%
S18151,100.0,High (>75%),2.75,Pass,Low Risk,75-100%
S18152,50.0,Medium (50-75%),1.6666666666666667,Pass,Low Risk,25-50%
S18153,100.0,High (>75%),3.0,Distinction,Low Risk,75-100%
S18154,100.0,High (>75%),0.0,Fail,High Risk,75-100%
S18156,100.0,High (>75%),2.75,Pass,Low Risk,75-100%
S18157,33.33,Low (<50%),2.0,Pass,High Risk,25-50%
S18158,100.0,High (>75%),3.0,Distinction,Low Risk,75-100%
S18159,75.0,High (>75%),3.4,Distinction,Low Risk,50-75%
S18160,50.0,Medium (50-75%),2.3333333333333335,Pass,Low Risk,25-50%
S18161,100.0,High (>75%),1.25,Fail,High Risk,75-100%
S18162,80.0,High (>75%),3.3333333333333335,Distinction,Low Risk,75-100%
S18163,71.43,Medium (50-75%),0.3333333333333333,Fail,High Risk,50-75%
S18164,33.33,Low (<50%),2.5,Pass,High Risk,25-50%
S18165,0.0,Low (<50%),3.0,Distinction,High Risk,
S18166,66.67,Medium (50-75%),3.3333333333333335,Distinction,Low Risk,50-75%
S18167,83.33,High (>75%),2.0,Pass,Low Risk,75-100%
S18168,50.0,Medium (50-75%),3.3333333333333335,Distinction,Low Risk,25-50%
S18169,50.0,Medium (50-75%),2.6666666666666665,Pass,Low Risk,25-50%
S18171,0.0,Low (<50%),2.3333333333333335,Pass,High Risk,
S18172,100.0,High (>75%),2.125,Pass,Low Risk,75-100%
S18173,40.0,Low (<50%),2.3333333333333335,Pass,High Risk,25-50%
S18174,25.0,Low (<50%),1.6666666666666667,Pass,High Risk,0-25%
S18175,60.0,Medium (50-75%),1.0,Fail,High Risk,50-75%
S18176,66.67,Medium (50-75%),3.0,Distinction,Low Risk,50-75%
S18177,100.0,High (>75%),2.3333333333333335,Pass,Low Risk,75-100%
S18178,75.0,High (>75%),2.5,Pass,Low Risk,50-75%
S18179,100.0,High (>75%),2.2,Pass,Low Risk,75-100%
S18180,33.33,Low (<50%),2.0,Pass,High Risk,25-50%
S18181,33.33,Low (<50%),3.0,Distinction,High Risk,25-50%
S18182,0.0,Low (<50%),0.0,Fail,High Risk,
S18184,77.78,High (>75%),2.0,Pass,Low Risk,75-100%
S18185,0.0,Low (<50%),4.0,Distinction,High Risk,
S18186,0.0,Low (<50%),2.75,Pass,High Risk,
S18187,66.67,Medium (50-75%),2.0,Pass,Low Risk,50-75%
S18188,85.71,High (>75%),2.0,Pass,Low Risk,75-100%
S18189,66.67,Medium (50-75%),2.0,Pass,Low Risk,50-75%
S18190,80.0,High (>75%),1.5,Fail,Low Risk,75-100%
S18191,55.56,Medium (50-75%),0.0,Fail,High Risk,50-75%
S18192,100.0,High (>75%),1.0,Fail,High Risk,75-100%
S18193,0.0,Low (<50%),1.0,Fail,High Risk,
S18194,100.0,High (>75%),1.875,Pass,Low Risk,75-100%
S18195,0.0,Low (<50%),2.0,Pass,High Risk,
S18196,50.0,Medium (50-75%),3.0,Distinction,Low Risk,25-50%
S18197,66.67,Medium (50-75%),2.0,Pass,Low Risk,50-75%
S18198,66.67,Medium (50-75%),1.3333333333333333,Fail,High Risk,50-75%
S18199,66.67,Medium (50-75%),0.0,Fail,High Risk,50-75%
S18200,100.0,High (>75%),2.2857142857142856,Pass,Low Risk,75-100%
S18201,100.0,High (>75%),1.6666666666666667,Pass,Low Risk,75-100%
S18202,40.0,Low (<50%),2.125,Pass,High Risk,25-50%
S18203,66.67,Medium (50-75%),2.5,Pass,Low Risk,50-75%
S18204,75.0,High (>75%),1.8,Pass,Low Risk,50-75%
S18205,80.0,High (>75%),0.3333333333333333,Fail,High Risk,75-100%
S18206,0.0,Low (<50%),1.5,Fail,High Risk,
S18207,66.67,Medium (50-75%),1.4,Fail,High Risk,50-75%
S18208,100.0,High (>75%),3.25,Distinction,Low Risk,75-100%
S18209,50.0,Medium (50-75%),0.0,Fail,High Risk,25-50%
S18210,83.33,High (>75%),2.3333333333333335,Pass,Low Risk,75-100%
S18211,50.0,Medium (50-75%),2.3333333333333335,Pass,Low Risk,25-50%
S18212,66.67,Medium (50-75%),2.25,Pass,Low Risk,50-75%
S18213,75.0,High (>75%),2.25,Pass,Low Risk,50-75%
S18214,50.0,Medium (50-75%),2.6666666666666665,Pass,Low Risk,25-50%
S18215,0.0,Low (<50%),2.0,Pass,High Risk,
S18216,100.0,High (>75%),2.0,Pass,Low Risk,75-100%
S18217,100.0,High (>75%),3.0,Distinction,Low Risk,75-100%
S18218,100.0,High (>75%),1.25,Fail,High Risk,75-100%
S18219,100.0,High (>75%),2.0,Pass,Low Risk,75-100%
S18220,0.0,Low (<50%),2.5,Pass,High Risk,
S18221,100.0,High (>75%),1.6666666666666667,Pass,Low Risk,75-100%
S18222,100.0,High (>75%),2.0,Pass,Low Risk,75-100%
S18223,100.0,High (>75%),3.0,Distinction,Low Risk,75-100%
S18224,75.0,High (>75%),3.0,Distinction,Low Risk,50-75%
S18225,75.0,High (>75%),2.25,Pass,Low Risk,50-75%
S18226,37.5,Low (<50%),1.6,Pass,High Risk,25-50%
S18227,60.0,Medium (50-75%),2.8333333333333335,Pass,Low Risk,50-75%
S18228,80.0,High (>75%),1.0,Fail,High Risk,75-100%
S18229,66.67,Medium (50-75%),0.3333333333333333,Fail,High Risk,50-75%
S18230,100.0,High (>75%),3.6666666666666665,Distinction,Low Risk,75-100%
S18231,100.0,High (>75%),1.6666666666666667,Pass,Low Risk,75-100%
S18232,100.0,High (>75%),2.0,Pass,Low Risk,75-100%
S18233,50.0,Medium (50-75%),1.5,Fail,Low Risk,25-50%
S18234,100.0,High (>75%),2.5,Pass,Low Risk,75-100%
S18235,100.0,High (>75%),1.0,Fail,High Risk,75-100%
S18236,100.0,High (>75%),3.2,Distinction,Low Risk,75-100%
S18237,66.67,Medium (50-75%),1.6,Pass,Low Risk,50-75%
S18238,50.0,Medium (50-75%),0.0,Fail,High Risk,25-50%
S18239,100.0,High (>75%),2.25,Pass,Low Risk,75-100%
S18241,25.0,Low (<50%),1.5,Fail,High Risk,0-25%
S18242,0.0,Low (<50%),0.0,Fail,High Risk,
S18243,100.0,High (>75%),2.0,Pass,Low Risk,75-100%
S18244,75.0,High (>75%),1.0,Fail,High Risk,50-75%
S18245,0.0,Low (<50%),1.2,Fail,High Risk,
S18246,60.0,Medium (50-75%),2.6666666666666665,Pass,Low Risk,50-75%
S18247,100.0,High (>75%),2.0,Pass,Low Risk,75-100%
S18248,83.33,High (>75%),3.0,Distinction,Low Risk,75-100%
S18249,100.0,High (>75%),1.6666666666666667,Pass,Low Risk,75-100%
S18250,60.0,Medium (50-75%),1.75,Pass,Low Risk,50-75%
S18251,100.0,High (>75%),1.5,Fail,Low Risk,75-100%
S18252,0.0,Low (<50%),2.0,Pass,High Risk,
S18253,85.71,High (>75%),0.0,Fail,High Risk,75-100%
S18254,42.86,Low (<50%),1.6666666666666667,Pass,High Risk,25-50%
S18255,80.0,High (>75%),0.0,Fail,High Risk,75-100%
S18256,0.0,Low (<50%),1.25,Fail,High Risk,
S18257,100.0,High (>75%),0.5,Fail,High Risk,75-100%
S18258,0.0,Low (<50%),2.0,Pass,High Risk,
S18259,50.0,Medium (50-75%),1.75,Pass,Low Risk,25-50%
S18260,33.33,Low (<50%),1.8,Pass,High Risk,25-50%
S18261,66.67,Medium (50-75%),3.0,Distinction,Low Risk,50-75%
S18262,66.67,Medium (50-75%),0.0,Fail,High Risk,50-75%
S18263,100.0,High (>75%),1.3333333333333333,Fail,High Risk,75-100%
S18264,50.0,Medium (50-75%),1.2,Fail,High Risk,25-50%
S18265,50.0,Medium (50-75%),2.75,Pass,Low Risk,25-50%
S18266,75.0,High (>75%),2.0,Pass,Low Risk,50-75%
S18267,66.67,Medium (50-75%),2.0,Pass,Low Risk,50-75%
S18268,100.0,High (>75%),2.0,Pass,Low Risk,75-100%
S18269,83.33,High (>75%),2.0,Pass,Low Risk,75-100%
S18270,66.67,Medium (50-75%),2.5,Pass,Low Risk,50-75%
S18271,100.0,High (>75%),2.0,Pass,Low Risk,75-100%
S18272,100.0,High (>75%),2.0,Pass,Low Risk,75-100%
S18273,50.0,Medium (50-75%),2.375,Pass,Low Risk,25-50%
S18274,90.0,High (>75%),2.25,Pass,Low Risk,75-100%
S18275,100.0,High (>75%),0.0,Fail,High Risk,75-100%
S18276,0.0,Low (<50%),0.6666666666666666,Fail,High Risk,
S18277,100.0,High (>75%),2.0,Pass,Low Risk,75-100%
S18278,100.0,High (>75%),2.0,Pass,Low Risk,75-100%
S18279,0.0,Low (<50%),1.0,Fail,High Risk,
S18281,50.0,Medium (50-75%),1.3333333333333333,Fail,High Risk,25-50%
S18282,50.0,Medium (50-75%),1.5,Fail,Low Risk,25-50%
S18283,100.0,High (>75%),1.0,Fail,High Risk,75-100%
S18284,50.0,Medium (50-75%),2.6,Pass,Low Risk,25-50%
S18285,66.67,Medium (50-75%),2.0,Pass,Low Risk,50-75%
S18286,57.14,Medium (50-75%),1.5,Fail,Low Risk,50-75%
S18287,50.0,Medium (50-75%),2.0,Pass,Low Risk,25-50%
S18288,33.33,Low (<50%),1.5,Fail,High Risk,25-50%
S18289,33.33,Low (<50%),3.0,Distinction,High Risk,25-50%
S18290,50.0,Medium (50-75%),2.1666666666666665,Pass,Low Risk,25-50%
S18291,100.0,High (>75%),1.75,Pass,Low Risk,75-100%
S18292,0.0,Low (<50%),2.5,Pass,High Risk,
S18293,80.0,High (>75%),2.0,Pass,Low Risk,75-100%
S18294,100.0,High (>75%),2.857142857142857,Pass,Low Risk,75-100%
S18295,0.0,Low (<50%),1.3333333333333333,Fail,High Risk,
S18296,100.0,High (>75%),2.75,Pass,Low Risk,75-100%
S18297,100.0,High (>75%),1.5,Fail,Low Risk,75-100%
S18298,100.0,High (>75%),1.0,Fail,High Risk,75-100%
S18299,75.0,High (>75%),1.6,Pass,Low Risk,50-75%
S18300,100.0,High (>75%),1.2,Fail,High Risk,75-100%
S18301,66.67,Medium (50-75%),2.2,Pass,Low Risk,50-75%
S18302,100.0,High (>75%),1.6666666666666667,Pass,Low Risk,75-100%
S18303,83.33,High (>75%),2.0,Pass,Low Risk,75-100%
S18304,50.0,Medium (50-75%),3.6666666666666665,Distinction,Low Risk,25-50%
S18305,50.0,Medium (50-75%),1.0,Fail,High Risk,25-50%
S18306,80.0,High (>75%),2.0,Pass,Low Risk,75-100%
S18307,66.67,Medium (50-75%),2.0,Pass,Low Risk,50-75%
S18308,50.0,Medium (50-75%),2.6666666666666665,Pass,Low Risk,25-50%
S18309,100.0,High (>75%),2.0,Pass,Low Risk,75-100%
S18310,83.33,High (>75%),1.0,Fail,High Risk,75-100%
S18311,100.0,High (>75%),2.5,Pass,Low Risk,75-100%
S18312,66.67,Medium (50-75%),3.0,Distinction,Low Risk,50-75%
S18313,62.5,Medium (50-75%),2.25,Pass,Low Risk,50-75%
S18314,50.0,Medium (50-75%),3.3333333333333335,Distinction,Low Risk,25-50%
S18315,100.0,High (>75%),2.5,Pass,Low Risk,75-100%
S18316,33.33,Low (<50%),1.6666666666666667,Pass,High Risk,25-50%
S18318,0.0,Low (<50%),1.0,Fail,High Risk,
S18319,66.67,Medium (50-75%),1.5,Fail,Low Risk,50-75%
S18320,100.0,High (>75%),1.0,Fail,High Risk,75-100%
S18321,100.0,High (>75%),2.0,Pass,Low Risk,75-100%
S18322,80.0,High (>75%),2.3333333333333335,Pass,Low Risk,75-100%
S18323,0.0,Low (<50%),1.0,Fail,High Risk,
S18324,100.0,High (>75%),2.0,Pass,Low Risk,75-100%
S18325,75.0,High (>75%),1.0,Fail,High Risk,50-75%
S18326,0.0,Low (<50%),2.5,Pass,High Risk,
S18327,80.0,High (>75%),2.0,Pass,Low Risk,75-100%
S18328,66.67,Medium (50-75%),2.5,Pass,Low Risk,50-75%
S18329,50.0,Medium (50-75%),1.5,Fail,Low Risk,25-50%
S18330,50.0,Medium (50-75%),1.8,Pass,Low Risk,25-50%
S18332,50.0,Medium (50-75%),4.0,Distinction,Low Risk,25-50%
S18333,60.0,Medium (50-75%),2.1666666666666665,Pass,Low Risk,50-75%
S18334,100.0,High (>75%),1.3333333333333333,Fail,High Risk,75-100%
S18335,100.0,High (>75%),2.75,Pass,Low Risk,75-100%
S18336,66.67,Medium (50-75%),1.0,Fail,High Risk,50-75%
S18337,85.71,High (>75%),2.3333333333333335,Pass,Low Risk,75-100%
S18338,100.0,High (>75%),2.75,Pass,Low Risk,75-100%
S18339,100.0,High (>75%),1.75,Pass,Low Risk,75-100%
S18340,100.0,High (>75%),2.0,Pass,Low Risk,75-100%
S18341,100.0,High (>75%),1.875,Pass,Low Risk,75-100%
S18342,66.67,Medium (50-75%),1.0,Fail,High Risk,50-75%
S18344,50.0,Medium (50-75%),3.0,Distinction,Low Risk,25-50%
S18345,50.0,Medium (50-75%),2.0,Pass,Low Risk,25-50%
S18346,75.0,High (>75%),4.0,Distinction,Low Risk,50-75%
S18347,50.0,Medium (50-75%),1.0,Fail,High Risk,25-50%
S18348,75.0,High (>75%),2.142857142857143,Pass,Low Risk,50-75%
S18349,100.0,High (>75%),2.2857142857142856,Pass,Low Risk,75-100%
S18350,66.67,Medium (50-75%),1.8571428571428572,Pass,Low Risk,50-75%
S18351,100.0,High (>75%),1.0,Fail,High Risk,75-100%
S18352,75.0,High (>75%),2.0,Pass,Low Risk,50-75%
S18353,50.0,Medium (50-75%),1.5,Fail,Low Risk,25-50%
S18354,50.0,Medium (50-75%),2.375,Pass,Low Risk,25-50%
S18355,100.0,High (>75%),1.6666666666666667,Pass,Low Risk,75-100%
S18357,0.0,Low (<50%),2.8333333333333335,Pass,High Risk,
S18358,100.0,High (>75%),3.0,Distinction,Low Risk,75-100%
S18359,71.43,Medium (50-75%),0.25,Fail,High Risk,50-75%
S18360,100.0,High (>75%),2.25,Pass,Low Risk,75-100%
S18361,50.0,Medium (50-75%),2.3333333333333335,Pass,Low Risk,25-50%
S18362,100.0,High (>75%),2.6666666666666665,Pass,Low Risk,75-100%
S18363,50.0,Medium (50-75%),2.5,Pass,Low Risk,25-50%
S18364,100.0,High (>75%),2.25,Pass,Low Risk,75-100%
S18365,66.67,Medium (50-75%),2.5,Pass,Low Risk,50-75%
S18366,50.0,Medium (50-75%),1.0,Fail,High Risk,25-50%
S18367,0.0,Low (<50%),2.6666666666666665,Pass,High Risk,
S18368,50.0,Medium (50-75%),2.0,Pass,Low Risk,25-50%
S18369,80.0,High (>75%),2.6666666666666665,Pass,Low Risk,75-100%
S18370,100.0,High (>75%),1.5,Fail,Low Risk,75-100%
S18371,66.67,Medium (50-75%),1.5,Fail,Low Risk,50-75%
S18372,33.33,Low (<50%),3.0,Distinction,High Risk,25-50%
S18373,85.71,High (>75%),1.1666666666666667,Fail,High Risk,75-100%
S18374,0.0,Low (<50%),2.2,Pass,High Risk,
S18375,100.0,High (>75%),2.25,Pass,Low Risk,75-100%
S18376,80.0,High (>75%),3.5,Distinction,Low Risk,75-100%
S18377,100.0,High (>75%),1.2857142857142858,Fail,High Risk,75-100%
S18378,66.67,Medium (50-75%),4.0,Distinction,Low Risk,50-75%
S18379,50.0,Medium (50-75%),2.0,Pass,Low Risk,25-50%
S18380,50.0,Medium (50-75%),2.4,Pass,Low Risk,25-50%
S18381,50.0,Medium (50-75%),1.3333333333333333,Fail,High Risk,25-50%
S18382,100.0,High (>75%),1.5,Fail,Low Risk,75-100%
S18383,100.0,High (>75%),1.8,Pass,Low Risk,75-100%
S18384,100.0,High (>75%),2.0,Pass,Low Risk,75-100%
S18385,50.0,Medium (50-75%),2.0,Pass,Low Risk,25-50%
S18386,66.67,Medium (50-75%),2.857142857142857,Pass,Low Risk,50-75%
S18387,60.0,Medium (50-75%),1.5,Fail,Low Risk,50-75%
S18388,100.0,High (>75%),1.8,Pass,Low Risk,75-100%
S18389,75.0,High (>75%),2.0,Pass,Low Risk,50-75%
S18390,100.0,High (>75%),1.0,Fail,High Risk,75-100%
S18391,50.0,Medium (50-75%),2.75,Pass,Low Risk,25-50%
S18392,100.0,High (>75%),1.8333333333333333,Pass,Low Risk,75-100%
S18393,75.0,High (>75%),3.0,Distinction,Low Risk,50-75%
S18394,80.0,High (>75%),3.0,Distinction,Low Risk,75-100%
S18395,100.0,High (>75%),2.25,Pass,Low Risk,75-100%
S18396,100.0,High (>75%),0.75,Fail,High Risk,75-100%
S18397,100.0,High (>75%),2.0,Pass,Low Risk,75-100%
S18398,0.0,Low (<50%),2.3333333333333335,Pass,High Risk,
S18399,40.0,Low (<50%),1.0,Fail,High Risk,25-50%
S18400,66.67,Medium (50-75%),2.0,Pass,Low Risk,50-75%
S18402,100.0,High (>75%),1.6666666666666667,Pass,Low Risk,75-100%
S18403,60.0,Medium (50-75%),1.3333333333333333,Fail,High Risk,50-75%
S18404,75.0,High (>75%),2.3333333333333335,Pass,Low Risk,50-75%
S18405,100.0,High (>75%),3.5,Distinction,Low Risk,75-100%
S18406,100.0,High (>75%),2.8,Pass,Low Risk,75-100%
S18407,100.0,High (>75%),2.2,Pass,Low Risk,75-100%
S18408,60.0,Medium (50-75%),2.0,Pass,Low Risk,50-75%
S18409,100.0,High (>75%),0.0,Fail,High Risk,75-100%
S18410,50.0,Medium (50-75%),2.0,Pass,Low Risk,25-50%
S18411,66.67,Medium (50-75%),1.0,Fail,High Risk,50-75%
S18412,100.0,High (>75%),3.3333333333333335,Distinction,Low Risk,75-100%
S18413,75.0,High (>75%),2.5555555555555554,Pass,Low Risk,50-75%
S18414,100.0,High (>75%),2.0,Pass,Low Risk,75-100%
S18415,50.0,Medium (50-75%),3.0,Distinction,Low Risk,25-50%
S18416,100.0,High (>75%),0.0,Fail,High Risk,75-100%
S18417,60.0,Medium (50-75%),1.25,Fail,High Risk,50-75%
S18418,33.33,Low (<50%),1.625,Pass,High Risk,25-50%
S18419,100.0,High (>75%),4.0,Distinction,Low Risk,75-100%
S18420,33.33,Low (<50%),0.0,Fail,High Risk,25-50%
S18421,100.0,High (>75%),2.75,Pass,Low Risk,75-100%
S18422,100.0,High (>75%),1.5,Fail,Low Risk,75-100%
S18423,75.0,High (>75%),3.6666666666666665,Distinction,Low Risk,50-75%
S18424,66.67,Medium (50-75%),2.0,Pass,Low Risk,50-75%
S18426,60.0,Medium (50-75%),2.1666666666666665,Pass,Low Risk,50-75%
S18427,80.0,High (>75%),4.0,Distinction,Low Risk,75-100%
S18428,80.0,High (>75%),2.0,Pass,Low Risk,75-100%
S18429,100.0,High (>75%),1.4,Fail,High Risk,75-100%
S18430,50.0,Medium (50-75%),2.3333333333333335,Pass,Low Risk,25-50%
S18431,100.0,High (>75%),2.25,Pass,Low Risk,75-100%
S18432,100.0,High (>75%),1.5,Fail,Low Risk,75-100%
S18433,66.67,Medium (50-75%),2.0,Pass,Low Risk,50-75%
S18434,100.0,High (>75%),3.0,Distinction,Low Risk,75-100%
S18435,66.67,Medium (50-75%),2.25,Pass,Low Risk,50-75%
S18437,33.33,Low (<50%),3.0,Distinction,High Risk,25-50%
S18438,100.0,High (>75%),0.0,Fail,High Risk,75-100%
S18439,60.0,Medium (50-75%),2.4,Pass,Low Risk,50-75%
S18440,100.0,High (>75%),2.6666666666666665,Pass,Low Risk,75-100%
S18441,100.0,High (>75%),1.5,Fail,Low Risk,75-100%
S18443,50.0,Medium (50-75%),2.5,Pass,Low Risk,25-50%
S18444,50.0,Medium (50-75%),2.3333333333333335,Pass,Low Risk,25-50%
S18445,0.0,Low (<50%),1.0,Fail,High Risk,
S18446,100.0,High (>75%),1.0,Fail,High Risk,75-100%
S18447,50.0,Medium (50-75%),1.0,Fail,High Risk,25-50%
S18448,0.0,Low (<50%),3.0,Distinction,High Risk,
S18449,50.0,Medium (50-75%),1.0,Fail,High Risk,25-50%
S18450,80.0,High (>75%),2.5,Pass,Low Risk,75-100%
S18451,66.67,Medium (50-75%),2.0,Pass,Low Risk,50-75%
S18452,100.0,High (>75%),2.5,Pass,Low Risk,75-100%
S18454,66.67,Medium (50-75%),3.0,Distinction,Low Risk,50-75%
S18455,100.0,High (>75%),0.6666666666666666,Fail,High Risk,75-100%
S18456,0.0,Low (<50%),1.5,Fail,High Risk,
S18457,75.0,High (>75%),1.3333333333333333,Fail,High Risk,50-75%
S18458,100.0,High (>75%),3.0,Distinction,Low Risk,75-100%
S18459,100.0,High (>75%),0.8333333333333334,Fail,High Risk,75-100%
S18460,0.0,Low (<50%),1.8,Pass,High Risk,
S18461,66.67,Medium (50-75%),1.6666666666666667,Pass,Low Risk,50-75%
S18462,100.0,High (>75%),1.5,Fail,Low Risk,75-100%
S18463,60.0,Medium (50-75%),2.0,Pass,Low Risk,50-75%
S18464,75.0,High (>75%),0.5,Fail,High Risk,50-75%
S18465,100.0,High (>75%),1.25,Fail,High Risk,75-100%
S18466,75.0,High (>75%),2.0,Pass,Low Risk,50-75%
S18467,66.67,Medium (50-75%),1.75,Pass,Low Risk,50-75%
S18468,100.0,High (>75%),2.25,Pass,Low Risk,75-100%
S18469,100.0,High (>75%),2.0,Pass,Low Risk,75-100%
S18470,50.0,Medium (50-75%),2.3333333333333335,Pass,Low Risk,25-50%
S18471,66.67,Medium (50-75%),2.0,Pass,Low Risk,50-75%
S18472,60.0,Medium (50-75%),2.0,Pass,Low Risk,50-75%
S18473,100.0,High (>75%),2.1666666666666665,Pass,Low Risk,75-100%
S18474,100.0,High (>75%),0.0,Fail,High Risk,75-100%
S18475,100.0,High (>75%),1.0,Fail,High Risk,75-100%
S18476,100.0,High (>75%),1.0,Fail,High Risk,75-100%
S18477,0.0,Low (<50%),2.0,Pass,High Risk,
S18478,100.0,High (>75%),1.875,Pass,Low Risk,75-100%
S18479,66.67,Medium (50-75%),2.5,Pass,Low Risk,50-75%
S18480,100.0,High (>75%),2.0,Pass,Low Risk,75-100%
S18481,100.0,High (>75%),0.6666666666666666,Fail,High Risk,75-100%
S18482,100.0,High (>75%),2.75,Pass,Low Risk,75-100%
S18484,50.0,Medium (50-75%),1.6,Pass,Low Risk,25-50%
S18485,100.0,High (>75%),1.75,Pass,Low Risk,75-100%
S18486,100.0,High (>75%),1.6,Pass,Low Risk,75-100%
S18487,100.0,High (>75%),1.0,Fail,High Risk,75-100%
S18489,100.0,High (>75%),2.6666666666666665,Pass,Low Risk,75-100%
S18490,50.0,Medium (50-75%),2.0,Pass,Low Risk,25-50%
S18491,33.33,Low (<50%),2.5,Pass,High Risk,25-50%
S18492,50.0,Medium (50-75%),2.2857142857142856,Pass,Low Risk,25-50%
S18493,100.0,High (>75%),2.0,Pass,Low Risk,75-100%
S18494,33.33,Low (<50%),1.0,Fail,High Risk,25-50%
S18495,66.67,Medium (50-75%),3.0,Distinction,Low Risk,50-75%
S18496,100.0,High (>75%),2.25,Pass,Low Risk,75-100%
S18497,100.0,High (>75%),1.6666666666666667,Pass,Low Risk,75-100%
S18499,50.0,Medium (50-75%),3.0,Distinction,Low Risk,25-50%
S18500,0.0,Low (<50%),1.5,Fail,High Risk,
S18501,100.0,High (>75%),2.0,Pass,Low Risk,75-100%
S18503,0.0,Low (<50%),1.25,Fail,High Risk,
S18504,33.33,Low (<50%),2.0,Pass,High Risk,25-50%
S18505,100.0,High (>75%),2.0,Pass,Low Risk,75-100%
S18506,0.0,Low (<50%),2.6666666666666665,Pass,High Risk,
S18507,100.0,High (>75%),3.0,Distinction,Low Risk,75-100%
S18508,100.0,High (>75%),1.5,Fail,Low Risk,75-100%
S18509,100.0,High (>75%),2.2,Pass,Low Risk,75-100%
S18510,0.0,Low (<50%),3.0,Distinction,High Risk,
S18511,75.0,High (>75%),2.0,Pass,Low Risk,50-75%
S18512,66.67,Medium (50-75%),2.4,Pass,Low Risk,50-75%
S18513,100.0,High (>75%),3.3333333333333335,Distinction,Low Risk,75-100%
S18514,50.0,Medium (50-75%),2.0,Pass,Low Risk,25-50%
S18515,100.0,High (>75%),0.5,Fail,High Risk,75-100%
S18516,80.0,High (>75%),1.0,Fail,High Risk,75-100%
S18517,100.0,High (>75%),3.5,Distinction,Low Risk,75-100%
S18518,100.0,High (>75%),1.3333333333333333,Fail,High Risk,75-100%
S18519,66.67,Medium (50-75%),2.0,Pass,Low Risk,50-75%
S18520,66.67,Medium (50-75%),2.4285714285714284,Pass,Low Risk,50-75%
S18521,80.0,High (>75%),1.0,Fail,High Risk,75-100%
S18522,66.67,Medium (50-75%),2.0,Pass,Low Risk,50-75%
S18523,33.33,Low (<50%),2.3333333333333335,Pass,High Risk,25-50%
S18524,0.0,Low (<50%),2.0,Pass,High Risk,
S18525,100.0,High (>75%),3.3333333333333335,Distinction,Low Risk,75-100%
S18526,75.0,High (>75%),1.6666666666666667,Pass,Low Risk,50-75%
S18527,60.0,Medium (50-75%),3.0,Distinction,Low Risk,50-75%
S18528,50.0,Medium (50-75%),3.0,Distinction,Low Risk,25-50%
S18529,66.67,Medium (50-75%),1.5,Fail,Low Risk,50-75%
S18530,100.0,High (>75%),2.3333333333333335,Pass,Low Risk,75-100%
S18531,100.0,High (>75%),2.25,Pass,Low Risk,75-100%
S18532,66.67,Medium (50-75%),2.0,Pass,Low Risk,50-75%
S18534,100.0,High (>75%),2.0,Pass,Low Risk,75-100%
S18535,0.0,Low (<50%),4.0,Distinction,High Risk,
S18536,50.0,Medium (50-75%),2.25,Pass,Low Risk,25-50%
S18537,66.67,Medium (50-75%),1.8,Pass,Low Risk,50-75%
S18538,71.43,Medium (50-75%),2.2,Pass,Low Risk,50-75%
S18539,66.67,Medium (50-75%),2.0,Pass,Low Risk,50-75%
S18540,66.67,Medium (50-75%),0.5,Fail,High Risk,50-75%
S18541,25.0,Low (<50%),2.25,Pass,High Risk,0-25%
S18542,57.14,Medium (50-75%),1.0,Fail,High Risk,50-75%
S18543,50.0,Medium (50-75%),1.2,Fail,High Risk,25-50%
S18544,83.33,High (>75%),2.75,Pass,Low Risk,75-100%
S18545,50.0,Medium (50-75%),1.7142857142857142,Pass,Low Risk,25-50%
S18546,100.0,High (>75%),2.0,Pass,Low Risk,75-100%
S18547,83.33,High (>75%),1.8,Pass,Low Risk,75-100%
S18548,100.0,High (>75%),1.75,Pass,Low Risk,75-100%
S18550,100.0,High (>75%),1.6666666666666667,Pass,Low Risk,75-100%
S18551,50.0,Medium (50-75%),2.8333333333333335,Pass,Low Risk,25-50%
S18552,75.0,High (>75%),1.25,Fail,High Risk,50-75%
S18553,100.0,High (>75%),1.0,Fail,High Risk,75-100%
S18554,75.0,High (>75%),1.5,Fail,Low Risk,50-75%
S18555,75.0,High (>75%),1.6666666666666667,Pass,Low Risk,50-75%
S18556,50.0,Medium (50-75%),1.6666666666666667,Pass,Low Risk,25-50%
S18557,100.0,High (>75%),2.0,Pass,Low Risk,75-100%
S18558,100.0,High (>75%),2.0,Pass,Low Risk,75-100%
S18559,50.0,Medium (50-75%),2.3333333333333335,Pass,Low Risk,25-50%
S18560,33.33,Low (<50%),0.0,Fail,High Risk,25-50%
S18561,50.0,Medium (50-75%),3.3333333333333335,Distinction,Low Risk,25-50%
S18562,66.67,Medium (50-75%),2.0,Pass,Low Risk,50-75%
S18563,100.0,High (>75%),2.6,Pass,Low Risk,75-100%
S18564,25.0,Low (<50%),1.5,Fail,High Risk,0-25%
S18565,66.67,Medium (50-75%),1.0,Fail,High Risk,50-75%
S18566,33.33,Low (<50%),2.0,Pass,High Risk,25-50%
S18567,66.67,Medium (50-75%),0.0,Fail,High Risk,50-75%
S18568,66.67,Medium (50-75%),0.0,Fail,High Risk,50-75%
S18569,50.0,Medium (50-75%),2.0,Pass,Low Risk,25-50%
S18570,0.0,Low (<50%),0.0,Fail,High Risk,
S18571,0.0,Low (<50%),2.3333333333333335,Pass,High Risk,
S18572,50.0,Medium (50-75%),2.0,Pass,Low Risk,25-50%
S18573,50.0,Medium (50-75%),2.6666666666666665,Pass,Low Risk,25-50%
S18574,100.0,High (>75%),1.75,Pass,Low Risk,75-100%
S18575,100.0,High (>75%),2.0,Pass,Low Risk,75-100%
S18576,75.0,High (>75%),2.3333333333333335,Pass,Low Risk,50-75%
S18577,75.0,High (>75%),2.25,Pass,Low Risk,50-75%
S18578,100.0,High (>75%),2.0,Pass,Low Risk,75-100%
S18579,50.0,Medium (50-75%),3.5,Distinction,Low Risk,25-50%
S18580,60.0,Medium (50-75%),3.5,Distinction,Low Risk,50-75%
S18581,100.0,High (>75%),1.5,Fail,Low Risk,75-100%
S18582,75.0,High (>75%),2.3333333333333335,Pass,Low Risk,50-75%
S18583,33.33,Low (<50%),3.0,Distinction,High Risk,25-50%
S18584,25.0,Low (<50%),1.6666666666666667,Pass,High Risk,0-25%
S18585,100.0,High (>75%),3.0,Distinction,Low Risk,75-100%
S18586,50.0,Medium (50-75%),2.25,Pass,Low Risk,25-50%
S18587,100.0,High (>75%),1.0,Fail,High Risk,75-100%
S18588,66.67,Medium (50-75%),1.5,Fail,Low Risk,50-75%
S18589,100.0,High (>75%),2.3333333333333335,Pass,Low Risk,75-100%
S18590,50.0,Medium (50-75%),2.0,Pass,Low Risk,25-50%
S18591,66.67,Medium (50-75%),2.4,Pass,Low Risk,50-75%
S18592,66.67,Medium (50-75%),2.0,Pass,Low Risk,50-75%
S18593,100.0,High (>75%),1.6666666666666667,Pass,Low Risk,75-100%
S18595,100.0,High (>75%),1.5,Fail,Low Risk,75-100%
S18596,33.33,Low (<50%),1.5,Fail,High Risk,25-50%
S18597,100.0,High (>75%),2.0,Pass,Low Risk,75-100%
S18598,100.0,High (>75%),1.6666666666666667,Pass,Low Risk,75-100%
S18599,40.0,Low (<50%),2.0,Pass,High Risk,25-50%
S18600,100.0,High (>75%),2.5,Pass,Low Risk,75-100%
S18601,100.0,High (>75%),2.8333333333333335,Pass,Low Risk,75-100%
S18602,100.0,High (>75%),3.5,Distinction,Low Risk,75-100%
S18603,60.0,Medium (50-75%),2.0,Pass,Low Risk,50-75%
S18604,71.43,Medium (50-75%),2.5,Pass,Low Risk,50-75%
S18605,100.0,High (>75%),1.5,Fail,Low Risk,75-100%
S18606,100.0,High (>75%),3.0,Distinction,Low Risk,75-100%
S18607,66.67,Medium (50-75%),1.7142857142857142,Pass,Low Risk,50-75%
S18608,33.33,Low (<50%),3.2,Distinction,High Risk,25-50%
S18609,50.0,Medium (50-75%),1.0,Fail,High Risk,25-50%
S18610,66.67,Medium (50-75%),2.6,Pass,Low Risk,50-75%
S18611,50.0,Medium (50-75%),2.0,Pass,Low Risk,25-50%
S18612,100.0,High (>75%),1.6666666666666667,Pass,Low Risk,75-100%
S18613,50.0,Medium (50-75%),1.8,Pass,Low Risk,25-50%
S18614,50.0,Medium (50-75%),1.3333333333333333,Fail,High Risk,25-50%
S18615,66.67,Medium (50-75%),0.3333333333333333,Fail,High Risk,50-75%
S18616,100.0,High (>75%),0.0,Fail,High Risk,75-100%
S18617,50.0,Medium (50-75%),2.3333333333333335,Pass,Low Risk,25-50%
S18618,100.0,High (>75%),1.6666666666666667,Pass,Low Risk,75-100%
S18619,75.0,High (>75%),2.5,Pass,Low Risk,50-75%
S18620,100.0,High (>75%),2.0,Pass,Low Risk,75-100%
S18621,100.0,High (>75%),2.3333333333333335,Pass,Low Risk,75-100%
S18622,80.0,High (>75%),2.0,Pass,Low Risk,75-100%
S18623,42.86,Low (<50%),3.0,Distinction,High Risk,25-50%
S18624,66.67,Medium (50-75%),3.4,Distinction,Low Risk,50-75%
S18625,20.0,Low (<50%),2.0,Pass,High Risk,0-25%
S18626,0.0,Low (<50%),2.6,Pass,High Risk,
S18627,75.0,High (>75%),2.0,Pass,Low Risk,50-75%
S18629,66.67,Medium (50-75%),1.6,Pass,Low Risk,50-75%
S18630,100.0,High (>75%),3.3333333333333335,Distinction,Low Risk,75-100%
S18631,87.5,High (>75%),1.5,Fail,Low Risk,75-100%
S18632,80.0,High (>75%),2.0,Pass,Low Risk,75-100%
S18633,100.0,High (>75%),2.5,Pass,Low Risk,75-100%
S18634,100.0,High (>75%),1.6666666666666667,Pass,Low Risk,75-100%
S18635,75.0,High (>75%),3.0,Distinction,Low Risk,50-75%
S18636,66.67,Medium (50-75%),1.8,Pass,Low Risk,50-75%
S18637,42.86,Low (<50%),2.7142857142857144,Pass,High Risk,25-50%
S18638,100.0,High (>75%),2.5,Pass,Low Risk,75-100%
S18639,66.67,Medium (50-75%),2.5,Pass,Low Risk,50-75%
S18640,75.0,High (>75%),1.5,Fail,Low Risk,50-75%
S18641,66.67,Medium (50-75%),1.5,Fail,Low Risk,50-75%
S18642,50.0,Medium (50-75%),2.0,Pass,Low Risk,25-50%
S18643,50.0,Medium (50-75%),2.2857142857142856,Pass,Low Risk,25-50%
S18645,50.0,Medium (50-75%),2.4285714285714284,Pass,Low Risk,25-50%
S18647,100.0,High (>75%),0.6,Fail,High Risk,75-100%
S18648,66.67,Medium (50-75%),1.5,Fail,Low Risk,50-75%
S18649,100.0,High (>75%),2.8,Pass,Low Risk,75-100%
S18650,71.43,Medium (50-75%),4.0,Distinction,Low Risk,50-75%
S18651,100.0,High (>75%),2.4,Pass,Low Risk,75-100%
S18652,80.0,High (>75%),2.6,Pass,Low Risk,75-100%
S18653,66.67,Medium (50-75%),2.5714285714285716,Pass,Low Risk,50-75%
S18654,100.0,High (>75%),3.25,Distinction,Low Risk,75-100%
S18655,50.0,Medium (50-75%),1.1666666666666667,Fail,High Risk,25-50%
S18656,75.0,High (>75%),2.0,Pass,Low Risk,50-75%
S18657,66.67,Medium (50-75%),1.8333333333333333,Pass,Low Risk,50-75%
S18658,50.0,Medium (50-75%),2.2,Pass,Low Risk,25-50%
S18659,80.0,High (>75%),2.6666666666666665,Pass,Low Risk,75-100%
S18660,100.0,High (>75%),1.3333333333333333,Fail,High Risk,75-100%
S18661,16.67,Low (<50%),2.1666666666666665,Pass,High Risk,0-25%
S18662,100.0,High (>75%),1.5,Fail,Low Risk,75-100%
S18663,75.0,High (>75%),1.375,Fail,High Risk,50-75%
S18664,50.0,Medium (50-75%),2.6666666666666665,Pass,Low Risk,25-50%
S18665,37.5,Low (<50%),3.5,Distinction,High Risk,25-50%
S18666,66.67,Medium (50-75%),2.0,Pass,Low Risk,50-75%
S18667,50.0,Medium (50-75%),2.0,Pass,Low Risk,25-50%
S18668,100.0,High (>75%),2.6666666666666665,Pass,Low Risk,75-100%
S18669,42.86,Low (<50%),1.25,Fail,High Risk,25-50%
S18670,66.67,Medium (50-75%),3.0,Distinction,Low Risk,50-75%
S18671,100.0,High (>75%),1.6666666666666667,Pass,Low Risk,75-100%
S18673,100.0,High (>75%),2.375,Pass,Low Risk,75-100%
S18674,50.0,Medium (50-75%),2.25,Pass,Low Risk,25-50%
S18675,66.67,Medium (50-75%),1.4444444444444444,Fail,High Risk,50-75%
S18676,100.0,High (>75%),3.0,Distinction,Low Risk,75-100%
S18677,100.0,High (>75%),2.6,Pass,Low Risk,75-100%
S18678,100.0,High (>75%),3.0,Distinction,Low Risk,75-100%
S18679,33.33,Low (<50%),2.0,Pass,High Risk,25-50%
S18680,85.71,High (>75%),1.0,Fail,High Risk,75-100%
S18681,100.0,High (>75%),1.8,Pass,Low Risk,75-100%
S18682,66.67,Medium (50-75%),2.6666666666666665,Pass,Low Risk,50-75%
S18683,100.0,High (>75%),2.5,Pass,Low Risk,75-100%
S18684,100.0,High (>75%),1.5,Fail,Low Risk,75-100%
S18685,50.0,Medium (50-75%),2.2857142857142856,Pass,Low Risk,25-50%
S18686,100.0,High (>75%),2.625,Pass,Low Risk,75-100%
S18687,0.0,Low (<50%),2.4,Pass,High Risk,
S18688,0.0,Low (<50%),2.0,Pass,High Risk,
S18689,0.0,Low (<50%),3.0,Distinction,High Risk,
S18690,80.0,High (>75%),2.0,Pass,Low Risk,75-100%
S18691,100.0,High (>75%),1.3333333333333333,Fail,High Risk,75-100%
S18692,33.33,Low (<50%),2.3333333333333335,Pass,High Risk,25-50%
S18693,50.0,Medium (50-75%),2.25,Pass,Low Risk,25-50%
S18694,60.0,Medium (50-75%),2.75,Pass,Low Risk,50-75%
S18695,100.0,High (>75%),1.6,Pass,Low Risk,75-100%
S18696,100.0,High (>75%),2.25,Pass,Low Risk,75-100%
S18697,25.0,Low (<50%),2.8,Pass,High Risk,0-25%
S18698,50.0,Medium (50-75%),1.4,Fail,High Risk,25-50%
S18699,50.0,Medium (50-75%),1.5,Fail,Low Risk,25-50%
S18700,100.0,High (>75%),3.0,Distinction,Low Risk,75-100%
S18701,75.0,High (>75%),2.75,Pass,Low Risk,50-75%
S18702,0.0,Low (<50%),4.0,Distinction,High Risk,
S18703,50.0,Medium (50-75%),3.5,Distinction,Low Risk,25-50%
S18704,66.67,Medium (50-75%),0.5,Fail,High Risk,50-75%
S18705,100.0,High (>75%),2.0,Pass,Low Risk,75-100%
S18706,100.0,High (>75%),1.5,Fail,Low Risk,75-100%
S18707,100.0,High (>75%),1.0,Fail,High Risk,75-100%
S18708,33.33,Low (<50%),1.6666666666666667,Pass,High Risk,25-50%
S18709,100.0,High (>75%),1.0,Fail,High Risk,75-100%
S18710,50.0,Medium (50-75%),3.0,Distinction,Low Risk,25-50%
S18711,57.14,Medium (50-75%),3.0,Distinction,Low Risk,50-75%
S18712,75.0,High (>75%),2.0,Pass,Low Risk,50-75%
S18713,50.0,Medium (50-75%),2.0,Pass,Low Risk,25-50%
S18714,50.0,Medium (50-75%),0.5,Fail,High Risk,25-50%
S18715,50.0,Medium (50-75%),1.0,Fail,High Risk,25-50%
S18716,100.0,High (>75%),3.3333333333333335,Distinction,Low Risk,75-100%
S18717,66.67,Medium (50-75%),1.0,Fail,High Risk,50-75%
S18718,66.67,Medium (50-75%),2.2,Pass,Low Risk,50-75%
S18719,66.67,Medium (50-75%),2.125,Pass,Low Risk,50-75%
S18722,75.0,High (>75%),1.4,Fail,High Risk,50-75%
S18723,0.0,Low (<50%),2.6666666666666665,Pass,High Risk,
S18724,50.0,Medium (50-75%),0.0,Fail,High Risk,25-50%
S18725,33.33,Low (<50%),3.0,Distinction,High Risk,25-50%
S18726,100.0,High (>75%),2.0,Pass,Low Risk,75-100%
S18728,75.0,High (>75%),1.6666666666666667,Pass,Low Risk,50-75%
S18729,100.0,High (>75%),2.0,Pass,Low Risk,75-100%
S18730,66.67,Medium (50-75%),2.5,Pass,Low Risk,50-75%
S18731,75.0,High (>75%),1.0,Fail,High Risk,50-75%
S18732,50.0,Medium (50-75%),1.0,Fail,High Risk,25-50%
S18733,100.0,High (>75%),2.5,Pass,Low Risk,75-100%
S18734,50.0,Medium (50-75%),2.25,Pass,Low Risk,25-50%
S18735,100.0,High (>75%),2.5,Pass,Low Risk,75-100%
S18736,50.0,Medium (50-75%),2.7142857142857144,Pass,Low Risk,25-50%
S18737,50.0,Medium (50-75%),2.3333333333333335,Pass,Low Risk,25-50%
S18738,66.67,Medium (50-75%),1.6666666666666667,Pass,Low Risk,50-75%
S18739,50.0,Medium (50-75%),1.8571428571428572,Pass,Low Risk,25-50%
S18740,100.0,High (>75%),3.0,Distinction,Low Risk,75-100%
S18741,75.0,High (>75%),2.0,Pass,Low Risk,50-75%
S18742,100.0,High (>75%),2.5,Pass,Low Risk,75-100%
S18743,50.0,Medium (50-75%),2.25,Pass,Low Risk,25-50%
S18744,33.33,Low (<50%),1.3333333333333333,Fail,High Risk,25-50%
S18745,50.0,Medium (50-75%),1.3333333333333333,Fail,High Risk,25-50%
S18746,100.0,High (>75%),1.5,Fail,Low Risk,75-100%
S18747,42.86,Low (<50%),1.3333333333333333,Fail,High Risk,25-50%
S18748,60.0,Medium (50-75%),2.3333333333333335,Pass,Low Risk,50-75%
S18749,33.33,Low (<50%),2.0,Pass,High Risk,25-50%
S18750,33.33,Low (<50%),2.0,Pass,High Risk,25-50%
S18751,50.0,Medium (50-75%),1.25,Fail,High Risk,25-50%
S18752,100.0,High (>75%),2.6666666666666665,Pass,Low Risk,75-100%
S18753,80.0,High (>75%),3.0,Distinction,Low Risk,75-100%
S18754,100.0,High (>75%),0.5,Fail,High Risk,75-100%
S18755,100.0,High (>75%),2.5,Pass,Low Risk,75-100%
S18756,66.67,Medium (50-75%),2.0,Pass,Low Risk,50-75%
S18757,80.0,High (>75%),3.0,Distinction,Low Risk,75-100%
S18758,50.0,Medium (50-75%),1.6666666666666667,Pass,Low Risk,25-50%
S18759,100.0,High (>75%),2.0,Pass,Low Risk,75-100%
S18760,75.0,High (>75%),0.0,Fail,High Risk,50-75%
S18761,0.0,Low (<50%),2.3333333333333335,Pass,High Risk,
S18762,100.0,High (>75%),2.0,Pass,Low Risk,75-100%
S18763,75.0,High (>75%),1.25,Fail,High Risk,50-75%
S18764,33.33,Low (<50%),2.0,Pass,High Risk,25-50%
S18765,33.33,Low (<50%),1.4285714285714286,Fail,High Risk,25-50%
S18766,100.0,High (>75%),3.0,Distinction,Low Risk,75-100%
S18767,80.0,High (>75%),3.5,Distinction,Low Risk,75-100%
S18768,66.67,Medium (50-75%),2.3333333333333335,Pass,Low Risk,50-75%
S18769,60.0,Medium (50-75%),2.0,Pass,Low Risk,50-75%
S18770,100.0,High (>75%),4.0,Distinction,Low Risk,75-100%
S18771,33.33,Low (<50%),2.0,Pass,High Risk,25-50%
S18772,100.0,High (>75%),0.5,Fail,High Risk,75-100%
S18773,75.0,High (>75%),4.0,Distinction,Low Risk,50-75%
S18774,100.0,High (>75%),1.8,Pass,Low Risk,75-100%
S18775,75.0,High (>75%),1.0,Fail,High Risk,50-75%
S18776,50.0,Medium (50-75%),2.2857142857142856,Pass,Low Risk,25-50%
S18777,100.0,High (>75%),1.0,Fail,High Risk,75-100%
S18778,50.0,Medium (50-75%),1.3333333333333333,Fail,High Risk,25-50%
S18779,100.0,High (>75%),1.6,Pass,Low Risk,75-100%
S18780,66.67,Medium (50-75%),2.0,Pass,Low Risk,50-75%
S18781,83.33,High (>75%),1.0,Fail,High Risk,75-100%
S18782,75.0,High (>75%),4.0,Distinction,Low Risk,50-75%
S18783,33.33,Low (<50%),2.75,Pass,High Risk,25-50%
S18784,0.0,Low (<50%),0.2,Fail,High Risk,
S18785,0.0,Low (<50%),2.8,Pass,High Risk,
S18786,100.0,High (>75%),1.8,Pass,Low Risk,75-100%
S18787,100.0,High (>75%),1.3333333333333333,Fail,High Risk,75-100%
S18788,100.0,High (>75%),0.8888888888888888,Fail,High Risk,75-100%
S18789,100.0,High (>75%),2.0,Pass,Low Risk,75-100%
S18790,100.0,High (>75%),2.6,Pass,Low Risk,75-100%
S18791,100.0,High (>75%),2.0,Pass,Low Risk,75-100%
S18792,60.0,Medium (50-75%),1.5,Fail,Low Risk,50-75%
S18793,50.0,Medium (50-75%),2.8,Pass,Low Risk,25-50%
S18794,50.0,Medium (50-75%),0.0,Fail,High Risk,25-50%
S18795,100.0,High (>75%),2.5,Pass,Low Risk,75-100%
S18796,66.67,Medium (50-75%),1.6666666666666667,Pass,Low Risk,50-75%
S18797,0.0,Low (<50%),1.25,Fail,High Risk,
S18798,33.33,Low (<50%),2.0,Pass,High Risk,25-50%
S18799,50.0,Medium (50-75%),1.5,Fail,Low Risk,25-50%
S18800,66.67,Medium (50-75%),2.0,Pass,Low Risk,50-75%
S18801,33.33,Low (<50%),3.0,Distinction,High Risk,25-50%
S18803,33.33,Low (<50%),2.75,Pass,High Risk,25-50%
S18804,25.0,Low (<50%),3.25,Distinction,High Risk,0-25%
S18805,100.0,High (>75%),0.5,Fail,High Risk,75-100%
S18806,80.0,High (>75%),1.75,Pass,Low Risk,75-100%
S18807,50.0,Medium (50-75%),2.75,Pass,Low Risk,25-50%
S18808,66.67,Medium (50-75%),2.0,Pass,Low Risk,50-75%
S18809,50.0,Medium (50-75%),2.6,Pass,Low Risk,25-50%
S18810,50.0,Medium (50-75%),0.5,Fail,High Risk,25-50%
S18811,100.0,High (>75%),2.0,Pass,Low Risk,75-100%
S18812,100.0,High (>75%),2.75,Pass,Low Risk,75-100%
S18813,100.0,High (>75%),3.0,Distinction,Low Risk,75-100%
S18814,75.0,High (>75%),2.8,Pass,Low Risk,50-75%
S18815,50.0,Medium (50-75%),2.0,Pass,Low Risk,25-50%
S18816,100.0,High (>75%),2.5,Pass,Low Risk,75-100%
S18817,100.0,High (>75%),4.0,Distinction,Low Risk,75-100%
S18818,66.67,Medium (50-75%),1.6666666666666667,Pass,Low Risk,50-75%
S18819,0.0,Low (<50%),1.3333333333333333,Fail,High Risk,
S18820,60.0,Medium (50-75%),2.2,Pass,Low Risk,50-75%
S18821,0.0,Low (<50%),2.5,Pass,High Risk,
S18822,100.0,High (>75%),2.4,Pass,Low Risk,75-100%
S18823,100.0,High (>75%),2.0,Pass,Low Risk,75-100%
S18824,0.0,Low (<50%),1.6,Pass,High Risk,
S18825,0.0,Low (<50%),3.0,Distinction,High Risk,
S18826,75.0,High (>75%),1.4,Fail,High Risk,50-75%
S18827,66.67,Medium (50-75%),2.2,Pass,Low Risk,50-75%
S18828,100.0,High (>75%),1.0,Fail,High Risk,75-100%
S18829,100.0,High (>75%),1.5,Fail,Low Risk,75-100%
S18830,25.0,Low (<50%),2.5,Pass,High Risk,0-25%
S18831,50.0,Medium (50-75%),3.25,Distinction,Low Risk,25-50%
S18832,20.0,Low (<50%),0.5,Fail,High Risk,0-25%
S18833,50.0,Medium (50-75%),3.5,Distinction,Low Risk,25-50%
S18834,100.0,High (>75%),2.0,Pass,Low Risk,75-100%
S18835,100.0,High (>75%),2.8333333333333335,Pass,Low Risk,75-100%
S18836,100.0,High (>75%),1.0,Fail,High Risk,75-100%
S18837,66.67,Medium (50-75%),2.142857142857143,Pass,Low Risk,50-75%
S18838,33.33,Low (<50%),1.25,Fail,High Risk,25-50%
S18839,75.0,High (>75%),1.8,Pass,Low Risk,50-75%
S18840,100.0,High (>75%),3.0,Distinction,Low Risk,75-100%
S18841,0.0,Low (<50%),1.6666666666666667,Pass,High Risk,
S18842,50.0,Medium (50-75%),1.1666666666666667,Fail,High Risk,25-50%
S18843,100.0,High (>75%),1.2,Fail,High Risk,75-100%
S18844,100.0,High (>75%),1.0,Fail,High Risk,75-100%
S18845,25.0,Low (<50%),0.5,Fail,High Risk,0-25%
S18846,33.33,Low (<50%),3.5,Distinction,High Risk,25-50%
S18847,100.0,High (>75%),1.2,Fail,High Risk,75-100%
S18848,66.67,Medium (50-75%),1.5,Fail,Low Risk,50-75%
S18849,100.0,High (>75%),2.2,Pass,Low Risk,75-100%
S18850,100.0,High (>75%),2.0,Pass,Low Risk,75-100%
S18851,66.67,Medium (50-75%),0.0,Fail,High Risk,50-75%
S18852,60.0,Medium (50-75%),1.3333333333333333,Fail,High Risk,50-75%
S18853,33.33,Low (<50%),2.5,Pass,High Risk,25-50%
S18854,50.0,Medium (50-75%),2.3333333333333335,Pass,Low Risk,25-50%
S18855,100.0,High (>75%),2.6,Pass,Low Risk,75-100%
S18856,66.67,Medium (50-75%),2.0,Pass,Low Risk,50-75%
S18857,100.0,High (>75%),1.6666666666666667,Pass,Low Risk,75-100%
S18858,0.0,Low (<50%),1.5,Fail,High Risk,
S18859,66.67,Medium (50-75%),2.0,Pass,Low Risk,50-75%
S18860,100.0,High (>75%),2.8333333333333335,Pass,Low Risk,75-100%
S18861,0.0,Low (<50%),1.5,Fail,High Risk,
S18862,100.0,High (>75%),1.6666666666666667,Pass,Low Risk,75-100%
S18863,33.33,Low (<50%),1.75,Pass,High Risk,25-50%
S18864,33.33,Low (<50%),2.0,Pass,High Risk,25-50%
S18865,0.0,Low (<50%),2.0,Pass,High Risk,
S18866,60.0,Medium (50-75%),4.0,Distinction,Low Risk,50-75%
S18867,50.0,Medium (50-75%),2.0,Pass,Low Risk,25-50%
S18868,100.0,High (>75%),2.0,Pass,Low Risk,75-100%
S18869,100.0,High (>75%),1.75,Pass,Low Risk,75-100%
S18870,0.0,Low (<50%),2.5,Pass,High Risk,
S18871,100.0,High (>75%),2.2,Pass,Low Risk,75-100%
S18872,0.0,Low (<50%),1.75,Pass,High Risk,
S18873,0.0,Low (<50%),2.6666666666666665,Pass,High Risk,
S18874,100.0,High (>75%),2.0,Pass,Low Risk,75-100%
S18877,100.0,High (>75%),2.3333333333333335,Pass,Low Risk,75-100%
S18878,50.0,Medium (50-75%),1.0,Fail,High Risk,25-50%
S18879,100.0,High (>75%),2.0,Pass,Low Risk,75-100%
S18880,66.67,Medium (50-75%),3.0,Distinction,Low Risk,50-75%
S18881,50.0,Medium (50-75%),2.4,Pass,Low Risk,25-50%
S18882,100.0,High (>75%),2.6666666666666665,Pass,Low Risk,75-100%
S18883,66.67,Medium (50-75%),1.0,Fail,High Risk,50-75%
S18884,100.0,High (>75%),1.25,Fail,High Risk,75-100%
S18885,100.0,High (>75%),2.0,Pass,Low Risk,75-100%
S18886,33.33,Low (<50%),2.0,Pass,High Risk,25-50%
S18887,100.0,High (>75%),2.3333333333333335,Pass,Low Risk,75-100%
S18888,100.0,High (>75%),2.3333333333333335,Pass,Low Risk,75-100%
S18889,66.67,Medium (50-75%),2.0,Pass,Low Risk,50-75%
S18890,0.0,Low (<50%),3.0,Distinction,High Risk,
S18891,60.0,Medium (50-75%),2.3333333333333335,Pass,Low Risk,50-75%
S18892,80.0,High (>75%),2.5,Pass,Low Risk,75-100%
S18893,50.0,Medium (50-75%),2.2857142857142856,Pass,Low Risk,25-50%
S18895,75.0,High (>75%),1.0,Fail,High Risk,50-75%
S18896,50.0,Medium (50-75%),2.0,Pass,Low Risk,25-50%
S18897,100.0,High (>75%),3.0,Distinction,Low Risk,75-100%
S18898,66.67,Medium (50-75%),1.0,Fail,High Risk,50-75%
S18899,66.67,Medium (50-75%),3.25,Distinction,Low Risk,50-75%
S18900,0.0,Low (<50%),1.4,Fail,High Risk,
S18901,100.0,High (>75%),2.0,Pass,Low Risk,75-100%
S18902,100.0,High (>75%),1.5,Fail,Low Risk,75-100%
S18903,50.0,Medium (50-75%),3.5,Distinction,Low Risk,25-50%
S18904,66.67,Medium (50-75%),2.1666666666666665,Pass,Low Risk,50-75%
S18905,50.0,Medium (50-75%),1.0,Fail,High Risk,25-50%
S18906,100.0,High (>75%),2.5,Pass,Low Risk,75-100%
S18907,66.67,Medium (50-75%),1.8571428571428572,Pass,Low Risk,50-75%
S18908,0.0,Low (<50%),2.0,Pass,High Risk,
S18909,100.0,High (>75%),1.0,Fail,High Risk,75-100%
S18910,40.0,Low (<50%),2.0,Pass,High Risk,25-50%
S18911,0.0,Low (<50%),3.0,Distinction,High Risk,
S18912,50.0,Medium (50-75%),3.4,Distinction,Low Risk,25-50%
S18913,57.14,Medium (50-75%),2.2,Pass,Low Risk,50-75%
S18914,50.0,Medium (50-75%),3.0,Distinction,Low Risk,25-50%
S18915,66.67,Medium (50-75%),1.75,Pass,Low Risk,50-75%
S18916,66.67,Medium (50-75%),2.5,Pass,Low Risk,50-75%
S18917,100.0,High (>75%),2.3333333333333335,Pass,Low Risk,75-100%
S18918,66.67,Medium (50-75%),1.5,Fail,Low Risk,50-75%
S18919,100.0,High (>75%),1.75,Pass,Low Risk,75-100%
S18920,66.67,Medium (50-75%),2.142857142857143,Pass,Low Risk,50-75%
S18921,66.67,Medium (50-75%),1.5,Fail,Low Risk,50-75%
S18922,50.0,Medium (50-75%),2.0,Pass,Low Risk,25-50%
S18923,50.0,Medium (50-75%),3.0,Distinction,Low Risk,25-50%
S18924,33.33,Low (<50%),1.0,Fail,High Risk,25-50%
S18925,100.0,High (>75%),2.5,Pass,Low Risk,75-100%
S18926,100.0,High (>75%),2.0,Pass,Low Risk,75-100%
S18927,100.0,High (>75%),1.0,Fail,High Risk,75-100%
S18928,100.0,High (>75%),0.3333333333333333,Fail,High Risk,75-100%
S18929,66.67,Medium (50-75%),2.0,Pass,Low Risk,50-75%
S18930,100.0,High (>75%),1.5,Fail,Low Risk,75-100%
S18931,66.67,Medium (50-75%),2.6666666666666665,Pass,Low Risk,50-75%
S18932,75.0,High (>75%),1.0,Fail,High Risk,50-75%
S18933,80.0,High (>75%),1.4444444444444444,Fail,High Risk,75-100%
S18934,50.0,Medium (50-75%),3.3333333333333335,Distinction,Low Risk,25-50%
S18935,100.0,High (>75%),1.0,Fail,High Risk,75-100%
S18936,66.67,Medium (50-75%),1.5,Fail,Low Risk,50-75%
S18937,0.0,Low (<50%),2.25,Pass,High Risk,
S18938,50.0,Medium (50-75%),3.6666666666666665,Distinction,Low Risk,25-50%
S18939,33.33,Low (<50%),1.4285714285714286,Fail,High Risk,25-50%
S18940,50.0,Medium (50-75%),2.2,Pass,Low Risk,25-50%
S18942,66.67,Medium (50-75%),3.4,Distinction,Low Risk,50-75%
S18943,66.67,Medium (50-75%),2.5,Pass,Low Risk,50-75%
S18944,60.0,Medium (50-75%),1.0,Fail,High Risk,50-75%
S18945,66.67,Medium (50-75%),1.0,Fail,High Risk,50-75%
S18946,33.33,Low (<50%),1.3333333333333333,Fail,High Risk,25-50%
S18947,0.0,Low (<50%),2.25,Pass,High Risk,
S18948,75.0,High (>75%),1.0,Fail,High Risk,50-75%
S18950,33.33,Low (<50%),1.0,Fail,High Risk,25-50%
S18951,50.0,Medium (50-75%),2.0,Pass,Low Risk,25-50%
S18952,100.0,High (>75%),0.75,Fail,High Risk,75-100%
S18953,100.0,High (>75%),1.4,Fail,High Risk,75-100%
S18954,100.0,High (>75%),1.5,Fail,Low Risk,75-100%
S18955,33.33,Low (<50%),2.0,Pass,High Risk,25-50%
S18956,66.67,Medium (50-75%),3.3333333333333335,Distinction,Low Risk,50-75%
S18957,50.0,Medium (50-75%),1.5,Fail,Low Risk,25-50%
S18958,0.0,Low (<50%),1.7142857142857142,Pass,High Risk,
S18959,66.67,Medium (50-75%),1.7142857142857142,Pass,Low Risk,50-75%
S18960,100.0,High (>75%),1.5,Fail,Low Risk,75-100%
S18961,100.0,High (>75%),1.0,Fail,High Risk,75-100%
S18962,0.0,Low (<50%),1.6666666666666667,Pass,High Risk,
S18964,60.0,Medium (50-75%),2.0,Pass,Low Risk,50-75%
S18965,25.0,Low (<50%),2.1666666666666665,Pass,High Risk,0-25%
S18966,0.0,Low (<50%),1.5,Fail,High Risk,
S18968,100.0,High (>75%),2.0,Pass,Low Risk,75-100%
S18969,50.0,Medium (50-75%),2.3333333333333335,Pass,Low Risk,25-50%
S18970,50.0,Medium (50-75%),3.5,Distinction,Low Risk,25-50%
S18971,100.0,High (>75%),1.6,Pass,Low Risk,75-100%
S18972,100.0,High (>75%),0.0,Fail,High Risk,75-100%
S18973,0.0,Low (<50%),2.25,Pass,High Risk,
S18974,100.0,High (>75%),2.5,Pass,Low Risk,75-100%
S18975,66.67,Medium (50-75%),1.75,Pass,Low Risk,50-75%
S18976,100.0,High (>75%),1.75,Pass,Low Risk,75-100%
S18977,66.67,Medium (50-75%),2.0,Pass,Low Risk,50-75%
S18978,83.33,High (>75%),2.25,Pass,Low Risk,75-100%
S18979,100.0,High (>75%),1.0,Fail,High Risk,75-100%
S18980,0.0,Low (<50%),4.0,Distinction,High Risk,
S18981,100.0,High (>75%),2.25,Pass,Low Risk,75-100%
S18982,66.67,Medium (50-75%),1.8,Pass,Low Risk,50-75%
S18983,100.0,High (>75%),2.75,Pass,Low Risk,75-100%
S18984,25.0,Low (<50%),2.875,Pass,High Risk,0-25%
S18985,50.0,Medium (50-75%),2.0,Pass,Low Risk,25-50%
S18986,50.0,Medium (50-75%),1.0,Fail,High Risk,25-50%
S18987,0.0,Low (<50%),3.0,Distinction,High Risk,
S18988,50.0,Medium (50-75%),3.0,Distinction,Low Risk,25-50%
S18989,50.0,Medium (50-75%),2.5,Pass,Low Risk,25-50%
S18990,33.33,Low (<50%),0.0,Fail,High Risk,25-50%
S18991,66.67,Medium (50-75%),2.0,Pass,Low Risk,50-75%
S18992,100.0,High (>75%),2.0,Pass,Low Risk,75-100%
S18993,50.0,Medium (50-75%),0.0,Fail,High Risk,25-50%
S18994,100.0,High (>75%),1.6666666666666667,Pass,Low Risk,75-100%
S18995,100.0,High (>75%),2.0,Pass,Low Risk,75-100%
S18996,100.0,High (>75%),2.0,Pass,Low Risk,75-100%
S18997,33.33,Low (<50%),4.0,Distinction,High Risk,25-50%
S18998,50.0,Medium (50-75%),2.0,Pass,Low Risk,25-50%
S18999,66.67,Medium (50-75%),2.6666666666666665,Pass,Low Risk,50-75%
S19000,66.67,Medium (50-75%),3.5,Distinction,Low Risk,50-75%
S19001,100.0,High (>75%),1.0,Fail,High Risk,75-100%
S19002,100.0,High (>75%),3.2,Distinction,Low Risk,75-100%
S19003,100.0,High (>75%),2.0,Pass,Low Risk,75-100%
S19004,0.0,Low (<50%),2.5,Pass,High Risk,
S19005,40.0,Low (<50%),1.4,Fail,High Risk,25-50%
S19007,50.0,Medium (50-75%),2.5,Pass,Low Risk,25-50%
S19008,0.0,Low (<50%),1.0,Fail,High Risk,
S19009,100.0,High (>75%),1.0,Fail,High Risk,75-100%
S19010,60.0,Medium (50-75%),2.0,Pass,Low Risk,50-75%
S19011,50.0,Medium (50-75%),2.0,Pass,Low Risk,25-50%
S19012,100.0,High (>75%),1.6666666666666667,Pass,Low Risk,75-100%
S19013,33.33,Low (<50%),2.4285714285714284,Pass,High Risk,25-50%
S19014,85.71,High (>75%),3.3333333333333335,Distinction,Low Risk,75-100%
S19015,50.0,Medium (50-75%),1.8571428571428572,Pass,Low Risk,25-50%
S19017,66.67,Medium (50-75%),0.6666666666666666,Fail,High Risk,50-75%
S19018,0.0,Low (<50%),1.8,Pass,High Risk,
S19019,66.67,Medium (50-75%),1.0,Fail,High Risk,50-75%
S19020,100.0,High (>75%),1.0,Fail,High Risk,75-100%
S19021,40.0,Low (<50%),2.2,Pass,High Risk,25-50%
S19022,50.0,Medium (50-75%),2.0,Pass,Low Risk,25-50%
S19023,0.0,Low (<50%),1.3333333333333333,Fail,High Risk,
S19024,100.0,High (>75%),1.0,Fail,High Risk,75-100%
S19025,100.0,High (>75%),2.5,Pass,Low Risk,75-100%
S19026,75.0,High (>75%),1.0,Fail,High Risk,50-75%
S19027,50.0,Medium (50-75%),2.0,Pass,Low Risk,25-50%
S19028,100.0,High (>75%),2.5,Pass,Low Risk,75-100%
S19029,100.0,High (>75%),2.5,Pass,Low Risk,75-100%
S19030,100.0,High (>75%),1.5,Fail,Low Risk,75-100%
S19031,62.5,Medium (50-75%),2.4,Pass,Low Risk,50-75%
S19032,50.0,Medium (50-75%),2.0,Pass,Low Risk,25-50%
S19033,71.43,Medium (50-75%),2.0,Pass,Low Risk,50-75%
S19034,50.0,Medium (50-75%),2.25,Pass,Low Risk,25-50%
S19035,50.0,Medium (50-75%),1.0,Fail,High Risk,25-50%
S19036,50.0,Medium (50-75%),2.5,Pass,Low Risk,25-50%
S19038,100.0,High (>75%),1.6666666666666667,Pass,Low Risk,75-100%
S19039,100.0,High (>75%),2.0,Pass,Low Risk,75-100%
S19040,100.0,High (>75%),2.0,Pass,Low Risk,75-100%
S19041,66.67,Medium (50-75%),1.2,Fail,High Risk,50-75%
S19042,50.0,Medium (50-75%),2.25,Pass,Low Risk,25-50%
S19043,66.67,Medium (50-75%),0.5,Fail,High Risk,50-75%
S19044,75.0,High (>75%),1.8571428571428572,Pass,Low Risk,50-75%
S19045,100.0,High (>75%),2.25,Pass,Low Risk,75-100%
S19046,66.67,Medium (50-75%),1.75,Pass,Low Risk,50-75%
S19047,33.33,Low (<50%),1.2,Fail,High Risk,25-50%
S19048,100.0,High (>75%),0.0,Fail,High Risk,75-100%
S19049,50.0,Medium (50-75%),1.0,Fail,High Risk,25-50%
S19050,100.0,High (>75%),2.5,Pass,Low Risk,75-100%
S19051,33.33,Low (<50%),1.75,Pass,High Risk,25-50%
S19052,100.0,High (>75%),2.0,Pass,Low Risk,75-100%
S19053,20.0,Low (<50%),3.25,Distinction,High Risk,0-25%
S19054,100.0,High (>75%),3.0,Distinction,Low Risk,75-100%
S19055,60.0,Medium (50-75%),3.6666666666666665,Distinction,Low Risk,50-75%
S19056,100.0,High (>75%),2.4,Pass,Low Risk,75-100%
S19057,66.67,Medium (50-75%),1.5,Fail,Low Risk,50-75%
S19058,50.0,Medium (50-75%),2.0,Pass,Low Risk,25-50%
S19059,100.0,High (>75%),3.3333333333333335,Distinction,Low Risk,75-100%
S19060,0.0,Low (<50%),2.75,Pass,High Risk,
S19061,75.0,High (>75%),3.0,Distinction,Low Risk,50-75%
S19062,40.0,Low (<50%),1.0,Fail,High Risk,25-50%
S19063,100.0,High (>75%),1.7142857142857142,Pass,Low Risk,75-100%
S19064,0.0,Low (<50%),0.6666666666666666,Fail,High Risk,
S19065,66.67,Medium (50-75%),2.25,Pass,Low Risk,50-75%
S19066,100.0,High (>75%),1.75,Pass,Low Risk,75-100%
S19067,100.0,High (>75%),2.3333333333333335,Pass,Low Risk,75-100%
S19068,100.0,High (>75%),2.0,Pass,Low Risk,75-100%
S19069,25.0,Low (<50%),1.4285714285714286,Fail,High Risk,0-25%
S19070,100.0,High (>75%),1.6666666666666667,Pass,Low Risk,75-100%
S19071,75.0,High (>75%),2.6666666666666665,Pass,Low Risk,50-75%
S19073,66.67,Medium (50-75%),2.3333333333333335,Pass,Low Risk,50-75%
S19074,50.0,Medium (50-75%),2.4,Pass,Low Risk,25-50%
S19075,66.67,Medium (50-75%),1.6666666666666667,Pass,Low Risk,50-75%
S19076,0.0,Low (<50%),1.4285714285714286,Fail,High Risk,
S19077,37.5,Low (<50%),2.3333333333333335,Pass,High Risk,25-50%
S19078,100.0,High (>75%),2.25,Pass,Low Risk,75-100%
S19079,100.0,High (>75%),2.0,Pass,Low Risk,75-100%
S19080,100.0,High (>75%),2.0,Pass,Low Risk,75-100%
S19081,83.33,High (>75%),2.5,Pass,Low Risk,75-100%
S19082,60.0,Medium (50-75%),3.0,Distinction,Low Risk,50-75%
S19083,100.0,High (>75%),1.8,Pass,Low Risk,75-100%
S19084,71.43,Medium (50-75%),2.5,Pass,Low Risk,50-75%
S19085,33.33,Low (<50%),2.0,Pass,High Risk,25-50%
S19086,60.0,Medium (50-75%),2.125,Pass,Low Risk,50-75%
S19087,66.67,Medium (50-75%),2.2,Pass,Low Risk,50-75%
S19088,66.67,Medium (50-75%),2.6666666666666665,Pass,Low Risk,50-75%
S19089,50.0,Medium (50-75%),3.0,Distinction,Low Risk,25-50%
S19090,33.33,Low (<50%),2.0,Pass,High Risk,25-50%
S19091,83.33,High (>75%),2.0,Pass,Low Risk,75-100%
S19092,66.67,Medium (50-75%),1.6666666666666667,Pass,Low Risk,50-75%
S19093,100.0,High (>75%),2.0,Pass,Low Risk,75-100%
S19094,66.67,Medium (50-75%),1.3333333333333333,Fail,High Risk,50-75%
S19095,33.33,Low (<50%),2.0,Pass,High Risk,25-50%
S19096,100.0,High (>75%),2.5,Pass,Low Risk,75-100%
S19097,100.0,High (>75%),3.0,Distinction,Low Risk,75-100%
S19099,0.0,Low (<50%),1.3333333333333333,Fail,High Risk,
S19100,66.67,Medium (50-75%),1.3333333333333333,Fail,High Risk,50-75%
S19101,66.67,Medium (50-75%),0.0,Fail,High Risk,50-75%
S19102,60.0,Medium (50-75%),4.0,Distinction,Low Risk,50-75%
S19103,50.0,Medium (50-75%),1.5,Fail,Low Risk,25-50%
S19104,0.0,Low (<50%),2.0,Pass,High Risk,
S19105,66.67,Medium (50-75%),1.25,Fail,High Risk,50-75%
S19106,0.0,Low (<50%),2.0,Pass,High Risk,
S19107,100.0,High (>75%),0.8333333333333334,Fail,High Risk,75-100%
S19108,100.0,High (>75%),1.6,Pass,Low Risk,75-100%
S19109,50.0,Medium (50-75%),2.0,Pass,Low Risk,25-50%
S19110,100.0,High (>75%),2.0,Pass,Low Risk,75-100%
S19111,100.0,High (>75%),2.5,Pass,Low Risk,75-100%
S19112,100.0,High (>75%),2.0,Pass,Low Risk,75-100%
S19113,100.0,High (>75%),2.625,Pass,Low Risk,75-100%
S19114,0.0,Low (<50%),4.0,Distinction,High Risk,
S19115,75.0,High (>75%),0.25,Fail,High Risk,50-75%
S19116,50.0,Medium (50-75%),2.0,Pass,Low Risk,25-50%
S19117,83.33,High (>75%),2.0,Pass,Low Risk,75-100%
S19119,33.33,Low (<50%),2.0,Pass,High Risk,25-50%
S19120,0.0,Low (<50%),1.0,Fail,High Risk,
S19121,100.0,High (>75%),1.0,Fail,High Risk,75-100%
S19122,66.67,Medium (50-75%),2.0,Pass,Low Risk,50-75%
S19124,100.0,High (>75%),0.3333333333333333,Fail,High Risk,75-100%
S19125,50.0,Medium (50-75%),0.6666666666666666,Fail,High Risk,25-50%
S19126,66.67,Medium (50-75%),1.75,Pass,Low Risk,50-75%
S19127,50.0,Medium (50-75%),2.0,Pass,Low Risk,25-50%
S19128,66.67,Medium (50-75%),2.0,Pass,Low Risk,50-75%
S19129,66.67,Medium (50-75%),1.5,Fail,Low Risk,50-75%
S19130,100.0,High (>75%),2.0,Pass,Low Risk,75-100%
S19131,100.0,High (>75%),2.2,Pass,Low Risk,75-100%
S19132,25.0,Low (<50%),3.0,Distinction,High Risk,0-25%
S19133,75.0,High (>75%),2.0,Pass,Low Risk,50-75%
S19134,25.0,Low (<50%),2.25,Pass,High Risk,0-25%
S19135,100.0,High (>75%),2.75,Pass,Low Risk,75-100%
S19136,100.0,High (>75%),2.2,Pass,Low Risk,75-100%
S19137,50.0,Medium (50-75%),3.0,Distinction,Low Risk,25-50%
S19138,0.0,Low (<50%),0.6666666666666666,Fail,High Risk,
S19139,100.0,High (>75%),2.0,Pass,Low Risk,75-100%
S19140,66.67,Medium (50-75%),2.6666666666666665,Pass,Low Risk,50-75%
S19141,66.67,Medium (50-75%),2.0,Pass,Low Risk,50-75%
S19142,50.0,Medium (50-75%),1.0,Fail,High Risk,25-50%
S19143,66.67,Medium (50-75%),1.25,Fail,High Risk,50-75%
S19144,100.0,High (>75%),3.0,Distinction,Low Risk,75-100%
S19145,50.0,Medium (50-75%),1.6,Pass,Low Risk,25-50%
S19146,50.0,Medium (50-75%),2.2,Pass,Low Risk,25-50%
S19147,75.0,High (>75%),3.0,Distinction,Low Risk,50-75%
S19148,66.67,Medium (50-75%),3.3333333333333335,Distinction,Low Risk,50-75%
S19149,100.0,High (>75%),4.0,Distinction,Low Risk,75-100%
S19150,75.0,High (>75%),2.0,Pass,Low Risk,50-75%
S19152,33.33,Low (<50%),1.5,Fail,High Risk,25-50%
S19153,0.0,Low (<50%),1.6,Pass,High Risk,
S19154,50.0,Medium (50-75%),2.0,Pass,Low Risk,25-50%
S19155,66.67,Medium (50-75%),2.5,Pass,Low Risk,50-75%
S19156,66.67,Medium (50-75%),1.0,Fail,High Risk,50-75%
S19157,33.33,Low (<50%),2.6666666666666665,Pass,High Risk,25-50%
S19158,25.0,Low (<50%),3.0,Distinction,High Risk,0-25%
S19159,66.67,Medium (50-75%),0.3333333333333333,Fail,High Risk,50-75%
S19160,0.0,Low (<50%),0.6666666666666666,Fail,High Risk,
S19161,50.0,Medium (50-75%),4.0,Distinction,Low Risk,25-50%
S19162,100.0,High (>75%),3.5,Distinction,Low Risk,75-100%
S19163,100.0,High (>75%),2.6666666666666665,Pass,Low Risk,75-100%
S19164,50.0,Medium (50-75%),2.0,Pass,Low Risk,25-50%
S19165,66.67,Medium (50-75%),0.0,Fail,High Risk,50-75%
S19166,83.33,High (>75%),2.0,Pass,Low Risk,75-100%
S19167,33.33,Low (<50%),1.75,Pass,High Risk,25-50%
S19168,100.0,High (>75%),1.5,Fail,Low Risk,75-100%
S19169,100.0,High (>75%),0.8,Fail,High Risk,75-100%
S19170,0.0,Low (<50%),2.3333333333333335,Pass,High Risk,
S19171,50.0,Medium (50-75%),3.5,Distinction,Low Risk,25-50%
S19172,66.67,Medium (50-75%),2.0,Pass,Low Risk,50-75%
S19173,100.0,High (>75%),2.0,Pass,Low Risk,75-100%
S19174,100.0,High (>75%),0.5,Fail,High Risk,75-100%
S19175,50.0,Medium (50-75%),1.6,Pass,Low Risk,25-50%
S19176,100.0,High (>75%),0.0,Fail,High Risk,75-100%
S19177,33.33,Low (<50%),2.0,Pass,High Risk,25-50%
S19178,100.0,High (>75%),0.5,Fail,High Risk,75-100%
S19180,66.67,Medium (50-75%),0.75,Fail,High Risk,50-75%
S19181,100.0,High (>75%),1.3333333333333333,Fail,High Risk,75-100%
S19182,100.0,High (>75%),4.0,Distinction,Low Risk,75-100%
S19183,33.33,Low (<50%),2.0,Pass,High Risk,25-50%
S19184,100.0,High (>75%),1.0,Fail,High Risk,75-100%
S19185,100.0,High (>75%),3.0,Distinction,Low Risk,75-100%
S19186,50.0,Medium (50-75%),3.0,Distinction,Low Risk,25-50%
S19187,33.33,Low (<50%),1.1428571428571428,Fail,High Risk,25-50%
S19188,0.0,Low (<50%),2.4285714285714284,Pass,High Risk,
S19189,33.33,Low (<50%),2.1666666666666665,Pass,High Risk,25-50%
S19190,100.0,High (>75%),2.0,Pass,Low Risk,75-100%
S19191,100.0,High (>75%),2.0,Pass,Low Risk,75-100%
S19192,100.0,High (>75%),2.4285714285714284,Pass,Low Risk,75-100%
S19193,100.0,High (>75%),3.6666666666666665,Distinction,Low Risk,75-100%
S19194,0.0,Low (<50%),1.0,Fail,High Risk,
S19195,100.0,High (>75%),3.0,Distinction,Low Risk,75-100%
S19196,100.0,High (>75%),1.3333333333333333,Fail,High Risk,75-100%
S19197,66.67,Medium (50-75%),2.5,Pass,Low Risk,50-75%
S19198,75.0,High (>75%),1.5,Fail,Low Risk,50-75%
S19199,80.0,High (>75%),1.1428571428571428,Fail,High Risk,75-100%
S19200,50.0,Medium (50-75%),2.0,Pass,Low Risk,25-50%
S19201,0.0,Low (<50%),1.0,Fail,High Risk,
S19202,75.0,High (>75%),1.6,Pass,Low Risk,50-75%
S19203,60.0,Medium (50-75%),0.75,Fail,High Risk,50-75%
S19204,0.0,Low (<50%),2.0,Pass,High Risk,
S19205,75.0,High (>75%),3.0,Distinction,Low Risk,50-75%
S19206,42.86,Low (<50%),2.2,Pass,High Risk,25-50%
S19207,100.0,High (>75%),1.0,Fail,High Risk,75-100%
S19208,100.0,High (>75%),2.0,Pass,Low Risk,75-100%
S19209,80.0,High (>75%),2.6666666666666665,Pass,Low Risk,75-100%
S19210,80.0,High (>75%),2.8,Pass,Low Risk,75-100%
S19211,83.33,High (>75%),0.5,Fail,High Risk,75-100%
S19212,50.0,Medium (50-75%),3.0,Distinction,Low Risk,25-50%
S19213,50.0,Medium (50-75%),1.0,Fail,High Risk,25-50%
S19214,50.0,Medium (50-75%),2.0,Pass,Low Risk,25-50%
S19215,0.0,Low (<50%),3.0,Distinction,High Risk,
S19216,75.0,High (>75%),2.6666666666666665,Pass,Low Risk,50-75%
S19217,100.0,High (>75%),1.0,Fail,High Risk,75-100%
S19219,50.0,Medium (50-75%),1.0,Fail,High Risk,25-50%
S19220,60.0,Medium (50-75%),1.2,Fail,High Risk,50-75%
S19221,100.0,High (>75%),1.6666666666666667,Pass,Low Risk,75-100%
S19222,100.0,High (>75%),3.0,Distinction,Low Risk,75-100%
S19223,100.0,High (>75%),2.3333333333333335,Pass,Low Risk,75-100%
S19224,75.0,High (>75%),3.0,Distinction,Low Risk,50-75%
S19225,100.0,High (>75%),2.0,Pass,Low Risk,75-100%
S19226,75.0,High (>75%),2.0,Pass,Low Risk,50-75%
S19227,50.0,Medium (50-75%),1.0,Fail,High Risk,25-50%
S19228,66.67,Medium (50-75%),1.5,Fail,Low Risk,50-75%
S19229,33.33,Low (<50%),1.0,Fail,High Risk,25-50%
S19230,66.67,Medium (50-75%),2.6666666666666665,Pass,Low Risk,50-75%
S19232,100.0,High (>75%),1.0,Fail,High Risk,75-100%
S19233,100.0,High (>75%),2.5,Pass,Low Risk,75-100%
S19234,66.67,Medium (50-75%),0.0,Fail,High Risk,50-75%
S19235,57.14,Medium (50-75%),3.3333333333333335,Distinction,Low Risk,50-75%
S19236,33.33,Low (<50%),2.0,Pass,High Risk,25-50%
S19237,33.33,Low (<50%),3.0,Distinction,High Risk,25-50%
S19238,100.0,High (>75%),2.5,Pass,Low Risk,75-100%
S19239,100.0,High (>75%),3.5,Distinction,Low Risk,75-100%
S19240,50.0,Medium (50-75%),3.5,Distinction,Low Risk,25-50%
S19241,75.0,High (>75%),3.6666666666666665,Distinction,Low Risk,50-75%
S19242,100.0,High (>75%),2.0,Pass,Low Risk,75-100%
S19243,83.33,High (>75%),2.6666666666666665,Pass,Low Risk,75-100%
S19244,33.33,Low (<50%),0.8,Fail,High Risk,25-50%
S19245,75.0,High (>75%),1.75,Pass,Low Risk,50-75%
S19246,100.0,High (>75%),2.0,Pass,Low Risk,75-100%
S19247,100.0,High (>75%),2.75,Pass,Low Risk,75-100%
S19248,50.0,Medium (50-75%),0.6666666666666666,Fail,High Risk,25-50%
S19249,33.33,Low (<50%),2.1666666666666665,Pass,High Risk,25-50%
S19250,100.0,High (>75%),3.5,Distinction,Low Risk,75-100%
S19251,100.0,High (>75%),1.25,Fail,High Risk,75-100%
S19252,83.33,High (>75%),1.6666666666666667,Pass,Low Risk,75-100%
S19253,60.0,Medium (50-75%),2.0,Pass,Low Risk,50-75%
S19254,33.33,Low (<50%),1.5,Fail,High Risk,25-50%
S19255,66.67,Medium (50-75%),3.5,Distinction,Low Risk,50-75%
S19256,80.0,High (>75%),1.5,Fail,Low Risk,75-100%
S19257,50.0,Medium (50-75%),4.0,Distinction,Low Risk,25-50%
S19258,75.0,High (>75%),2.6666666666666665,Pass,Low Risk,50-75%
S19259,75.0,High (>75%),2.0,Pass,Low Risk,50-75%
S19260,60.0,Medium (50-75%),1.0,Fail,High Risk,50-75%
S19261,50.0,Medium (50-75%),2.0,Pass,Low Risk,25-50%
S19263,100.0,High (>75%),2.0,Pass,Low Risk,75-100%
S19264,66.67,Medium (50-75%),0.0,Fail,High Risk,50-75%
S19265,33.33,Low (<50%),1.75,Pass,High Risk,25-50%
S19266,100.0,High (>75%),3.0,Distinction,Low Risk,75-100%
S19267,50.0,Medium (50-75%),2.1666666666666665,Pass,Low Risk,25-50%
S19268,25.0,Low (<50%),2.0,Pass,High Risk,0-25%
S19269,42.86,Low (<50%),2.1,Pass,High Risk,25-50%
S19270,0.0,Low (<50%),1.75,Pass,High Risk,
S19271,83.33,High (>75%),2.5,Pass,Low Risk,75-100%
S19272,100.0,High (>75%),4.0,Distinction,Low Risk,75-100%
S19273,100.0,High (>75%),1.0,Fail,High Risk,75-100%
S19274,25.0,Low (<50%),2.0,Pass,High Risk,0-25%
S19275,100.0,High (>75%),2.3333333333333335,Pass,Low Risk,75-100%
S19276,66.67,Medium (50-75%),2.5,Pass,Low Risk,50-75%
S19277,100.0,High (>75%),3.0,Distinction,Low Risk,75-100%
S19281,66.67,Medium (50-75%),2.5,Pass,Low Risk,50-75%
S19282,100.0,High (>75%),0.6666666666666666,Fail,High Risk,75-100%
S19283,50.0,Medium (50-75%),0.6666666666666666,Fail,High Risk,25-50%
S19284,50.0,Medium (50-75%),1.5,Fail,Low Risk,25-50%
S19285,100.0,High (>75%),2.3333333333333335,Pass,Low Risk,75-100%
S19287,50.0,Medium (50-75%),2.0,Pass,Low Risk,25-50%
S19288,50.0,Medium (50-75%),3.2,Distinction,Low Risk,25-50%
S19289,100.0,High (>75%),3.5,Distinction,Low Risk,75-100%
S19290,50.0,Medium (50-75%),1.0,Fail,High Risk,25-50%
S19291,100.0,High (>75%),2.25,Pass,Low Risk,75-100%
S19292,100.0,High (>75%),3.3333333333333335,Distinction,Low Risk,75-100%
S19293,50.0,Medium (50-75%),3.1666666666666665,Distinction,Low Risk,25-50%
S19294,60.0,Medium (50-75%),1.6666666666666667,Pass,Low Risk,50-75%
S19295,0.0,Low (<50%),0.5,Fail,High Risk,
S19296,100.0,High (>75%),1.0,Fail,High Risk,75-100%
S19297,50.0,Medium (50-75%),2.5,Pass,Low Risk,25-50%
S19298,50.0,Medium (50-75%),3.0,Distinction,Low Risk,25-50%
S19299,100.0,High (>75%),2.8333333333333335,Pass,Low Risk,75-100%
S19300,50.0,Medium (50-75%),2.6666666666666665,Pass,Low Risk,25-50%
S19301,66.67,Medium (50-75%),2.5,Pass,Low Risk,50-75%
S19302,66.67,Medium (50-75%),1.75,Pass,Low Risk,50-75%
S19303,60.0,Medium (50-75%),2.0,Pass,Low Risk,50-75%
S19306,100.0,High (>75%),2.5,Pass,Low Risk,75-100%
S19307,100.0,High (>75%),3.0,Distinction,Low Risk,75-100%
S19308,100.0,High (>75%),2.7,Pass,Low Risk,75-100%
S19309,0.0,Low (<50%),2.0,Pass,High Risk,
S19310,100.0,High (>75%),2.5,Pass,Low Risk,75-100%
S19311,83.33,High (>75%),2.6666666666666665,Pass,Low Risk,75-100%
S19312,33.33,Low (<50%),3.0,Distinction,High Risk,25-50%
S19313,0.0,Low (<50%),1.5,Fail,High Risk,
S19314,100.0,High (>75%),2.1666666666666665,Pass,Low Risk,75-100%
S19315,100.0,High (>75%),1.0,Fail,High Risk,75-100%
S19316,0.0,Low (<50%),1.0,Fail,High Risk,
S19317,50.0,Medium (50-75%),2.2,Pass,Low Risk,25-50%
S19318,100.0,High (>75%),4.0,Distinction,Low Risk,75-100%
S19319,25.0,Low (<50%),1.5,Fail,High Risk,0-25%
S19320,66.67,Medium (50-75%),2.0,Pass,Low Risk,50-75%
S19321,50.0,Medium (50-75%),3.5,Distinction,Low Risk,25-50%
S19322,100.0,High (>75%),2.0,Pass,Low Risk,75-100%
S19323,66.67,Medium (50-75%),1.5,Fail,Low Risk,50-75%
S19324,100.0,High (>75%),1.6,Pass,Low Risk,75-100%
S19325,100.0,High (>75%),1.3333333333333333,Fail,High Risk,75-100%
S19326,100.0,High (>75%),2.5,Pass,Low Risk,75-100%
S19327,100.0,High (>75%),2.3333333333333335,Pass,Low Risk,75-100%
S19328,66.67,Medium (50-75%),2.0,Pass,Low Risk,50-75%
S19329,75.0,High (>75%),2.5,Pass,Low Risk,50-75%
S19330,100.0,High (>75%),4.0,Distinction,Low Risk,75-100%
S19331,50.0,Medium (50-75%),1.6666666666666667,Pass,Low Risk,25-50%
S19332,75.0,High (>75%),0.3333333333333333,Fail,High Risk,50-75%
S19334,75.0,High (>75%),1.5,Fail,Low Risk,50-75%
S19335,50.0,Medium (50-75%),3.6666666666666665,Distinction,Low Risk,25-50%
S19336,66.67,Medium (50-75%),1.0,Fail,High Risk,50-75%
S19337,100.0,High (>75%),1.3333333333333333,Fail,High Risk,75-100%
S19338,80.0,High (>75%),1.3333333333333333,Fail,High Risk,75-100%
S19339,100.0,High (>75%),2.0,Pass,Low Risk,75-100%
S19340,100.0,High (>75%),2.0,Pass,Low Risk,75-100%
S19341,50.0,Medium (50-75%),2.0,Pass,Low Risk,25-50%
S19342,66.67,Medium (50-75%),2.0,Pass,Low Risk,50-75%
S19343,66.67,Medium (50-75%),1.75,Pass,Low Risk,50-75%
S19344,100.0,High (>75%),2.6,Pass,Low Risk,75-100%
S19345,66.67,Medium (50-75%),2.75,Pass,Low Risk,50-75%
S19346,100.0,High (>75%),3.3333333333333335,Distinction,Low Risk,75-100%
S19347,75.0,High (>75%),1.6666666666666667,Pass,Low Risk,50-75%
S19348,66.67,Medium (50-75%),1.3333333333333333,Fail,High Risk,50-75%
S19349,33.33,Low (<50%),1.0,Fail,High Risk,25-50%
S19350,80.0,High (>75%),2.6666666666666665,Pass,Low Risk,75-100%
S19351,66.67,Medium (50-75%),1.2,Fail,High Risk,50-75%
S19352,0.0,Low (<50%),2.0,Pass,High Risk,
S19353,75.0,High (>75%),1.5,Fail,Low Risk,50-75%
S19354,100.0,High (>75%),1.6,Pass,Low Risk,75-100%
S19355,0.0,Low (<50%),3.0,Distinction,High Risk,
S19356,80.0,High (>75%),2.4,Pass,Low Risk,75-100%
S19357,0.0,Low (<50%),2.0,Pass,High Risk,
S19358,33.33,Low (<50%),2.0,Pass,High Risk,25-50%
S19359,66.67,Medium (50-75%),2.0,Pass,Low Risk,50-75%
S19360,66.67,Medium (50-75%),2.875,Pass,Low Risk,50-75%
S19361,100.0,High (>75%),1.6666666666666667,Pass,Low Risk,75-100%
S19363,42.86,Low (<50%),2.0,Pass,High Risk,25-50%
S19364,75.0,High (>75%),2.75,Pass,Low Risk,50-75%
S19365,50.0,Medium (50-75%),1.5,Fail,Low Risk,25-50%
S19366,100.0,High (>75%),0.0,Fail,High Risk,75-100%
S19367,100.0,High (>75%),1.3333333333333333,Fail,High Risk,75-100%
S19368,50.0,Medium (50-75%),0.6666666666666666,Fail,High Risk,25-50%
S19369,100.0,High (>75%),1.25,Fail,High Risk,75-100%
S19370,100.0,High (>75%),1.75,Pass,Low Risk,75-100%
S19371,50.0,Medium (50-75%),2.0,Pass,Low Risk,25-50%
S19372,60.0,Medium (50-75%),4.0,Distinction,Low Risk,50-75%
S19373,100.0,High (>75%),0.0,Fail,High Risk,75-100%
S19374,75.0,High (>75%),1.8,Pass,Low Risk,50-75%
S19376,100.0,High (>75%),1.0,Fail,High Risk,75-100%
S19377,100.0,High (>75%),3.5,Distinction,Low Risk,75-100%
S19378,33.33,Low (<50%),1.2,Fail,High Risk,25-50%
S19379,80.0,High (>75%),1.6666666666666667,Pass,Low Risk,75-100%
S19380,100.0,High (>75%),1.2,Fail,High Risk,75-100%
S19381,100.0,High (>75%),2.5714285714285716,Pass,Low Risk,75-100%
S19382,100.0,High (>75%),2.2,Pass,Low Risk,75-100%
S19383,75.0,High (>75%),2.75,Pass,Low Risk,50-75%
S19384,100.0,High (>75%),3.0,Distinction,Low Risk,75-100%
S19385,75.0,High (>75%),1.5,Fail,Low Risk,50-75%
S19386,60.0,Medium (50-75%),2.75,Pass,Low Risk,50-75%
S19387,100.0,High (>75%),2.0,Pass,Low Risk,75-100%
S19389,50.0,Medium (50-75%),1.0,Fail,High Risk,25-50%
S19391,50.0,Medium (50-75%),0.0,Fail,High Risk,25-50%
S19392,83.33,High (>75%),2.5555555555555554,Pass,Low Risk,75-100%
S19393,33.33,Low (<50%),2.3333333333333335,Pass,High Risk,25-50%
S19395,66.67,Medium (50-75%),2.3333333333333335,Pass,Low Risk,50-75%
S19396,33.33,Low (<50%),1.3333333333333333,Fail,High Risk,25-50%
S19397,75.0,High (>75%),2.0,Pass,Low Risk,50-75%
S19398,100.0,High (>75%),2.5,Pass,Low Risk,75-100%
S19399,75.0,High (>75%),0.6666666666666666,Fail,High Risk,50-75%
S19400,80.0,High (>75%),1.0,Fail,High Risk,75-100%
S19401,50.0,Medium (50-75%),1.8,Pass,Low Risk,25-50%
S19402,66.67,Medium (50-75%),3.25,Distinction,Low Risk,50-75%
S19403,100.0,High (>75%),2.375,Pass,Low Risk,75-100%
S19404,60.0,Medium (50-75%),2.1666666666666665,Pass,Low Risk,50-75%
S19405,66.67,Medium (50-75%),2.0,Pass,Low Risk,50-75%
S19406,100.0,High (>75%),1.8,Pass,Low Risk,75-100%
S19407,50.0,Medium (50-75%),2.6,Pass,Low Risk,25-50%
S19408,80.0,High (>75%),1.6666666666666667,Pass,Low Risk,75-100%
S19409,50.0,Medium (50-75%),1.25,Fail,High Risk,25-50%
S19410,66.67,Medium (50-75%),2.0,Pass,Low Risk,50-75%
S19411,100.0,High (>75%),2.3333333333333335,Pass,Low Risk,75-100%
S19413,85.71,High (>75%),0.5,Fail,High Risk,75-100%
S19414,75.0,High (>75%),3.0,Distinction,Low Risk,50-75%
S19415,100.0,High (>75%),2.3333333333333335,Pass,Low Risk,75-100%
S19416,66.67,Medium (50-75%),1.6666666666666667,Pass,Low Risk,50-75%
S19417,100.0,High (>75%),1.75,Pass,Low Risk,75-100%
S19418,100.0,High (>75%),2.0,Pass,Low Risk,75-100%
S19419,75.0,High (>75%),1.0,Fail,High Risk,50-75%
S19420,50.0,Medium (50-75%),1.0,Fail,High Risk,25-50%
S19421,100.0,High (>75%),1.6,Pass,Low Risk,75-100%
S19422,100.0,High (>75%),3.3333333333333335,Distinction,Low Risk,75-100%
S19423,83.33,High (>75%),0.0,Fail,High Risk,75-100%
S19424,0.0,Low (<50%),1.5,Fail,High Risk,
S19425,0.0,Low (<50%),1.0,Fail,High Risk,
S19426,50.0,Medium (50-75%),0.5,Fail,High Risk,25-50%
S19427,75.0,High (>75%),0.0,Fail,High Risk,50-75%
S19428,100.0,High (>75%),2.0,Pass,Low Risk,75-100%
S19429,66.67,Medium (50-75%),4.0,Distinction,Low Risk,50-75%
S19430,75.0,High (>75%),1.25,Fail,High Risk,50-75%
S19431,75.0,High (>75%),2.0,Pass,Low Risk,50-75%
S19432,50.0,Medium (50-75%),2.25,Pass,Low Risk,25-50%
S19433,50.0,Medium (50-75%),3.5,Distinction,Low Risk,25-50%
S19434,80.0,High (>75%),1.4,Fail,High Risk,75-100%
S19435,100.0,High (>75%),2.25,Pass,Low Risk,75-100%
S19436,50.0,Medium (50-75%),0.0,Fail,High Risk,25-50%
S19437,0.0,Low (<50%),2.6666666666666665,Pass,High Risk,
S19438,100.0,High (>75%),1.3333333333333333,Fail,High Risk,75-100%
S19439,66.67,Medium (50-75%),1.0,Fail,High Risk,50-75%
S19440,50.0,Medium (50-75%),2.0,Pass,Low Risk,25-50%
S19441,75.0,High (>75%),4.0,Distinction,Low Risk,50-75%
S19442,100.0,High (>75%),0.6666666666666666,Fail,High Risk,75-100%
S19443,66.67,Medium (50-75%),0.6666666666666666,Fail,High Risk,50-75%
S19444,50.0,Medium (50-75%),2.0,Pass,Low Risk,25-50%
S19445,100.0,High (>75%),1.5,Fail,Low Risk,75-100%
S19446,33.33,Low (<50%),1.5,Fail,High Risk,25-50%
S19447,66.67,Medium (50-75%),2.375,Pass,Low Risk,50-75%
S19448,80.0,High (>75%),0.0,Fail,High Risk,75-100%
S19449,66.67,Medium (50-75%),2.0,Pass,Low Risk,50-75%
S19450,50.0,Medium (50-75%),2.3333333333333335,Pass,Low Risk,25-50%
S19451,33.33,Low (<50%),2.0,Pass,High Risk,25-50%
S19452,60.0,Medium (50-75%),2.0,Pass,Low Risk,50-75%
S19453,100.0,High (>75%),2.25,Pass,Low Risk,75-100%
S19454,100.0,High (>75%),2.2,Pass,Low Risk,75-100%
S19455,50.0,Medium (50-75%),2.4,Pass,Low Risk,25-50%
S19456,100.0,High (>75%),1.5,Fail,Low Risk,75-100%
S19457,75.0,High (>75%),2.0,Pass,Low Risk,50-75%
S19458,33.33,Low (<50%),1.75,Pass,High Risk,25-50%
S19459,0.0,Low (<50%),3.6666666666666665,Distinction,High Risk,
S19460,100.0,High (>75%),2.2,Pass,Low Risk,75-100%
S19461,0.0,Low (<50%),2.0,Pass,High Risk,
S19462,66.67,Medium (50-75%),1.7142857142857142,Pass,Low Risk,50-75%
S19463,100.0,High (>75%),2.0,Pass,Low Risk,75-100%
S19464,100.0,High (>75%),0.0,Fail,High Risk,75-100%
S19465,50.0,Medium (50-75%),4.0,Distinction,Low Risk,25-50%
S19466,66.67,Medium (50-75%),0.5,Fail,High Risk,50-75%
S19467,33.33,Low (<50%),2.0,Pass,High Risk,25-50%
S19468,50.0,Medium (50-75%),2.25,Pass,Low Risk,25-50%
S19469,100.0,High (>75%),2.5,Pass,Low Risk,75-100%
S19470,100.0,High (>75%),2.0,Pass,Low Risk,75-100%
S19471,100.0,High (>75%),2.25,Pass,Low Risk,75-100%
S19472,80.0,High (>75%),0.5,Fail,High Risk,75-100%
S19473,50.0,Medium (50-75%),2.75,Pass,Low Risk,25-50%
S19474,66.67,Medium (50-75%),1.6666666666666667,Pass,Low Risk,50-75%
S19475,25.0,Low (<50%),1.75,Pass,High Risk,0-25%
S19477,80.0,High (>75%),4.0,Distinction,Low Risk,75-100%
S19478,100.0,High (>75%),2.5,Pass,Low Risk,75-100%
S19479,80.0,High (>75%),1.6666666666666667,Pass,Low Risk,75-100%
S19480,50.0,Medium (50-75%),2.0,Pass,Low Risk,25-50%
S19481,100.0,High (>75%),3.0,Distinction,Low Risk,75-100%
S19482,100.0,High (>75%),3.0,Distinction,Low Risk,75-100%
S19483,40.0,Low (<50%),2.375,Pass,High Risk,25-50%
S19484,100.0,High (>75%),1.8571428571428572,Pass,Low Risk,75-100%
S19485,0.0,Low (<50%),1.25,Fail,High Risk,
S19486,0.0,Low (<50%),1.5,Fail,High Risk,
S19487,100.0,High (>75%),1.6666666666666667,Pass,Low Risk,75-100%
S19489,20.0,Low (<50%),1.5,Fail,High Risk,0-25%
S19490,75.0,High (>75%),2.0,Pass,Low Risk,50-75%
S19491,100.0,High (>75%),2.25,Pass,Low Risk,75-100%
S19492,66.67,Medium (50-75%),2.5,Pass,Low Risk,50-75%
S19493,100.0,High (>75%),4.0,Distinction,Low Risk,75-100%
S19494,80.0,High (>75%),0.7142857142857143,Fail,High Risk,75-100%
S19495,100.0,High (>75%),2.25,Pass,Low Risk,75-100%
S19496,75.0,High (>75%),2.6666666666666665,Pass,Low Risk,50-75%
S19497,100.0,High (>75%),2.0,Pass,Low Risk,75-100%
S19498,100.0,High (>75%),1.5,Fail,Low Risk,75-100%
S19499,100.0,High (>75%),0.8333333333333334,Fail,High Risk,75-100%
S19500,40.0,Low (<50%),2.75,Pass,High Risk,25-50%
S19502,50.0,Medium (50-75%),2.5,Pass,Low Risk,25-50%
S19503,100.0,High (>75%),3.0,Distinction,Low Risk,75-100%
S19504,50.0,Medium (50-75%),1.0,Fail,High Risk,25-50%
S19505,0.0,Low (<50%),1.6666666666666667,Pass,High Risk,
S19506,50.0,Medium (50-75%),2.3333333333333335,Pass,Low Risk,25-50%
S19507,66.67,Medium (50-75%),2.3333333333333335,Pass,Low Risk,50-75%
S19508,60.0,Medium (50-75%),2.0,Pass,Low Risk,50-75%
S19509,100.0,High (>75%),2.5,Pass,Low Risk,75-100%
S19510,0.0,Low (<50%),1.6,Pass,High Risk,
S19511,50.0,Medium (50-75%),2.0,Pass,Low Risk,25-50%
S19512,50.0,Medium (50-75%),1.6,Pass,Low Risk,25-50%
S19513,75.0,High (>75%),1.5,Fail,Low Risk,50-75%
S19515,0.0,Low (<50%),1.6666666666666667,Pass,High Risk,
S19516,100.0,High (>75%),1.5,Fail,Low Risk,75-100%
S19517,100.0,High (>75%),1.8,Pass,Low Risk,75-100%
S19518,40.0,Low (<50%),1.6666666666666667,Pass,High Risk,25-50%
S19519,0.0,Low (<50%),2.5,Pass,High Risk,
S19520,66.67,Medium (50-75%),4.0,Distinction,Low Risk,50-75%
S19521,100.0,High (>75%),1.3333333333333333,Fail,High Risk,75-100%
S19522,100.0,High (>75%),1.8,Pass,Low Risk,75-100%
S19523,50.0,Medium (50-75%),2.0,Pass,Low Risk,25-50%
S19524,0.0,Low (<50%),3.0,Distinction,High Risk,
S19525,100.0,High (>75%),2.0,Pass,Low Risk,75-100%
S19526,50.0,Medium (50-75%),3.0,Distinction,Low Risk,25-50%
S19527,33.33,Low (<50%),2.3333333333333335,Pass,High Risk,25-50%
S19528,100.0,High (>75%),2.375,Pass,Low Risk,75-100%
S19529,100.0,High (>75%),3.0,Distinction,Low Risk,75-100%
S19530,50.0,Medium (50-75%),3.0,Distinction,Low Risk,25-50%
S19531,100.0,High (>75%),1.3333333333333333,Fail,High Risk,75-100%
S19532,75.0,High (>75%),2.5,Pass,Low Risk,50-75%
S19533,66.67,Medium (50-75%),1.1666666666666667,Fail,High Risk,50-75%
S19534,0.0,Low (<50%),2.0,Pass,High Risk,
S19535,0.0,Low (<50%),2.0,Pass,High Risk,
S19536,33.33,Low (<50%),2.5,Pass,High Risk,25-50%
S19537,83.33,High (>75%),0.5,Fail,High Risk,75-100%
S19538,100.0,High (>75%),0.6666666666666666,Fail,High Risk,75-100%
S19539,100.0,High (>75%),2.3333333333333335,Pass,Low Risk,75-100%
S19540,100.0,High (>75%),3.0,Distinction,Low Risk,75-100%
S19541,100.0,High (>75%),2.5,Pass,Low Risk,75-100%
S19542,0.0,Low (<50%),2.0,Pass,High Risk,
S19543,100.0,High (>75%),3.0,Distinction,Low Risk,75-100%
S19544,0.0,Low (<50%),2.0,Pass,High Risk,
S19545,0.0,Low (<50%),2.5,Pass,High Risk,
S19546,50.0,Medium (50-75%),1.75,Pass,Low Risk,25-50%
S19547,0.0,Low (<50%),3.0,Distinction,High Risk,
S19548,100.0,High (>75%),4.0,Distinction,Low Risk,75-100%
S19549,100.0,High (>75%),2.2222222222222223,Pass,Low Risk,75-100%
S19550,75.0,High (>75%),2.5,Pass,Low Risk,50-75%
S19551,16.67,Low (<50%),2.2857142857142856,Pass,High Risk,0-25%
S19552,66.67,Medium (50-75%),1.3333333333333333,Fail,High Risk,50-75%
S19553,100.0,High (>75%),4.0,Distinction,Low Risk,75-100%
S19554,66.67,Medium (50-75%),2.25,Pass,Low Risk,50-75%
S19555,50.0,Medium (50-75%),3.5,Distinction,Low Risk,25-50%
S19556,50.0,Medium (50-75%),1.0,Fail,High Risk,25-50%
S19557,100.0,High (>75%),2.3333333333333335,Pass,Low Risk,75-100%
S19558,0.0,Low (<50%),2.5,Pass,High Risk,
S19559,100.0,High (>75%),3.0,Distinction,Low Risk,75-100%
S19560,66.67,Medium (50-75%),3.0,Distinction,Low Risk,50-75%
S19561,100.0,High (>75%),4.0,Distinction,Low Risk,75-100%
S19562,80.0,High (>75%),2.3333333333333335,Pass,Low Risk,75-100%
S19563,100.0,High (>75%),2.0,Pass,Low Risk,75-100%
S19564,0.0,Low (<50%),3.6,Distinction,High Risk,
S19565,75.0,High (>75%),3.5,Distinction,Low Risk,50-75%
S19566,75.0,High (>75%),1.0,Fail,High Risk,50-75%
S19567,100.0,High (>75%),1.5,Fail,Low Risk,75-100%
S19568,20.0,Low (<50%),1.0,Fail,High Risk,0-25%
S19570,100.0,High (>75%),3.0,Distinction,Low Risk,75-100%
S19571,25.0,Low (<50%),1.6666666666666667,Pass,High Risk,0-25%
S19572,100.0,High (>75%),1.0,Fail,High Risk,75-100%
S19573,80.0,High (>75%),1.4444444444444444,Fail,High Risk,75-100%
S19574,83.33,High (>75%),2.0,Pass,Low Risk,75-100%
S19575,66.67,Medium (50-75%),2.75,Pass,Low Risk,50-75%
S19576,100.0,High (>75%),2.5,Pass,Low Risk,75-100%
S19577,88.89,High (>75%),3.0,Distinction,Low Risk,75-100%
S19578,66.67,Medium (50-75%),2.1666666666666665,Pass,Low Risk,50-75%
S19579,100.0,High (>75%),4.0,Distinction,Low Risk,75-100%
S19580,100.0,High (>75%),2.5,Pass,Low Risk,75-100%
S19581,50.0,Medium (50-75%),0.6666666666666666,Fail,High Risk,25-50%
S19583,100.0,High (>75%),2.0,Pass,Low Risk,75-100%
S19584,50.0,Medium (50-75%),3.25,Distinction,Low Risk,25-50%
S19585,75.0,High (>75%),2.142857142857143,Pass,Low Risk,50-75%
S19586,66.67,Medium (50-75%),1.5,Fail,Low Risk,50-75%
S19587,75.0,High (>75%),3.0,Distinction,Low Risk,50-75%
S19588,33.33,Low (<50%),2.0,Pass,High Risk,25-50%
S19589,80.0,High (>75%),1.75,Pass,Low Risk,75-100%
S19591,60.0,Medium (50-75%),1.0,Fail,High Risk,50-75%
S19592,60.0,Medium (50-75%),2.0,Pass,Low Risk,50-75%
S19593,100.0,High (>75%),2.3333333333333335,Pass,Low Risk,75-100%
S19594,60.0,Medium (50-75%),1.0,Fail,High Risk,50-75%
S19595,83.33,High (>75%),4.0,Distinction,Low Risk,75-100%
S19596,50.0,Medium (50-75%),1.4,Fail,High Risk,25-50%
S19597,100.0,High (>75%),2.0,Pass,Low Risk,75-100%
S19600,100.0,High (>75%),0.3333333333333333,Fail,High Risk,75-100%
S19602,75.0,High (>75%),3.6666666666666665,Distinction,Low Risk,50-75%
S19603,66.67,Medium (50-75%),3.5,Distinction,Low Risk,50-75%
S19604,66.67,Medium (50-75%),1.2,Fail,High Risk,50-75%
S19605,60.0,Medium (50-75%),0.75,Fail,High Risk,50-75%
S19606,50.0,Medium (50-75%),2.0,Pass,Low Risk,25-50%
S19607,57.14,Medium (50-75%),0.0,Fail,High Risk,50-75%
S19608,100.0,High (>75%),1.5,Fail,Low Risk,75-100%
S19609,100.0,High (>75%),3.5,Distinction,Low Risk,75-100%
S19610,100.0,High (>75%),2.5,Pass,Low Risk,75-100%
S19611,33.33,Low (<50%),2.4,Pass,High Risk,25-50%
S19612,100.0,High (>75%),2.0,Pass,Low Risk,75-100%
S19614,50.0,Medium (50-75%),1.3333333333333333,Fail,High Risk,25-50%
S19615,33.33,Low (<50%),1.75,Pass,High Risk,25-50%
S19616,66.67,Medium (50-75%),2.0,Pass,Low Risk,50-75%
S19617,33.33,Low (<50%),0.5,Fail,High Risk,25-50%
S19618,60.0,Medium (50-75%),1.2,Fail,High Risk,50-75%
S19619,66.67,Medium (50-75%),0.0,Fail,High Risk,50-75%
S19620,50.0,Medium (50-75%),1.6,Pass,Low Risk,25-50%
S19621,66.67,Medium (50-75%),4.0,Distinction,Low Risk,50-75%
S19622,40.0,Low (<50%),1.0,Fail,High Risk,25-50%
S19623,40.0,Low (<50%),2.6666666666666665,Pass,High Risk,25-50%
S19624,0.0,Low (<50%),1.5,Fail,High Risk,
S19625,33.33,Low (<50%),2.0,Pass,High Risk,25-50%
S19626,75.0,High (>75%),1.0,Fail,High Risk,50-75%
S19627,75.0,High (>75%),0.0,Fail,High Risk,50-75%
S19628,25.0,Low (<50%),2.0,Pass,High Risk,0-25%
S19629,60.0,Medium (50-75%),1.75,Pass,Low Risk,50-75%
S19630,75.0,High (>75%),2.0,Pass,Low Risk,50-75%
S19631,100.0,High (>75%),3.0,Distinction,Low Risk,75-100%
S19632,50.0,Medium (50-75%),2.5,Pass,Low Risk,25-50%
S19633,100.0,High (>75%),2.8,Pass,Low Risk,75-100%
S19634,100.0,High (>75%),2.0,Pass,Low Risk,75-100%
S19635,0.0,Low (<50%),2.2,Pass,High Risk,
S19636,75.0,High (>75%),1.0,Fail,High Risk,50-75%
S19637,40.0,Low (<50%),3.0,Distinction,High Risk,25-50%
S19638,33.33,Low (<50%),2.0,Pass,High Risk,25-50%
S19639,50.0,Medium (50-75%),2.0,Pass,Low Risk,25-50%
S19640,25.0,Low (<50%),1.8,Pass,High Risk,0-25%
S19641,100.0,High (>75%),2.0,Pass,Low Risk,75-100%
S19642,0.0,Low (<50%),3.0,Distinction,High Risk,
S19643,77.78,High (>75%),1.0,Fail,High Risk,75-100%
S19644,50.0,Medium (50-75%),3.5,Distinction,Low Risk,25-50%
S19645,50.0,Medium (50-75%),1.8333333333333333,Pass,Low Risk,25-50%
S19646,50.0,Medium (50-75%),3.0,Distinction,Low Risk,25-50%
S19648,75.0,High (>75%),0.0,Fail,High Risk,50-75%
S19649,75.0,High (>75%),3.0,Distinction,Low Risk,50-75%
S19650,100.0,High (>75%),4.0,Distinction,Low Risk,75-100%
S19651,100.0,High (>75%),1.8,Pass,Low Risk,75-100%
S19652,75.0,High (>75%),1.3333333333333333,Fail,High Risk,50-75%
S19653,50.0,Medium (50-75%),1.5,Fail,Low Risk,25-50%
S19655,66.67,Medium (50-75%),1.5,Fail,Low Risk,50-75%
S19656,0.0,Low (<50%),2.6666666666666665,Pass,High Risk,
S19657,80.0,High (>75%),0.5,Fail,High Risk,75-100%
S19658,50.0,Medium (50-75%),3.0,Distinction,Low Risk,25-50%
S19659,100.0,High (>75%),3.0,Distinction,Low Risk,75-100%
S19660,80.0,High (>75%),3.0,Distinction,Low Risk,75-100%
S19661,75.0,High (>75%),1.0,Fail,High Risk,50-75%
S19663,33.33,Low (<50%),1.6,Pass,High Risk,25-50%
S19664,40.0,Low (<50%),1.7777777777777777,Pass,High Risk,25-50%
S19665,75.0,High (>75%),0.0,Fail,High Risk,50-75%
S19666,75.0,High (>75%),2.0,Pass,Low Risk,50-75%
S19667,60.0,Medium (50-75%),2.5,Pass,Low Risk,50-75%
S19668,50.0,Medium (50-75%),3.6666666666666665,Distinction,Low Risk,25-50%
S19669,75.0,High (>75%),2.3333333333333335,Pass,Low Risk,50-75%
S19670,50.0,Medium (50-75%),1.2,Fail,High Risk,25-50%
S19671,50.0,Medium (50-75%),2.0,Pass,Low Risk,25-50%
S19672,75.0,High (>75%),2.6,Pass,Low Risk,50-75%
S19673,100.0,High (>75%),2.0,Pass,Low Risk,75-100%
S19674,50.0,Medium (50-75%),3.0,Distinction,Low Risk,25-50%
S19675,100.0,High (>75%),1.5,Fail,Low Risk,75-100%
S19676,66.67,Medium (50-75%),1.5,Fail,Low Risk,50-75%
S19677,0.0,Low (<50%),1.75,Pass,High Risk,
S19678,100.0,High (>75%),2.0,Pass,Low Risk,75-100%
S19679,50.0,Medium (50-75%),1.3333333333333333,Fail,High Risk,25-50%
S19680,0.0,Low (<50%),2.0,Pass,High Risk,
S19681,50.0,Medium (50-75%),1.25,Fail,High Risk,25-50%
S19682,100.0,High (>75%),3.0,Distinction,Low Risk,75-100%
S19683,66.67,Medium (50-75%),2.0,Pass,Low Risk,50-75%
S19684,50.0,Medium (50-75%),2.0,Pass,Low Risk,25-50%
S19685,80.0,High (>75%),2.0,Pass,Low Risk,75-100%
S19687,100.0,High (>75%),3.0,Distinction,Low Risk,75-100%
S19688,100.0,High (>75%),2.25,Pass,Low Risk,75-100%
S19689,100.0,High (>75%),4.0,Distinction,Low Risk,75-100%
S19690,80.0,High (>75%),1.6666666666666667,Pass,Low Risk,75-100%
S19691,100.0,High (>75%),3.25,Distinction,Low Risk,75-100%
S19692,60.0,Medium (50-75%),3.0,Distinction,Low Risk,50-75%
S19693,100.0,High (>75%),3.0,Distinction,Low Risk,75-100%
S19694,100.0,High (>75%),2.75,Pass,Low Risk,75-100%
S19695,0.0,Low (<50%),0.5,Fail,High Risk,
S19696,100.0,High (>75%),2.5,Pass,Low Risk,75-100%
S19697,100.0,High (>75%),2.25,Pass,Low Risk,75-100%
S19698,50.0,Medium (50-75%),0.0,Fail,High Risk,25-50%
S19699,0.0,Low (<50%),1.0,Fail,High Risk,
S19700,0.0,Low (<50%),3.0,Distinction,High Risk,
S19701,25.0,Low (<50%),2.0,Pass,High Risk,0-25%
S19702,100.0,High (>75%),1.8,Pass,Low Risk,75-100%
S19703,100.0,High (>75%),2.3333333333333335,Pass,Low Risk,75-100%
S19704,50.0,Medium (50-75%),1.25,Fail,High Risk,25-50%
S19705,66.67,Medium (50-75%),2.5,Pass,Low Risk,50-75%
S19706,100.0,High (>75%),1.5,Fail,Low Risk,75-100%
S19707,100.0,High (>75%),2.0,Pass,Low Risk,75-100%
S19708,50.0,Medium (50-75%),4.0,Distinction,Low Risk,25-50%
S19709,50.0,Medium (50-75%),2.25,Pass,Low Risk,25-50%
S19710,71.43,Medium (50-75%),1.8333333333333333,Pass,Low Risk,50-75%
S19711,66.67,Medium (50-75%),3.5,Distinction,Low Risk,50-75%
S19712,50.0,Medium (50-75%),2.0,Pass,Low Risk,25-50%
S19713,66.67,Medium (50-75%),2.6666666666666665,Pass,Low Risk,50-75%
S19714,100.0,High (>75%),3.25,Distinction,Low Risk,75-100%
S19715,0.0,Low (<50%),2.0,Pass,High Risk,
S19716,100.0,High (>75%),2.6666666666666665,Pass,Low Risk,75-100%
S19717,100.0,High (>75%),1.6666666666666667,Pass,Low Risk,75-100%
S19718,50.0,Medium (50-75%),2.3333333333333335,Pass,Low Risk,25-50%
S19719,50.0,Medium (50-75%),1.0,Fail,High Risk,25-50%
S19720,25.0,Low (<50%),4.0,Distinction,High Risk,0-25%
S19721,50.0,Medium (50-75%),1.0,Fail,High Risk,25-50%
S19722,100.0,High (>75%),2.2,Pass,Low Risk,75-100%
S19723,66.67,Medium (50-75%),1.6666666666666667,Pass,Low Risk,50-75%
S19724,0.0,Low (<50%),2.0,Pass,High Risk,
S19725,50.0,Medium (50-75%),1.3333333333333333,Fail,High Risk,25-50%
S19726,100.0,High (>75%),4.0,Distinction,Low Risk,75-100%
S19727,100.0,High (>75%),2.6,Pass,Low Risk,75-100%
S19728,100.0,High (>75%),2.75,Pass,Low Risk,75-100%
S19730,50.0,Medium (50-75%),3.0,Distinction,Low Risk,25-50%
S19731,50.0,Medium (50-75%),2.0,Pass,Low Risk,25-50%
S19732,50.0,Medium (50-75%),2.0,Pass,Low Risk,25-50%
S19733,40.0,Low (<50%),3.0,Distinction,High Risk,25-50%
S19734,100.0,High (>75%),1.6,Pass,Low Risk,75-100%
S19735,100.0,High (>75%),1.5,Fail,Low Risk,75-100%
S19736,100.0,High (>75%),2.5,Pass,Low Risk,75-100%
S19737,50.0,Medium (50-75%),1.2,Fail,High Risk,25-50%
S19738,25.0,Low (<50%),3.3333333333333335,Distinction,High Risk,0-25%
S19739,60.0,Medium (50-75%),2.0,Pass,Low Risk,50-75%
S19740,50.0,Medium (50-75%),2.5,Pass,Low Risk,25-50%
S19741,50.0,Medium (50-75%),1.6666666666666667,Pass,Low Risk,25-50%
S19743,0.0,Low (<50%),0.0,Fail,High Risk,
S19744,100.0,High (>75%),1.6666666666666667,Pass,Low Risk,75-100%
S19745,100.0,High (>75%),0.0,Fail,High Risk,75-100%
S19746,75.0,High (>75%),1.75,Pass,Low Risk,50-75%
S19747,0.0,Low (<50%),2.0,Pass,High Risk,
S19748,66.67,Medium (50-75%),1.7777777777777777,Pass,Low Risk,50-75%
S19749,0.0,Low (<50%),1.5,Fail,High Risk,
S19750,0.0,Low (<50%),2.2,Pass,High Risk,
S19752,100.0,High (>75%),2.0,Pass,Low Risk,75-100%
S19753,33.33,Low (<50%),1.5,Fail,High Risk,25-50%
S19754,0.0,Low (<50%),1.5,Fail,High Risk,
S19755,50.0,Medium (50-75%),1.0,Fail,High Risk,25-50%
S19756,71.43,Medium (50-75%),1.8333333333333333,Pass,Low Risk,50-75%
S19757,0.0,Low (<50%),3.0,Distinction,High Risk,
S19758,50.0,Medium (50-75%),1.0,Fail,High Risk,25-50%
S19759,50.0,Medium (50-75%),2.5,Pass,Low Risk,25-50%
S19760,80.0,High (>75%),4.0,Distinction,Low Risk,75-100%
S19761,50.0,Medium (50-75%),2.8333333333333335,Pass,Low Risk,25-50%
S19762,100.0,High (>75%),3.3333333333333335,Distinction,Low Risk,75-100%
S19763,0.0,Low (<50%),2.0,Pass,High Risk,
S19764,100.0,High (>75%),2.3333333333333335,Pass,Low Risk,75-100%
S19765,100.0,High (>75%),2.75,Pass,Low Risk,75-100%
S19766,100.0,High (>75%),3.0,Distinction,Low Risk,75-100%
S19767,25.0,Low (<50%),1.2,Fail,High Risk,0-25%
S19768,0.0,Low (<50%),2.4,Pass,High Risk,
S19769,25.0,Low (<50%),1.5,Fail,High Risk,0-25%
S19770,50.0,Medium (50-75%),2.4285714285714284,Pass,Low Risk,25-50%
S19771,33.33,Low (<50%),1.75,Pass,High Risk,25-50%
S19772,50.0,Medium (50-75%),2.6666666666666665,Pass,Low Risk,25-50%
S19773,100.0,High (>75%),2.0,Pass,Low Risk,75-100%
S19774,50.0,Medium (50-75%),2.8,Pass,Low Risk,25-50%
S19775,0.0,Low (<50%),3.0,Distinction,High Risk,
S19776,100.0,High (>75%),2.2,Pass,Low Risk,75-100%
S19778,100.0,High (>75%),1.0,Fail,High Risk,75-100%
S19779,100.0,High (>75%),2.0,Pass,Low Risk,75-100%
S19780,100.0,High (>75%),1.2,Fail,High Risk,75-100%
S19781,100.0,High (>75%),0.0,Fail,High Risk,75-100%
S19782,0.0,Low (<50%),1.3333333333333333,Fail,High Risk,
S19783,50.0,Medium (50-75%),2.3333333333333335,Pass,Low Risk,25-50%
S19784,100.0,High (>75%),2.0,Pass,Low Risk,75-100%
S19785,100.0,High (>75%),1.0,Fail,High Risk,75-100%
S19786,50.0,Medium (50-75%),2.5,Pass,Low Risk,25-50%
S19787,66.67,Medium (50-75%),2.142857142857143,Pass,Low Risk,50-75%
S19788,100.0,High (>75%),3.0,Distinction,Low Risk,75-100%
S19789,100.0,High (>75%),2.25,Pass,Low Risk,75-100%
S19790,40.0,Low (<50%),0.0,Fail,High Risk,25-50%
S19791,80.0,High (>75%),3.4,Distinction,Low Risk,75-100%
S19792,66.67,Medium (50-75%),4.0,Distinction,Low Risk,50-75%
S19793,100.0,High (>75%),1.7142857142857142,Pass,Low Risk,75-100%
S19794,33.33,Low (<50%),1.0,Fail,High Risk,25-50%
S19795,66.67,Medium (50-75%),2.3333333333333335,Pass,Low Risk,50-75%
S19796,0.0,Low (<50%),2.0,Pass,High Risk,
S19797,0.0,Low (<50%),2.0,Pass,High Risk,
S19798,100.0,High (>75%),2.5,Pass,Low Risk,75-100%
S19799,50.0,Medium (50-75%),2.0,Pass,Low Risk,25-50%
S19800,100.0,High (>75%),2.3333333333333335,Pass,Low Risk,75-100%
S19801,100.0,High (>75%),2.7142857142857144,Pass,Low Risk,75-100%
S19802,50.0,Medium (50-75%),2.0,Pass,Low Risk,25-50%
S19803,50.0,Medium (50-75%),2.0,Pass,Low Risk,25-50%
S19804,50.0,Medium (50-75%),2.0,Pass,Low Risk,25-50%
S19805,50.0,Medium (50-75%),0.75,Fail,High Risk,25-50%
S19806,0.0,Low (<50%),2.5,Pass,High Risk,
S19807,50.0,Medium (50-75%),0.6666666666666666,Fail,High Risk,25-50%
S19808,50.0,Medium (50-75%),4.0,Distinction,Low Risk,25-50%
S19809,66.67,Medium (50-75%),0.0,Fail,High Risk,50-75%
S19810,50.0,Medium (50-75%),1.75,Pass,Low Risk,25-50%
S19811,66.67,Medium (50-75%),0.0,Fail,High Risk,50-75%
S19812,100.0,High (>75%),2.5,Pass,Low Risk,75-100%
S19813,100.0,High (>75%),2.8,Pass,Low Risk,75-100%
S19814,80.0,High (>75%),0.5,Fail,High Risk,75-100%
S19815,50.0,Medium (50-75%),2.6666666666666665,Pass,Low Risk,25-50%
S19816,60.0,Medium (50-75%),1.4,Fail,High Risk,50-75%
S19817,50.0,Medium (50-75%),1.0,Fail,High Risk,25-50%
S19818,50.0,Medium (50-75%),1.8333333333333333,Pass,Low Risk,25-50%
S19819,50.0,Medium (50-75%),1.5,Fail,Low Risk,25-50%
S19820,50.0,Medium (50-75%),2.4,Pass,Low Risk,25-50%
S19821,100.0,High (>75%),1.6666666666666667,Pass,Low Risk,75-100%
S19822,66.67,Medium (50-75%),1.1428571428571428,Fail,High Risk,50-75%
S19823,66.67,Medium (50-75%),0.5,Fail,High Risk,50-75%
S19824,25.0,Low (<50%),1.0,Fail,High Risk,0-25%
S19825,50.0,Medium (50-75%),2.0,Pass,Low Risk,25-50%
S19826,50.0,Medium (50-75%),2.0,Pass,Low Risk,25-50%
S19827,50.0,Medium (50-75%),0.0,Fail,High Risk,25-50%
S19828,50.0,Medium (50-75%),2.4285714285714284,Pass,Low Risk,25-50%
S19829,75.0,High (>75%),3.3333333333333335,Distinction,Low Risk,50-75%
S19830,75.0,High (>75%),3.0,Distinction,Low Risk,50-75%
S19832,0.0,Low (<50%),2.0,Pass,High Risk,
S19833,100.0,High (>75%),1.25,Fail,High Risk,75-100%
S19834,33.33,Low (<50%),0.5,Fail,High Risk,25-50%
S19835,40.0,Low (<50%),3.2,Distinction,High Risk,25-50%
S19836,40.0,Low (<50%),1.5,Fail,High Risk,25-50%
S19837,100.0,High (>75%),1.3333333333333333,Fail,High Risk,75-100%
S19838,0.0,Low (<50%),1.8,Pass,High Risk,
S19839,66.67,Medium (50-75%),2.0,Pass,Low Risk,50-75%
S19840,50.0,Medium (50-75%),2.5,Pass,Low Risk,25-50%
S19841,33.33,Low (<50%),3.0,Distinction,High Risk,25-50%
S19842,0.0,Low (<50%),2.0,Pass,High Risk,
S19844,100.0,High (>75%),4.0,Distinction,Low Risk,75-100%
S19845,66.67,Medium (50-75%),2.0,Pass,Low Risk,50-75%
S19846,100.0,High (>75%),0.0,Fail,High Risk,75-100%
S19847,0.0,Low (<50%),3.1666666666666665,Distinction,High Risk,
S19848,100.0,High (>75%),2.8333333333333335,Pass,Low Risk,75-100%
S19849,100.0,High (>75%),3.6666666666666665,Distinction,Low Risk,75-100%
S19850,0.0,Low (<50%),1.6,Pass,High Risk,
S19851,75.0,High (>75%),3.75,Distinction,Low Risk,50-75%
S19852,50.0,Medium (50-75%),0.75,Fail,High Risk,25-50%
S19853,50.0,Medium (50-75%),1.2,Fail,High Risk,25-50%
S19854,50.0,Medium (50-75%),2.5,Pass,Low Risk,25-50%
S19855,100.0,High (>75%),0.75,Fail,High Risk,75-100%
S19856,50.0,Medium (50-75%),3.3333333333333335,Distinction,Low Risk,25-50%
S19857,50.0,Medium (50-75%),1.5,Fail,Low Risk,25-50%
S19858,100.0,High (>75%),2.7142857142857144,Pass,Low Risk,75-100%
S19859,0.0,Low (<50%),3.0,Distinction,High Risk,
S19860,66.67,Medium (50-75%),3.0,Distinction,Low Risk,50-75%
S19861,66.67,Medium (50-75%),2.0,Pass,Low Risk,50-75%
S19862,50.0,Medium (50-75%),1.75,Pass,Low Risk,25-50%
S19863,66.67,Medium (50-75%),3.3333333333333335,Distinction,Low Risk,50-75%
S19864,66.67,Medium (50-75%),2.0,Pass,Low Risk,50-75%
S19865,100.0,High (>75%),2.0,Pass,Low Risk,75-100%
S19866,75.0,High (>75%),1.5,Fail,Low Risk,50-75%
S19867,0.0,Low (<50%),2.0,Pass,High Risk,
S19868,100.0,High (>75%),2.0,Pass,Low Risk,75-100%
S19869,33.33,Low (<50%),1.3333333333333333,Fail,High Risk,25-50%
S19870,50.0,Medium (50-75%),2.0,Pass,Low Risk,25-50%
S19871,50.0,Medium (50-75%),2.6666666666666665,Pass,Low Risk,25-50%
S19872,100.0,High (>75%),1.0,Fail,High Risk,75-100%
S19873,60.0,Medium (50-75%),2.6,Pass,Low Risk,50-75%
S19874,100.0,High (>75%),3.0,Distinction,Low Risk,75-100%
S19875,100.0,High (>75%),2.0,Pass,Low Risk,75-100%
S19876,66.67,Medium (50-75%),2.0,Pass,Low Risk,50-75%
S19877,100.0,High (>75%),1.75,Pass,Low Risk,75-100%
S19878,80.0,High (>75%),1.6666666666666667,Pass,Low Risk,75-100%
S19879,0.0,Low (<50%),2.0,Pass,High Risk,
S19880,50.0,Medium (50-75%),1.6666666666666667,Pass,Low Risk,25-50%
S19881,100.0,High (>75%),2.5,Pass,Low Risk,75-100%
S19882,100.0,High (>75%),2.0,Pass,Low Risk,75-100%
S19883,50.0,Medium (50-75%),2.6666666666666665,Pass,Low Risk,25-50%
S19884,50.0,Medium (50-75%),1.25,Fail,High Risk,25-50%
S19885,50.0,Medium (50-75%),2.0,Pass,Low Risk,25-50%
S19886,66.67,Medium (50-75%),1.5714285714285714,Fail,Low Risk,50-75%
S19887,33.33,Low (<50%),2.25,Pass,High Risk,25-50%
S19888,83.33,High (>75%),2.25,Pass,Low Risk,75-100%
S19889,50.0,Medium (50-75%),1.8333333333333333,Pass,Low Risk,25-50%
S19890,71.43,Medium (50-75%),0.5,Fail,High Risk,50-75%
S19891,50.0,Medium (50-75%),1.8,Pass,Low Risk,25-50%
S19892,66.67,Medium (50-75%),1.5,Fail,Low Risk,50-75%
S19893,33.33,Low (<50%),3.75,Distinction,High Risk,25-50%
S19894,66.67,Medium (50-75%),3.0,Distinction,Low Risk,50-75%
S19895,33.33,Low (<50%),1.25,Fail,High Risk,25-50%
S19896,0.0,Low (<50%),2.0,Pass,High Risk,
S19897,0.0,Low (<50%),2.0,Pass,High Risk,
S19898,100.0,High (>75%),2.0,Pass,Low Risk,75-100%
S19899,80.0,High (>75%),1.0,Fail,High Risk,75-100%
S19900,60.0,Medium (50-75%),4.0,Distinction,Low Risk,50-75%
S19901,100.0,High (>75%),4.0,Distinction,Low Risk,75-100%
S19902,80.0,High (>75%),0.5,Fail,High Risk,75-100%
S19903,33.33,Low (<50%),2.2,Pass,High Risk,25-50%
S19904,100.0,High (>75%),1.6,Pass,Low Risk,75-100%
S19905,75.0,High (>75%),0.0,Fail,High Risk,50-75%
S19906,100.0,High (>75%),0.5,Fail,High Risk,75-100%
S19907,60.0,Medium (50-75%),2.25,Pass,Low Risk,50-75%
S19908,100.0,High (>75%),1.6666666666666667,Pass,Low Risk,75-100%
S19909,0.0,Low (<50%),2.3333333333333335,Pass,High Risk,
S19910,100.0,High (>75%),2.0,Pass,Low Risk,75-100%
S19911,75.0,High (>75%),1.6666666666666667,Pass,Low Risk,50-75%
S19912,83.33,High (>75%),2.5,Pass,Low Risk,75-100%
S19913,83.33,High (>75%),1.75,Pass,Low Risk,75-100%
S19914,33.33,Low (<50%),1.6666666666666667,Pass,High Risk,25-50%
S19915,100.0,High (>75%),2.6666666666666665,Pass,Low Risk,75-100%
S19916,100.0,High (>75%),2.0,Pass,Low Risk,75-100%
S19917,80.0,High (>75%),2.0,Pass,Low Risk,75-100%
S19918,71.43,Medium (50-75%),1.2,Fail,High Risk,50-75%
S19919,50.0,Medium (50-75%),1.5,Fail,Low Risk,25-50%
S19920,100.0,High (>75%),2.5,Pass,Low Risk,75-100%
S19921,100.0,High (>75%),2.7142857142857144,Pass,Low Risk,75-100%
S19922,100.0,High (>75%),2.5,Pass,Low Risk,75-100%
S19923,100.0,High (>75%),2.5,Pass,Low Risk,75-100%
S19924,50.0,Medium (50-75%),1.8333333333333333,Pass,Low Risk,25-50%
S19925,0.0,Low (<50%),1.75,Pass,High Risk,
S19926,50.0,Medium (50-75%),1.6666666666666667,Pass,Low Risk,25-50%
S19927,33.33,Low (<50%),2.0,Pass,High Risk,25-50%
S19928,66.67,Medium (50-75%),2.0,Pass,Low Risk,50-75%
S19929,66.67,Medium (50-75%),2.0,Pass,Low Risk,50-75%
S19930,80.0,High (>75%),3.5,Distinction,Low Risk,75-100%
S19931,100.0,High (>75%),4.0,Distinction,Low Risk,75-100%
S19932,0.0,Low (<50%),3.3333333333333335,Distinction,High Risk,
S19933,16.67,Low (<50%),1.4,Fail,High Risk,0-25%
S19934,60.0,Medium (50-75%),2.5,Pass,Low Risk,50-75%
S19935,60.0,Medium (50-75%),1.0,Fail,High Risk,50-75%
S19936,100.0,High (>75%),1.4,Fail,High Risk,75-100%
S19937,100.0,High (>75%),3.5,Distinction,Low Risk,75-100%
S19938,77.78,High (>75%),1.2,Fail,High Risk,75-100%
S19939,100.0,High (>75%),2.0,Pass,Low Risk,75-100%
S19940,100.0,High (>75%),1.1666666666666667,Fail,High Risk,75-100%
S19941,100.0,High (>75%),2.5,Pass,Low Risk,75-100%
S19942,66.67,Medium (50-75%),2.0,Pass,Low Risk,50-75%
S19943,100.0,High (>75%),2.0,Pass,Low Risk,75-100%
S19944,100.0,High (>75%),3.0,Distinction,Low Risk,75-100%
S19945,60.0,Medium (50-75%),2.0,Pass,Low Risk,50-75%
S19946,66.67,Medium (50-75%),2.5,Pass,Low Risk,50-75%
S19948,100.0,High (>75%),1.0,Fail,High Risk,75-100%
S19949,50.0,Medium (50-75%),2.3333333333333335,Pass,Low Risk,25-50%
S19950,66.67,Medium (50-75%),1.0,Fail,High Risk,50-75%
S19951,100.0,High (>75%),2.0,Pass,Low Risk,75-100%
S19952,50.0,Medium (50-75%),3.5,Distinction,Low Risk,25-50%
S19953,100.0,High (>75%),2.857142857142857,Pass,Low Risk,75-100%
S19954,0.0,Low (<50%),3.0,Distinction,High Risk,
S19955,100.0,High (>75%),2.0,Pass,Low Risk,75-100%
S19956,100.0,High (>75%),0.5,Fail,High Risk,75-100%
S19957,100.0,High (>75%),2.6666666666666665,Pass,Low Risk,75-100%
S19958,16.67,Low (<50%),3.5,Distinction,High Risk,0-25%
S19959,42.86,Low (<50%),1.3333333333333333,Fail,High Risk,25-50%
S19960,50.0,Medium (50-75%),1.0,Fail,High Risk,25-50%
S19961,80.0,High (>75%),2.0,Pass,Low Risk,75-100%
S19963,100.0,High (>75%),1.0,Fail,High Risk,75-100%
S19964,33.33,Low (<50%),1.6666666666666667,Pass,High Risk,25-50%
S19965,66.67,Medium (50-75%),3.25,Distinction,Low Risk,50-75%
S19966,60.0,Medium (50-75%),2.0,Pass,Low Risk,50-75%
S19967,100.0,High (>75%),2.0,Pass,Low Risk,75-100%
S19968,33.33,Low (<50%),1.5,Fail,High Risk,25-50%
S19969,20.0,Low (<50%),2.5,Pass,High Risk,0-25%
S19970,50.0,Medium (50-75%),2.25,Pass,Low Risk,25-50%
S19971,33.33,Low (<50%),2.6666666666666665,Pass,High Risk,25-50%
S19972,0.0,Low (<50%),0.5,Fail,High Risk,
S19973,75.0,High (>75%),1.6,Pass,Low Risk,50-75%
S19974,40.0,Low (<50%),3.5,Distinction,High Risk,25-50%
S19975,33.33,Low (<50%),2.75,Pass,High Risk,25-50%
S19976,100.0,High (>75%),1.5,Fail,Low Risk,75-100%
S19977,0.0,Low (<50%),0.6666666666666666,Fail,High Risk,
S19978,100.0,High (>75%),2.6666666666666665,Pass,Low Risk,75-100%
S19979,66.67,Medium (50-75%),2.6,Pass,Low Risk,50-75%
S19980,80.0,High (>75%),2.375,Pass,Low Risk,75-100%
S19981,83.33,High (>75%),2.3333333333333335,Pass,Low Risk,75-100%
S19982,57.14,Medium (50-75%),1.25,Fail,High Risk,50-75%
S19983,0.0,Low (<50%),1.5,Fail,High Risk,
S19984,100.0,High (>75%),2.4,Pass,Low Risk,75-100%
S19985,33.33,Low (<50%),1.9,Pass,High Risk,25-50%
S19986,80.0,High (>75%),4.0,Distinction,Low Risk,75-100%
S19987,100.0,High (>75%),1.8,Pass,Low Risk,75-100%
S19988,50.0,Medium (50-75%),3.0,Distinction,Low Risk,25-50%
S19989,100.0,High (>75%),3.0,Distinction,Low Risk,75-100%
S19990,60.0,Medium (50-75%),2.5,Pass,Low Risk,50-75%
S19991,66.67,Medium (50-75%),2.3333333333333335,Pass,Low Risk,50-75%
S19992,62.5,Medium (50-75%),2.0,Pass,Low Risk,50-75%
S19993,66.67,Medium (50-75%),1.0,Fail,High Risk,50-75%
S19994,100.0,High (>75%),2.5,Pass,Low Risk,75-100%
S19995,50.0,Medium (50-75%),1.0,Fail,High Risk,25-50%
S19996,100.0,High (>75%),2.6,Pass,Low Risk,75-100%
S19997,100.0,High (>75%),2.0,Pass,Low Risk,75-100%
S19998,75.0,High (>75%),2.0,Pass,Low Risk,50-75%
S19999,66.67,Medium (50-75%),0.5,Fail,High Risk,50-75%
